2026-05-19 09:06:17 E 46584 D:\home\apps\api\app\core\error.py:31 (http_exception_handler)	| HTTP异常: 'created_at'
Traceback (most recent call last):
  File "C:\Users\User\AppData\Local\Programs\Python\Python312\Lib\site-packages\starlette\middleware\errors.py", line 164, in __call__
    await self.app(scope, receive, _send)
  File "C:\Users\User\AppData\Local\Programs\Python\Python312\Lib\site-packages\starlette\middleware\cors.py", line 95, in __call__
    await self.simple_response(scope, receive, send, request_headers=headers)
  File "C:\Users\User\AppData\Local\Programs\Python\Python312\Lib\site-packages\starlette\middleware\cors.py", line 153, in simple_response
    await self.app(scope, receive, send)
  File "C:\Users\User\AppData\Local\Programs\Python\Python312\Lib\site-packages\starlette\middleware\exceptions.py", line 63, in __call__
    await wrap_app_handling_exceptions(self.app, conn)(scope, receive, send)
  File "C:\Users\User\AppData\Local\Programs\Python\Python312\Lib\site-packages\starlette\_exception_handler.py", line 53, in wrapped_app
    raise exc
  File "C:\Users\User\AppData\Local\Programs\Python\Python312\Lib\site-packages\starlette\_exception_handler.py", line 42, in wrapped_app
    await app(scope, receive, sender)
  File "C:\Users\User\AppData\Local\Programs\Python\Python312\Lib\site-packages\fastapi\middleware\asyncexitstack.py", line 18, in __call__
    await self.app(scope, receive, send)
  File "C:\Users\User\AppData\Local\Programs\Python\Python312\Lib\site-packages\starlette\routing.py", line 716, in __call__
    await self.middleware_stack(scope, receive, send)
  File "C:\Users\User\AppData\Local\Programs\Python\Python312\Lib\site-packages\starlette\routing.py", line 736, in app
    await route.handle(scope, receive, send)
  File "C:\Users\User\AppData\Local\Programs\Python\Python312\Lib\site-packages\starlette\routing.py", line 290, in handle
    await self.app(scope, receive, send)
  File "C:\Users\User\AppData\Local\Programs\Python\Python312\Lib\site-packages\fastapi\routing.py", line 130, in app
    await wrap_app_handling_exceptions(app, request)(scope, receive, send)
  File "C:\Users\User\AppData\Local\Programs\Python\Python312\Lib\site-packages\starlette\_exception_handler.py", line 53, in wrapped_app
    raise exc
  File "C:\Users\User\AppData\Local\Programs\Python\Python312\Lib\site-packages\starlette\_exception_handler.py", line 42, in wrapped_app
    await app(scope, receive, sender)
  File "C:\Users\User\AppData\Local\Programs\Python\Python312\Lib\site-packages\fastapi\routing.py", line 116, in app
    response = await f(request)
               ^^^^^^^^^^^^^^^^
  File "C:\Users\User\AppData\Local\Programs\Python\Python312\Lib\site-packages\fastapi\routing.py", line 670, in app
    raw_response = await run_endpoint_function(
                   ^^^^^^^^^^^^^^^^^^^^^^^^^^^^
  File "C:\Users\User\AppData\Local\Programs\Python\Python312\Lib\site-packages\fastapi\routing.py", line 324, in run_endpoint_function
    return await dependant.call(**values)
           ^^^^^^^^^^^^^^^^^^^^^^^^^^^^^^
  File "D:\home\apps\api\routers\permissions.py", line 96, in get_permissions
    "created_at": p["created_at"]
                  ~^^^^^^^^^^^^^^
KeyError: 'created_at'
2026-05-19 10:28:39 I 136936 D:\home\apps\api\utils\stock_api.py:65 (get_stock_info)	| [SinaAPI] Request: http://hq.sinajs.cn/list=sh601727, Status: 200
2026-05-19 10:28:39 I 136936 D:\home\apps\api\utils\stock_api.py:66 (get_stock_info)	| [SinaAPI] Response content: var hq_str_sh601727="上海电气,9.050,9.020,8.780,9.060,8.760,8.780,8.790,134141766,1188061176.000,1788300,8.780,1124900,8.770,2363650,8.760,1517300,8.750,263500,8.740,31200,8.790,176700,8.800,94000,8.810,8
2026-05-19 10:28:39 I 136936 D:\home\apps\api\utils\stock_api.py:65 (get_stock_info)	| [SinaAPI] Request: http://hq.sinajs.cn/list=sh601588, Status: 200
2026-05-19 10:28:39 I 136936 D:\home\apps\api\utils\stock_api.py:66 (get_stock_info)	| [SinaAPI] Response content: var hq_str_sh601588="北辰实业,1.930,1.930,1.930,1.970,1.910,1.920,1.930,15567900,30202202.000,764100,1.920,654600,1.910,689600,1.900,456700,1.890,1140000,1.880,596800,1.930,666300,1.940,536000,1.950,28210
2026-05-19 10:28:39 I 136936 D:\home\apps\api\utils\stock_api.py:65 (get_stock_info)	| [SinaAPI] Request: http://hq.sinajs.cn/list=sh601100, Status: 200
2026-05-19 10:28:39 I 136936 D:\home\apps\api\utils\stock_api.py:66 (get_stock_info)	| [SinaAPI] Response content: var hq_str_sh601100="恒立液压,114.500,113.550,111.390,115.500,111.250,111.380,111.390,3545299,400844570.000,600,111.380,14700,111.370,400,111.360,1500,111.350,100,111.340,2300,111.390,1600,111.430,900,111
2026-05-19 10:28:39 I 136936 D:\home\apps\api\utils\stock_api.py:65 (get_stock_info)	| [SinaAPI] Request: http://hq.sinajs.cn/list=sh601059, Status: 200
2026-05-19 10:28:39 I 136936 D:\home\apps\api\utils\stock_api.py:66 (get_stock_info)	| [SinaAPI] Response content: var hq_str_sh601059="信达证券,17.200,16.670,17.090,17.200,17.010,17.090,17.100,16013070,274228988.000,186400,17.090,132900,17.080,23200,17.070,136000,17.060,176500,17.050,8800,17.100,25000,17.110,40001,17
2026-05-19 10:28:39 I 136936 D:\home\apps\api\utils\stock_api.py:65 (get_stock_info)	| [SinaAPI] Request: http://hq.sinajs.cn/list=sh600999, Status: 200
2026-05-19 10:28:39 I 136936 D:\home\apps\api\utils\stock_api.py:66 (get_stock_info)	| [SinaAPI] Response content: var hq_str_sh600999="招商证券,16.090,16.180,16.350,16.460,16.050,16.340,16.350,35541154,580791567.000,58900,16.340,46900,16.330,108400,16.320,69200,16.310,128800,16.300,32100,16.350,43700,16.360,74300,16.
2026-05-19 10:28:39 I 136936 D:\home\apps\api\utils\stock_api.py:65 (get_stock_info)	| [SinaAPI] Request: http://hq.sinajs.cn/list=sh600936, Status: 200
2026-05-19 10:28:39 I 136936 D:\home\apps\api\utils\stock_api.py:66 (get_stock_info)	| [SinaAPI] Response content: var hq_str_sh600936="北投科技,5.250,5.310,5.840,5.840,5.250,5.840,0.000,57107160,327608690.000,20831700,5.840,112500,5.830,13000,5.820,3900,5.810,112000,5.800,0,0.000,0,0.000,0,0.000,0,0.000,0,0.000,2026-
2026-05-19 10:28:39 I 136936 D:\home\apps\api\utils\stock_api.py:65 (get_stock_info)	| [SinaAPI] Request: http://hq.sinajs.cn/list=sh600392, Status: 200
2026-05-19 10:28:39 I 136936 D:\home\apps\api\utils\stock_api.py:66 (get_stock_info)	| [SinaAPI] Response content: var hq_str_sh600392="盛和资源,23.950,24.050,22.820,23.990,22.810,22.810,22.820,32915344,764247002.000,53900,22.810,433500,22.800,21800,22.790,29900,22.780,40000,22.770,1700,22.820,200,22.830,2600,22.840,6
2026-05-19 10:28:39 I 136936 D:\home\apps\api\utils\stock_api.py:65 (get_stock_info)	| [SinaAPI] Request: http://hq.sinajs.cn/list=sh600369, Status: 200
2026-05-19 10:28:39 I 136936 D:\home\apps\api\utils\stock_api.py:66 (get_stock_info)	| [SinaAPI] Response content: var hq_str_sh600369="西南证券,4.050,4.040,4.090,4.110,4.040,4.080,4.090,17625400,72010939.000,70300,4.080,1003100,4.070,614900,4.060,520000,4.050,369200,4.040,749300,4.090,1276400,4.100,1035600,4.110,9497
2026-05-19 10:28:39 I 136936 D:\home\apps\api\utils\stock_api.py:65 (get_stock_info)	| [SinaAPI] Request: http://hq.sinajs.cn/list=sh600362, Status: 200
2026-05-19 10:28:39 I 136936 D:\home\apps\api\utils\stock_api.py:66 (get_stock_info)	| [SinaAPI] Response content: var hq_str_sh600362="江西铜业,45.110,45.440,43.420,45.190,43.370,43.420,43.430,21093202,932096904.000,1100,43.420,2300,43.410,8200,43.400,7000,43.390,21900,43.380,14600,43.430,800,43.440,7400,43.450,8900,
2026-05-19 10:28:39 I 136936 D:\home\apps\api\utils\stock_api.py:65 (get_stock_info)	| [SinaAPI] Request: http://hq.sinajs.cn/list=sh600256, Status: 200
2026-05-19 10:28:39 I 136936 D:\home\apps\api\utils\stock_api.py:66 (get_stock_info)	| [SinaAPI] Response content: var hq_str_sh600256="广汇能源,6.460,6.550,6.300,6.460,6.280,6.290,6.300,60458358,384099020.000,143300,6.290,628600,6.280,432400,6.270,556300,6.260,625400,6.250,368500,6.300,374200,6.310,170300,6.320,28270
2026-05-19 10:28:39 I 136936 D:\home\apps\api\utils\stock_api.py:65 (get_stock_info)	| [SinaAPI] Request: http://hq.sinajs.cn/list=sh600121, Status: 200
2026-05-19 10:28:39 I 136936 D:\home\apps\api\utils\stock_api.py:66 (get_stock_info)	| [SinaAPI] Response content: var hq_str_sh600121="郑州煤电,4.270,4.280,4.330,4.370,4.200,4.320,4.330,29554561,127620964.000,66500,4.320,338200,4.310,306400,4.300,139300,4.290,174800,4.280,207000,4.330,341400,4.340,656700,4.350,803600
2026-05-19 10:28:39 I 136936 D:\home\apps\api\utils\stock_api.py:65 (get_stock_info)	| [SinaAPI] Request: http://hq.sinajs.cn/list=sh600116, Status: 200
2026-05-19 10:28:39 I 136936 D:\home\apps\api\utils\stock_api.py:66 (get_stock_info)	| [SinaAPI] Response content: var hq_str_sh600116="三峡水利,6.770,6.770,6.940,6.970,6.710,6.940,6.950,21006426,144598331.000,136600,6.940,48900,6.930,89000,6.920,51100,6.910,87500,6.900,65100,6.950,288100,6.960,411400,6.970,515300,6.9
2026-05-19 10:28:39 I 136936 D:\home\apps\api\utils\stock_api.py:65 (get_stock_info)	| [SinaAPI] Request: http://hq.sinajs.cn/list=sh600111, Status: 200
2026-05-19 10:28:39 I 136936 D:\home\apps\api\utils\stock_api.py:66 (get_stock_info)	| [SinaAPI] Response content: var hq_str_sh600111="北方稀土,51.200,51.700,49.530,51.580,49.500,49.520,49.530,59524132,2987767298.000,600,49.520,26100,49.510,568700,49.500,85100,49.490,29400,49.480,3200,49.530,27600,49.540,37200,49.550
2026-05-19 10:28:39 I 136936 D:\home\apps\api\utils\stock_api.py:65 (get_stock_info)	| [SinaAPI] Request: http://hq.sinajs.cn/list=sh600082, Status: 200
2026-05-19 10:28:39 I 136936 D:\home\apps\api\utils\stock_api.py:66 (get_stock_info)	| [SinaAPI] Response content: var hq_str_sh600082="ST海泰,3.810,3.800,3.840,3.940,3.810,3.840,3.850,8611260,33387725.000,47500,3.840,152500,3.830,172400,3.820,189600,3.810,141300,3.800,27400,3.850,80400,3.860,63600,3.870,25200,3.880
2026-05-19 10:28:39 I 136936 D:\home\apps\api\utils\stock_api.py:65 (get_stock_info)	| [SinaAPI] Request: http://hq.sinajs.cn/list=sh600081, Status: 200
2026-05-19 10:28:39 I 136936 D:\home\apps\api\utils\stock_api.py:66 (get_stock_info)	| [SinaAPI] Response content: var hq_str_sh600081="东风科技,12.300,12.400,12.410,12.860,12.300,12.410,12.430,6947770,86998546.000,8600,12.410,24100,12.400,1200,12.390,6200,12.380,16100,12.370,3100,12.430,4400,12.440,5700,12.450,4000,1
2026-05-19 10:28:39 I 136936 D:\home\apps\api\utils\stock_api.py:65 (get_stock_info)	| [SinaAPI] Request: http://hq.sinajs.cn/list=sh600031, Status: 200
2026-05-19 10:28:39 I 136936 D:\home\apps\api\utils\stock_api.py:66 (get_stock_info)	| [SinaAPI] Response content: var hq_str_sh600031="三一重工,19.520,19.390,19.030,19.560,19.020,19.020,19.030,31390030,603689239.000,114400,19.020,456800,19.010,1245400,19.000,71300,18.990,50700,18.980,4300,19.030,35024,19.040,10900,19
2026-05-19 10:28:39 I 136936 D:\home\apps\api\utils\stock_api.py:65 (get_stock_info)	| [SinaAPI] Request: http://hq.sinajs.cn/list=sz002441, Status: 200
2026-05-19 10:28:39 I 136936 D:\home\apps\api\utils\stock_api.py:66 (get_stock_info)	| [SinaAPI] Response content: var hq_str_sz002441="众业达,10.190,10.210,10.290,10.390,10.150,10.280,10.290,3268700,33686367.000,1300,10.280,7800,10.270,9800,10.260,12300,10.250,29100,10.240,2500,10.290,3600,10.300,1500,10.310,5400,10
2026-05-19 10:28:40 I 136936 D:\home\apps\api\utils\stock_api.py:65 (get_stock_info)	| [SinaAPI] Request: http://hq.sinajs.cn/list=sz002424, Status: 200
2026-05-19 10:28:40 I 136936 D:\home\apps\api\utils\stock_api.py:66 (get_stock_info)	| [SinaAPI] Response content: var hq_str_sz002424="ST百灵,4.940,4.860,4.910,5.020,4.900,4.900,4.910,4428500,21893910.000,63100,4.900,203100,4.890,266900,4.880,117200,4.870,75700,4.860,57100,4.910,41800,4.920,87700,4.930,104900,4.940
2026-05-19 10:28:40 I 136936 D:\home\apps\api\utils\stock_api.py:65 (get_stock_info)	| [SinaAPI] Request: http://hq.sinajs.cn/list=sz002408, Status: 200
2026-05-19 10:28:40 I 136936 D:\home\apps\api\utils\stock_api.py:66 (get_stock_info)	| [SinaAPI] Response content: var hq_str_sz002408="齐翔腾达,5.790,5.810,5.690,5.800,5.680,5.680,5.690,10876260,62286164.850,381900,5.680,140700,5.670,252400,5.660,291600,5.650,57700,5.640,13100,5.690,120982,5.700,67350,5.710,142000,5.
2026-05-19 10:28:40 I 136936 D:\home\apps\api\utils\stock_api.py:65 (get_stock_info)	| [SinaAPI] Request: http://hq.sinajs.cn/list=sz002400, Status: 200
2026-05-19 10:28:40 I 136936 D:\home\apps\api\utils\stock_api.py:66 (get_stock_info)	| [SinaAPI] Response content: var hq_str_sz002400="省广集团,8.900,8.950,9.130,9.300,8.870,9.120,9.130,86017312,788977237.700,42800,9.120,266200,9.110,605800,9.100,217200,9.090,183700,9.080,64900,9.130,58600,9.140,31800,9.150,66500,9.1
2026-05-19 10:28:40 I 136936 D:\home\apps\api\utils\stock_api.py:65 (get_stock_info)	| [SinaAPI] Request: http://hq.sinajs.cn/list=sz002390, Status: 200
2026-05-19 10:28:40 I 136936 D:\home\apps\api\utils\stock_api.py:66 (get_stock_info)	| [SinaAPI] Response content: var hq_str_sz002390="信邦制药,3.150,3.150,3.180,3.190,3.150,3.170,3.180,8669034,27541467.710,798500,3.170,643100,3.160,770300,3.150,171500,3.140,226400,3.130,183600,3.180,1122800,3.190,1071700,3.200,30370
2026-05-19 10:28:40 I 136936 D:\home\apps\api\utils\stock_api.py:65 (get_stock_info)	| [SinaAPI] Request: http://hq.sinajs.cn/list=sz002378, Status: 200
2026-05-19 10:28:40 I 136936 D:\home\apps\api\utils\stock_api.py:66 (get_stock_info)	| [SinaAPI] Response content: var hq_str_sz002378="章源钨业,29.950,29.950,27.800,30.000,27.760,27.800,27.810,33044249,943668295.960,700,27.800,6000,27.790,25000,27.780,14200,27.770,7600,27.760,5800,27.810,3700,27.820,1100,27.830,3100,
2026-05-19 10:28:40 I 136936 D:\home\apps\api\utils\stock_api.py:65 (get_stock_info)	| [SinaAPI] Request: http://hq.sinajs.cn/list=sz002374, Status: 200
2026-05-19 10:28:40 I 136936 D:\home\apps\api\utils\stock_api.py:66 (get_stock_info)	| [SinaAPI] Response content: var hq_str_sz002374="中锐股份,3.700,3.910,3.850,3.970,3.660,3.850,3.860,80099443,306225821.590,28600,3.850,14900,3.840,52600,3.830,71534,3.820,224600,3.810,105200,3.860,52600,3.870,30800,3.880,109000,3.89
2026-05-19 10:28:40 I 136936 D:\home\apps\api\utils\stock_api.py:65 (get_stock_info)	| [SinaAPI] Request: http://hq.sinajs.cn/list=sz002372, Status: 200
2026-05-19 10:28:40 I 136936 D:\home\apps\api\utils\stock_api.py:66 (get_stock_info)	| [SinaAPI] Response content: var hq_str_sz002372="伟星新材,10.210,10.210,10.200,10.260,10.150,10.200,10.210,2263900,23109964.000,1300,10.200,15100,10.190,15200,10.180,23300,10.170,28900,10.160,5100,10.210,13400,10.220,15700,10.230,13
2026-05-19 10:28:40 I 136936 D:\home\apps\api\utils\stock_api.py:65 (get_stock_info)	| [SinaAPI] Request: http://hq.sinajs.cn/list=sz002357, Status: 200
2026-05-19 10:28:40 I 136936 D:\home\apps\api\utils\stock_api.py:66 (get_stock_info)	| [SinaAPI] Response content: var hq_str_sz002357="富临运业,11.270,11.270,11.190,11.530,11.180,11.180,11.190,3445000,39086437.000,10100,11.180,3300,11.170,4600,11.160,2200,11.150,5800,11.140,9800,11.190,7800,11.200,18200,11.210,4400,1
2026-05-19 10:28:40 I 136936 D:\home\apps\api\utils\stock_api.py:65 (get_stock_info)	| [SinaAPI] Request: http://hq.sinajs.cn/list=sz002330, Status: 200
2026-05-19 10:28:40 I 136936 D:\home\apps\api\utils\stock_api.py:66 (get_stock_info)	| [SinaAPI] Response content: var hq_str_sz002330="得利斯,4.530,4.520,4.510,4.580,4.510,4.510,4.520,4814400,21910426.000,52900,4.510,59600,4.500,45500,4.490,176400,4.480,51200,4.470,45500,4.520,53900,4.530,54600,4.540,33300,4.550,590
2026-05-19 10:28:40 I 136936 D:\home\apps\api\utils\stock_api.py:65 (get_stock_info)	| [SinaAPI] Request: http://hq.sinajs.cn/list=sz002303, Status: 200
2026-05-19 10:28:40 I 136936 D:\home\apps\api\utils\stock_api.py:66 (get_stock_info)	| [SinaAPI] Response content: var hq_str_sz002303="美盈森,3.540,3.540,3.530,3.560,3.500,3.520,3.530,5872000,20756214.000,371900,3.520,332700,3.510,591100,3.500,165900,3.490,304100,3.480,5900,3.530,118500,3.540,176500,3.550,538100,3.5
2026-05-19 10:28:40 I 136936 D:\home\apps\api\utils\stock_api.py:65 (get_stock_info)	| [SinaAPI] Request: http://hq.sinajs.cn/list=sz002282, Status: 200
2026-05-19 10:28:40 I 136936 D:\home\apps\api\utils\stock_api.py:66 (get_stock_info)	| [SinaAPI] Response content: var hq_str_sz002282="博深股份,6.500,6.460,6.530,6.610,6.470,6.530,6.540,1967900,12919890.000,38800,6.530,68800,6.520,46300,6.510,16900,6.500,2900,6.490,24800,6.540,17300,6.550,28920,6.560,24100,6.570,3790
2026-05-19 10:28:40 I 136936 D:\home\apps\api\utils\stock_api.py:65 (get_stock_info)	| [SinaAPI] Request: http://hq.sinajs.cn/list=sz002275, Status: 200
2026-05-19 10:28:40 I 136936 D:\home\apps\api\utils\stock_api.py:66 (get_stock_info)	| [SinaAPI] Response content: var hq_str_sz002275="桂林三金,13.750,13.750,13.870,13.910,13.710,13.850,13.870,808300,11192777.000,4900,13.850,13300,13.840,7300,13.830,4500,13.820,5000,13.810,400,13.870,34200,13.880,2200,13.890,5700,13.
2026-05-19 10:28:40 I 136936 D:\home\apps\api\utils\stock_api.py:65 (get_stock_info)	| [SinaAPI] Request: http://hq.sinajs.cn/list=sz002264, Status: 200
2026-05-19 10:28:40 I 136936 D:\home\apps\api\utils\stock_api.py:66 (get_stock_info)	| [SinaAPI] Response content: var hq_str_sz002264="新 华 都,7.600,7.600,7.630,7.730,7.550,7.620,7.630,6440203,49367619.800,35500,7.620,76700,7.610,90400,7.600,18200,7.590,62300,7.580,47600,7.630,27200,7.640,48900,7.650,65100,7.660,14
2026-05-19 10:28:40 I 136936 D:\home\apps\api\utils\stock_api.py:65 (get_stock_info)	| [SinaAPI] Request: http://hq.sinajs.cn/list=sz002175, Status: 200
2026-05-19 10:28:40 I 136936 D:\home\apps\api\utils\stock_api.py:66 (get_stock_info)	| [SinaAPI] Response content: var hq_str_sz002175="*ST东智,2.680,2.820,2.680,2.680,2.680,0.000,2.680,11687800,31323304.000,0,0.000,0,0.000,0,0.000,0,0.000,0,0.000,58754543,2.680,79700,2.690,125800,2.700,157900,2.710,39700,2.720,2026
2026-05-19 10:28:40 I 136936 D:\home\apps\api\utils\stock_api.py:65 (get_stock_info)	| [SinaAPI] Request: http://hq.sinajs.cn/list=sz002174, Status: 200
2026-05-19 10:28:40 I 136936 D:\home\apps\api\utils\stock_api.py:66 (get_stock_info)	| [SinaAPI] Response content: var hq_str_sz002174="游族网络,11.710,11.760,11.740,12.090,11.620,11.720,11.730,22688000,268661379.210,22900,11.720,45700,11.710,164200,11.700,9100,11.690,52800,11.680,37200,11.730,18400,11.740,25700,11.75
2026-05-19 10:28:40 I 136936 D:\home\apps\api\utils\stock_api.py:65 (get_stock_info)	| [SinaAPI] Request: http://hq.sinajs.cn/list=sz002157, Status: 200
2026-05-19 10:28:40 I 136936 D:\home\apps\api\utils\stock_api.py:66 (get_stock_info)	| [SinaAPI] Response content: var hq_str_sz002157="正邦科技,3.330,3.320,3.280,3.360,3.230,3.280,3.290,126103100,413980345.000,300500,3.280,1186000,3.270,1372700,3.260,2056800,3.250,3235500,3.240,1192800,3.290,2048600,3.300,980000,3.31
2026-05-19 10:28:40 I 136936 D:\home\apps\api\utils\stock_api.py:65 (get_stock_info)	| [SinaAPI] Request: http://hq.sinajs.cn/list=sz002129, Status: 200
2026-05-19 10:28:40 I 136936 D:\home\apps\api\utils\stock_api.py:66 (get_stock_info)	| [SinaAPI] Response content: var hq_str_sz002129="TCL中环,9.380,9.360,9.480,9.630,9.240,9.470,9.480,73722320,695580274.550,45900,9.470,181000,9.460,95300,9.450,89500,9.440,22000,9.430,19700,9.480,224600,9.490,41800,9.500,69600,9.51
2026-05-19 10:28:40 I 136936 D:\home\apps\api\utils\stock_api.py:65 (get_stock_info)	| [SinaAPI] Request: http://hq.sinajs.cn/list=sz002067, Status: 200
2026-05-19 10:28:40 I 136936 D:\home\apps\api\utils\stock_api.py:66 (get_stock_info)	| [SinaAPI] Response content: var hq_str_sz002067="景兴纸业,5.280,4.800,5.280,5.280,5.210,5.280,0.000,76748462,405168547.360,36760916,5.280,231800,5.270,223400,5.260,88900,5.250,138900,5.240,0,0.000,0,0.000,0,0.000,0,0.000,0,0.000,202
2026-05-19 10:28:40 I 136936 D:\home\apps\api\utils\stock_api.py:65 (get_stock_info)	| [SinaAPI] Request: http://hq.sinajs.cn/list=sz002044, Status: 200
2026-05-19 10:28:40 I 136936 D:\home\apps\api\utils\stock_api.py:66 (get_stock_info)	| [SinaAPI] Response content: var hq_str_sz002044="美年健康,6.140,6.120,6.380,6.730,6.120,6.380,6.390,288233406,1871708330.690,447100,6.380,565600,6.370,784500,6.360,663600,6.350,303100,6.340,555300,6.390,1312100,6.400,198920,6.410,25
2026-05-19 10:28:40 I 136936 D:\home\apps\api\utils\stock_api.py:65 (get_stock_info)	| [SinaAPI] Request: http://hq.sinajs.cn/list=sz002043, Status: 200
2026-05-19 10:28:40 I 136936 D:\home\apps\api\utils\stock_api.py:66 (get_stock_info)	| [SinaAPI] Response content: var hq_str_sz002043="兔 宝 宝,13.500,13.720,13.790,13.890,13.330,13.780,13.790,6015643,82491800.810,22000,13.780,3400,13.770,34100,13.760,2700,13.750,3000,13.740,8800,13.790,3000,13.800,5000,13.810,5300,
2026-05-19 10:28:40 I 136936 D:\home\apps\api\utils\stock_api.py:65 (get_stock_info)	| [SinaAPI] Request: http://hq.sinajs.cn/list=sz000786, Status: 200
2026-05-19 10:28:40 I 136936 D:\home\apps\api\utils\stock_api.py:66 (get_stock_info)	| [SinaAPI] Response content: var hq_str_sz000786="北新建材,24.630,24.610,24.590,24.740,24.530,24.590,24.600,3840100,94565758.000,8300,24.590,46200,24.580,65600,24.570,37200,24.560,82700,24.550,11700,24.600,7600,24.610,4700,24.620,131
2026-05-19 10:28:40 I 136936 D:\home\apps\api\utils\stock_api.py:65 (get_stock_info)	| [SinaAPI] Request: http://hq.sinajs.cn/list=sz000750, Status: 200
2026-05-19 10:28:40 I 136936 D:\home\apps\api\utils\stock_api.py:66 (get_stock_info)	| [SinaAPI] Response content: var hq_str_sz000750="国海证券,3.790,3.800,3.810,3.850,3.790,3.810,3.820,20431980,78157061.820,1237500,3.810,983900,3.800,1253600,3.790,1026600,3.780,1020500,3.770,226700,3.820,876800,3.830,1062700,3.840,1
2026-05-19 10:28:40 I 136936 D:\home\apps\api\utils\stock_api.py:65 (get_stock_info)	| [SinaAPI] Request: http://hq.sinajs.cn/list=sz000709, Status: 200
2026-05-19 10:28:40 I 136936 D:\home\apps\api\utils\stock_api.py:66 (get_stock_info)	| [SinaAPI] Response content: var hq_str_sz000709="河钢股份,2.240,2.240,2.250,2.260,2.230,2.240,2.250,27578125,62048597.730,11118503,2.240,5636300,2.230,6203600,2.220,2589800,2.210,3751800,2.200,1739500,2.250,7149310,2.260,5453897,2.2
2026-05-19 10:28:40 I 136936 D:\home\apps\api\utils\stock_api.py:65 (get_stock_info)	| [SinaAPI] Request: http://hq.sinajs.cn/list=sz000166, Status: 200
2026-05-19 10:28:40 I 136936 D:\home\apps\api\utils\stock_api.py:66 (get_stock_info)	| [SinaAPI] Response content: var hq_str_sz000166="申万宏源,4.460,4.470,4.500,4.520,4.450,4.490,4.500,36507344,164063346.010,2122220,4.490,1917500,4.480,1729700,4.470,1032300,4.460,1691300,4.450,149100,4.500,2188300,4.510,2778050,4.52
2026-05-19 10:28:40 I 136936 D:\home\apps\api\utils\stock_api.py:65 (get_stock_info)	| [SinaAPI] Request: http://hq.sinajs.cn/list=sz000069, Status: 200
2026-05-19 10:28:40 I 136936 D:\home\apps\api\utils\stock_api.py:66 (get_stock_info)	| [SinaAPI] Response content: var hq_str_sz000069="华侨城Ａ,2.070,2.070,2.080,2.100,2.060,2.070,2.080,16364333,33982250.640,864700,2.070,1218600,2.060,1259200,2.050,963500,2.040,1248500,2.030,2111800,2.080,1732300,2.090,2011600,2.100,
2026-05-19 10:28:42 I 136936 D:\home\apps\api\utils\stock_api.py:65 (get_stock_info)	| [SinaAPI] Request: http://hq.sinajs.cn/list=sh601727, Status: 200
2026-05-19 10:28:42 I 136936 D:\home\apps\api\utils\stock_api.py:66 (get_stock_info)	| [SinaAPI] Response content: var hq_str_sh601727="上海电气,9.050,9.020,8.780,9.060,8.760,8.780,8.790,134159066,1188213129.000,1778600,8.780,1130900,8.770,2365150,8.760,1514700,8.750,264500,8.740,27400,8.790,175900,8.800,95000,8.810,8
2026-05-19 10:28:42 I 136936 D:\home\apps\api\utils\stock_api.py:65 (get_stock_info)	| [SinaAPI] Request: http://hq.sinajs.cn/list=sh601588, Status: 200
2026-05-19 10:28:42 I 136936 D:\home\apps\api\utils\stock_api.py:66 (get_stock_info)	| [SinaAPI] Response content: var hq_str_sh601588="北辰实业,1.930,1.930,1.930,1.970,1.910,1.920,1.930,15567900,30202202.000,764100,1.920,654600,1.910,689600,1.900,456700,1.890,1140000,1.880,596800,1.930,666300,1.940,536000,1.950,28210
2026-05-19 10:28:42 I 136936 D:\home\apps\api\utils\stock_api.py:65 (get_stock_info)	| [SinaAPI] Request: http://hq.sinajs.cn/list=sh601100, Status: 200
2026-05-19 10:28:42 I 136936 D:\home\apps\api\utils\stock_api.py:66 (get_stock_info)	| [SinaAPI] Response content: var hq_str_sh601100="恒立液压,114.500,113.550,111.380,115.500,111.250,111.370,111.390,3547599,401100759.000,14700,111.370,400,111.360,1600,111.350,400,111.340,200,111.330,2200,111.390,1600,111.430,800,111
2026-05-19 10:28:42 I 136936 D:\home\apps\api\utils\stock_api.py:65 (get_stock_info)	| [SinaAPI] Request: http://hq.sinajs.cn/list=sh601059, Status: 200
2026-05-19 10:28:42 I 136936 D:\home\apps\api\utils\stock_api.py:66 (get_stock_info)	| [SinaAPI] Response content: var hq_str_sh601059="信达证券,17.200,16.670,17.090,17.200,17.010,17.090,17.100,16013070,274228988.000,188400,17.090,132900,17.080,23200,17.070,136000,17.060,176500,17.050,15700,17.100,25000,17.110,40001,1
2026-05-19 10:28:42 I 136936 D:\home\apps\api\utils\stock_api.py:65 (get_stock_info)	| [SinaAPI] Request: http://hq.sinajs.cn/list=sh600999, Status: 200
2026-05-19 10:28:42 I 136936 D:\home\apps\api\utils\stock_api.py:66 (get_stock_info)	| [SinaAPI] Response content: var hq_str_sh600999="招商证券,16.090,16.180,16.350,16.460,16.050,16.340,16.350,35547354,580892876.000,53300,16.340,48900,16.330,108400,16.320,71200,16.310,130600,16.300,54600,16.350,43700,16.360,74300,16.
2026-05-19 10:28:42 I 136936 D:\home\apps\api\utils\stock_api.py:65 (get_stock_info)	| [SinaAPI] Request: http://hq.sinajs.cn/list=sh600936, Status: 200
2026-05-19 10:28:42 I 136936 D:\home\apps\api\utils\stock_api.py:66 (get_stock_info)	| [SinaAPI] Response content: var hq_str_sh600936="北投科技,5.250,5.310,5.840,5.840,5.250,5.840,0.000,57107360,327609858.000,20830300,5.840,112500,5.830,13000,5.820,3900,5.810,112000,5.800,0,0.000,0,0.000,0,0.000,0,0.000,0,0.000,2026-
2026-05-19 10:28:42 I 136936 D:\home\apps\api\utils\stock_api.py:65 (get_stock_info)	| [SinaAPI] Request: http://hq.sinajs.cn/list=sh600392, Status: 200
2026-05-19 10:28:42 I 136936 D:\home\apps\api\utils\stock_api.py:66 (get_stock_info)	| [SinaAPI] Response content: var hq_str_sh600392="盛和资源,23.950,24.050,22.820,23.990,22.810,22.810,22.820,32920344,764361062.000,52300,22.810,440000,22.800,18700,22.790,29600,22.780,40000,22.770,10100,22.820,700,22.830,2700,22.840,
2026-05-19 10:28:42 I 136936 D:\home\apps\api\utils\stock_api.py:65 (get_stock_info)	| [SinaAPI] Request: http://hq.sinajs.cn/list=sh600369, Status: 200
2026-05-19 10:28:42 I 136936 D:\home\apps\api\utils\stock_api.py:66 (get_stock_info)	| [SinaAPI] Response content: var hq_str_sh600369="西南证券,4.050,4.040,4.080,4.110,4.040,4.080,4.090,17630400,72031339.000,69600,4.080,1003100,4.070,614900,4.060,520000,4.050,369200,4.040,750600,4.090,1274400,4.100,1034600,4.110,9497
2026-05-19 10:28:42 I 136936 D:\home\apps\api\utils\stock_api.py:65 (get_stock_info)	| [SinaAPI] Request: http://hq.sinajs.cn/list=sh600362, Status: 200
2026-05-19 10:28:42 I 136936 D:\home\apps\api\utils\stock_api.py:66 (get_stock_info)	| [SinaAPI] Response content: var hq_str_sh600362="江西铜业,45.110,45.440,43.420,45.190,43.370,43.410,43.420,21102302,932492034.000,2700,43.410,8700,43.400,7100,43.390,25200,43.380,11600,43.370,3100,43.420,13800,43.430,800,43.440,7400
2026-05-19 10:28:42 I 136936 D:\home\apps\api\utils\stock_api.py:65 (get_stock_info)	| [SinaAPI] Request: http://hq.sinajs.cn/list=sh600256, Status: 200
2026-05-19 10:28:42 I 136936 D:\home\apps\api\utils\stock_api.py:66 (get_stock_info)	| [SinaAPI] Response content: var hq_str_sh600256="广汇能源,6.460,6.550,6.290,6.460,6.280,6.290,6.300,60462358,384124185.000,127000,6.290,628600,6.280,432400,6.270,557300,6.260,625400,6.250,362600,6.300,374200,6.310,170300,6.320,28270
2026-05-19 10:28:42 I 136936 D:\home\apps\api\utils\stock_api.py:65 (get_stock_info)	| [SinaAPI] Request: http://hq.sinajs.cn/list=sh600121, Status: 200
2026-05-19 10:28:42 I 136936 D:\home\apps\api\utils\stock_api.py:66 (get_stock_info)	| [SinaAPI] Response content: var hq_str_sh600121="郑州煤电,4.270,4.280,4.330,4.370,4.200,4.320,4.330,29605361,127840427.000,17300,4.320,258500,4.310,306400,4.300,139300,4.290,121900,4.280,206000,4.330,341400,4.340,656700,4.350,803600
2026-05-19 10:28:42 I 136936 D:\home\apps\api\utils\stock_api.py:65 (get_stock_info)	| [SinaAPI] Request: http://hq.sinajs.cn/list=sh600116, Status: 200
2026-05-19 10:28:42 I 136936 D:\home\apps\api\utils\stock_api.py:66 (get_stock_info)	| [SinaAPI] Response content: var hq_str_sh600116="三峡水利,6.770,6.770,6.940,6.970,6.710,6.940,6.950,21008926,144615681.000,133100,6.940,43900,6.930,89000,6.920,51100,6.910,87500,6.900,71600,6.950,288300,6.960,411200,6.970,515300,6.9
2026-05-19 10:28:42 I 136936 D:\home\apps\api\utils\stock_api.py:65 (get_stock_info)	| [SinaAPI] Request: http://hq.sinajs.cn/list=sh600111, Status: 200
2026-05-19 10:28:42 I 136936 D:\home\apps\api\utils\stock_api.py:66 (get_stock_info)	| [SinaAPI] Response content: var hq_str_sh600111="北方稀土,51.200,51.700,49.530,51.580,49.500,49.530,49.540,59598032,2991427375.000,1100,49.530,5200,49.520,31800,49.510,576800,49.500,85400,49.490,14300,49.540,36100,49.550,9400,49.560
2026-05-19 10:28:42 I 136936 D:\home\apps\api\utils\stock_api.py:65 (get_stock_info)	| [SinaAPI] Request: http://hq.sinajs.cn/list=sh600082, Status: 200
2026-05-19 10:28:42 I 136936 D:\home\apps\api\utils\stock_api.py:66 (get_stock_info)	| [SinaAPI] Response content: var hq_str_sh600082="ST海泰,3.810,3.800,3.840,3.940,3.810,3.840,3.850,8611260,33387725.000,47500,3.840,152500,3.830,122400,3.820,189600,3.810,141300,3.800,27400,3.850,80400,3.860,63600,3.870,25200,3.880
2026-05-19 10:28:42 I 136936 D:\home\apps\api\utils\stock_api.py:65 (get_stock_info)	| [SinaAPI] Request: http://hq.sinajs.cn/list=sh600081, Status: 200
2026-05-19 10:28:42 I 136936 D:\home\apps\api\utils\stock_api.py:66 (get_stock_info)	| [SinaAPI] Response content: var hq_str_sh600081="东风科技,12.300,12.400,12.410,12.860,12.300,12.410,12.430,6948570,87008474.000,7800,12.410,24100,12.400,2400,12.390,6200,12.380,16100,12.370,3100,12.430,4400,12.440,5700,12.450,3700,1
2026-05-19 10:28:42 I 136936 D:\home\apps\api\utils\stock_api.py:65 (get_stock_info)	| [SinaAPI] Request: http://hq.sinajs.cn/list=sh600031, Status: 200
2026-05-19 10:28:42 I 136936 D:\home\apps\api\utils\stock_api.py:66 (get_stock_info)	| [SinaAPI] Response content: var hq_str_sh600031="三一重工,19.520,19.390,19.020,19.560,19.020,19.020,19.030,31403530,603946012.000,203200,19.020,461800,19.010,1218800,19.000,121300,18.990,50000,18.980,7100,19.030,35024,19.040,10900,1
2026-05-19 10:28:42 I 136936 D:\home\apps\api\utils\stock_api.py:65 (get_stock_info)	| [SinaAPI] Request: http://hq.sinajs.cn/list=sz002441, Status: 200
2026-05-19 10:28:42 I 136936 D:\home\apps\api\utils\stock_api.py:66 (get_stock_info)	| [SinaAPI] Response content: var hq_str_sz002441="众业达,10.190,10.210,10.280,10.390,10.150,10.280,10.290,3269600,33695619.000,600,10.280,7800,10.270,9800,10.260,12300,10.250,29100,10.240,2500,10.290,2600,10.300,1500,10.310,5400,10.
2026-05-19 10:28:42 I 136936 D:\home\apps\api\utils\stock_api.py:65 (get_stock_info)	| [SinaAPI] Request: http://hq.sinajs.cn/list=sz002424, Status: 200
2026-05-19 10:28:42 I 136936 D:\home\apps\api\utils\stock_api.py:66 (get_stock_info)	| [SinaAPI] Response content: var hq_str_sz002424="ST百灵,4.940,4.860,4.910,5.020,4.900,4.900,4.910,4428500,21893910.000,63100,4.900,203100,4.890,266900,4.880,117200,4.870,75700,4.860,57100,4.910,41800,4.920,87700,4.930,104900,4.940
2026-05-19 10:28:42 I 136936 D:\home\apps\api\utils\stock_api.py:65 (get_stock_info)	| [SinaAPI] Request: http://hq.sinajs.cn/list=sz002408, Status: 200
2026-05-19 10:28:42 I 136936 D:\home\apps\api\utils\stock_api.py:66 (get_stock_info)	| [SinaAPI] Response content: var hq_str_sz002408="齐翔腾达,5.790,5.810,5.690,5.800,5.680,5.680,5.690,10876260,62286164.850,381900,5.680,140700,5.670,252400,5.660,291600,5.650,57700,5.640,13100,5.690,120982,5.700,67350,5.710,142000,5.
2026-05-19 10:28:42 I 136936 D:\home\apps\api\utils\stock_api.py:65 (get_stock_info)	| [SinaAPI] Request: http://hq.sinajs.cn/list=sz002400, Status: 200
2026-05-19 10:28:42 I 136936 D:\home\apps\api\utils\stock_api.py:66 (get_stock_info)	| [SinaAPI] Response content: var hq_str_sz002400="省广集团,8.900,8.950,9.120,9.300,8.870,9.120,9.130,86021012,789010988.700,51500,9.120,266200,9.110,605800,9.100,217200,9.090,183700,9.080,64700,9.130,58600,9.140,31800,9.150,66500,9.1
2026-05-19 10:28:42 I 136936 D:\home\apps\api\utils\stock_api.py:65 (get_stock_info)	| [SinaAPI] Request: http://hq.sinajs.cn/list=sz002390, Status: 200
2026-05-19 10:28:42 I 136936 D:\home\apps\api\utils\stock_api.py:66 (get_stock_info)	| [SinaAPI] Response content: var hq_str_sz002390="信邦制药,3.150,3.150,3.180,3.190,3.150,3.170,3.180,8669234,27542103.710,800300,3.170,643100,3.160,770300,3.150,171500,3.140,226400,3.130,183500,3.180,1122800,3.190,1071700,3.200,30370
2026-05-19 10:28:42 I 136936 D:\home\apps\api\utils\stock_api.py:65 (get_stock_info)	| [SinaAPI] Request: http://hq.sinajs.cn/list=sz002378, Status: 200
2026-05-19 10:28:42 I 136936 D:\home\apps\api\utils\stock_api.py:66 (get_stock_info)	| [SinaAPI] Response content: var hq_str_sz002378="章源钨业,29.950,29.950,27.790,30.000,27.760,27.790,27.800,33090749,944960292.960,100,27.790,500,27.780,13400,27.770,7700,27.760,17600,27.750,9800,27.800,3700,27.810,3700,27.820,1100,2
2026-05-19 10:28:43 I 136936 D:\home\apps\api\utils\stock_api.py:65 (get_stock_info)	| [SinaAPI] Request: http://hq.sinajs.cn/list=sz002374, Status: 200
2026-05-19 10:28:43 I 136936 D:\home\apps\api\utils\stock_api.py:66 (get_stock_info)	| [SinaAPI] Response content: var hq_str_sz002374="中锐股份,3.700,3.910,3.850,3.970,3.660,3.850,3.860,80122043,306312831.590,6100,3.850,14900,3.840,52600,3.830,71534,3.820,224600,3.810,103100,3.860,170100,3.870,30800,3.880,109000,3.89
2026-05-19 10:28:43 I 136936 D:\home\apps\api\utils\stock_api.py:65 (get_stock_info)	| [SinaAPI] Request: http://hq.sinajs.cn/list=sz002372, Status: 200
2026-05-19 10:28:43 I 136936 D:\home\apps\api\utils\stock_api.py:66 (get_stock_info)	| [SinaAPI] Response content: var hq_str_sz002372="伟星新材,10.210,10.210,10.200,10.260,10.150,10.200,10.210,2264100,23112004.000,1100,10.200,15100,10.190,15200,10.180,23300,10.170,28900,10.160,5200,10.210,13400,10.220,15700,10.230,13
2026-05-19 10:28:43 I 136936 D:\home\apps\api\utils\stock_api.py:65 (get_stock_info)	| [SinaAPI] Request: http://hq.sinajs.cn/list=sz002357, Status: 200
2026-05-19 10:28:43 I 136936 D:\home\apps\api\utils\stock_api.py:66 (get_stock_info)	| [SinaAPI] Response content: var hq_str_sz002357="富临运业,11.270,11.270,11.190,11.530,11.180,11.190,11.200,3455200,39200575.000,8500,11.190,9200,11.180,3300,11.170,4600,11.160,2200,11.150,7500,11.200,18200,11.210,4400,11.220,400,11.
2026-05-19 10:28:43 I 136936 D:\home\apps\api\utils\stock_api.py:65 (get_stock_info)	| [SinaAPI] Request: http://hq.sinajs.cn/list=sz002330, Status: 200
2026-05-19 10:28:43 I 136936 D:\home\apps\api\utils\stock_api.py:66 (get_stock_info)	| [SinaAPI] Response content: var hq_str_sz002330="得利斯,4.530,4.520,4.510,4.580,4.510,4.510,4.520,4814400,21910426.000,52900,4.510,59600,4.500,45500,4.490,176400,4.480,51200,4.470,45600,4.520,53900,4.530,54600,4.540,33300,4.550,590
2026-05-19 10:28:43 I 136936 D:\home\apps\api\utils\stock_api.py:65 (get_stock_info)	| [SinaAPI] Request: http://hq.sinajs.cn/list=sz002303, Status: 200
2026-05-19 10:28:43 I 136936 D:\home\apps\api\utils\stock_api.py:66 (get_stock_info)	| [SinaAPI] Response content: var hq_str_sz002303="美盈森,3.540,3.540,3.530,3.560,3.500,3.520,3.530,5872000,20756214.000,371900,3.520,332700,3.510,591100,3.500,165900,3.490,304100,3.480,5900,3.530,118500,3.540,176500,3.550,538100,3.5
2026-05-19 10:28:43 I 136936 D:\home\apps\api\utils\stock_api.py:65 (get_stock_info)	| [SinaAPI] Request: http://hq.sinajs.cn/list=sz002282, Status: 200
2026-05-19 10:28:43 I 136936 D:\home\apps\api\utils\stock_api.py:66 (get_stock_info)	| [SinaAPI] Response content: var hq_str_sz002282="博深股份,6.500,6.460,6.530,6.610,6.470,6.530,6.540,1967900,12919890.000,38800,6.530,68800,6.520,46300,6.510,16900,6.500,2900,6.490,24800,6.540,17300,6.550,28920,6.560,24100,6.570,3790
2026-05-19 10:28:43 I 136936 D:\home\apps\api\utils\stock_api.py:65 (get_stock_info)	| [SinaAPI] Request: http://hq.sinajs.cn/list=sz002275, Status: 200
2026-05-19 10:28:43 I 136936 D:\home\apps\api\utils\stock_api.py:66 (get_stock_info)	| [SinaAPI] Response content: var hq_str_sz002275="桂林三金,13.750,13.750,13.870,13.910,13.710,13.850,13.870,808300,11192777.000,4900,13.850,13300,13.840,7300,13.830,4500,13.820,5000,13.810,400,13.870,34200,13.880,2200,13.890,5700,13.
2026-05-19 10:28:43 I 136936 D:\home\apps\api\utils\stock_api.py:65 (get_stock_info)	| [SinaAPI] Request: http://hq.sinajs.cn/list=sz002264, Status: 200
2026-05-19 10:28:43 I 136936 D:\home\apps\api\utils\stock_api.py:66 (get_stock_info)	| [SinaAPI] Response content: var hq_str_sz002264="新 华 都,7.600,7.600,7.630,7.730,7.550,7.620,7.630,6440203,49367619.800,35500,7.620,76700,7.610,90400,7.600,18200,7.590,62300,7.580,47600,7.630,27200,7.640,48900,7.650,65100,7.660,14
2026-05-19 10:28:43 I 136936 D:\home\apps\api\utils\stock_api.py:65 (get_stock_info)	| [SinaAPI] Request: http://hq.sinajs.cn/list=sz002175, Status: 200
2026-05-19 10:28:43 I 136936 D:\home\apps\api\utils\stock_api.py:66 (get_stock_info)	| [SinaAPI] Response content: var hq_str_sz002175="*ST东智,2.680,2.820,2.680,2.680,2.680,0.000,2.680,11687800,31323304.000,0,0.000,0,0.000,0,0.000,0,0.000,0,0.000,58754543,2.680,79700,2.690,125800,2.700,157900,2.710,39700,2.720,2026
2026-05-19 10:28:43 I 136936 D:\home\apps\api\utils\stock_api.py:65 (get_stock_info)	| [SinaAPI] Request: http://hq.sinajs.cn/list=sz002174, Status: 200
2026-05-19 10:28:43 I 136936 D:\home\apps\api\utils\stock_api.py:66 (get_stock_info)	| [SinaAPI] Response content: var hq_str_sz002174="游族网络,11.710,11.760,11.730,12.090,11.620,11.720,11.730,22690700,268693024.210,21400,11.720,45700,11.710,164200,11.700,9100,11.690,52800,11.680,37600,11.730,21100,11.740,25700,11.75
2026-05-19 10:28:43 I 136936 D:\home\apps\api\utils\stock_api.py:65 (get_stock_info)	| [SinaAPI] Request: http://hq.sinajs.cn/list=sz002157, Status: 200
2026-05-19 10:28:43 I 136936 D:\home\apps\api\utils\stock_api.py:66 (get_stock_info)	| [SinaAPI] Response content: var hq_str_sz002157="正邦科技,3.330,3.320,3.280,3.360,3.230,3.280,3.290,126125200,414052833.000,278500,3.280,1202100,3.270,1363800,3.260,2056700,3.250,3236200,3.240,1282400,3.290,2148900,3.300,980000,3.31
2026-05-19 10:28:43 I 136936 D:\home\apps\api\utils\stock_api.py:65 (get_stock_info)	| [SinaAPI] Request: http://hq.sinajs.cn/list=sz002129, Status: 200
2026-05-19 10:28:43 I 136936 D:\home\apps\api\utils\stock_api.py:66 (get_stock_info)	| [SinaAPI] Response content: var hq_str_sz002129="TCL中环,9.380,9.360,9.480,9.630,9.240,9.460,9.470,73806120,696374077.550,181000,9.460,95400,9.450,89500,9.440,22000,9.430,41600,9.420,200,9.470,161500,9.480,210600,9.490,55000,9.500
2026-05-19 10:28:43 I 136936 D:\home\apps\api\utils\stock_api.py:65 (get_stock_info)	| [SinaAPI] Request: http://hq.sinajs.cn/list=sz002067, Status: 200
2026-05-19 10:28:43 I 136936 D:\home\apps\api\utils\stock_api.py:66 (get_stock_info)	| [SinaAPI] Response content: var hq_str_sz002067="景兴纸业,5.280,4.800,5.280,5.280,5.210,5.280,0.000,76748662,405169603.360,36760716,5.280,231800,5.270,223400,5.260,88900,5.250,138900,5.240,0,0.000,0,0.000,0,0.000,0,0.000,0,0.000,202
2026-05-19 10:28:43 I 136936 D:\home\apps\api\utils\stock_api.py:65 (get_stock_info)	| [SinaAPI] Request: http://hq.sinajs.cn/list=sz002044, Status: 200
2026-05-19 10:28:43 I 136936 D:\home\apps\api\utils\stock_api.py:66 (get_stock_info)	| [SinaAPI] Response content: var hq_str_sz002044="美年健康,6.140,6.120,6.390,6.730,6.120,6.380,6.390,288250506,1871817528.690,440100,6.380,580000,6.370,784500,6.360,663600,6.350,303100,6.340,586200,6.390,1315200,6.400,198920,6.410,25
2026-05-19 10:28:43 I 136936 D:\home\apps\api\utils\stock_api.py:65 (get_stock_info)	| [SinaAPI] Request: http://hq.sinajs.cn/list=sz002043, Status: 200
2026-05-19 10:28:43 I 136936 D:\home\apps\api\utils\stock_api.py:66 (get_stock_info)	| [SinaAPI] Response content: var hq_str_sz002043="兔 宝 宝,13.500,13.720,13.790,13.890,13.330,13.780,13.790,6023643,82602120.810,22900,13.780,4600,13.770,34100,13.760,2700,13.750,3000,13.740,800,13.790,3000,13.800,5000,13.810,5300,1
2026-05-19 10:28:43 I 136936 D:\home\apps\api\utils\stock_api.py:65 (get_stock_info)	| [SinaAPI] Request: http://hq.sinajs.cn/list=sz000786, Status: 200
2026-05-19 10:28:43 I 136936 D:\home\apps\api\utils\stock_api.py:66 (get_stock_info)	| [SinaAPI] Response content: var hq_str_sz000786="北新建材,24.630,24.610,24.600,24.740,24.530,24.590,24.600,3841900,94610038.000,8300,24.590,46200,24.580,65600,24.570,37200,24.560,82700,24.550,9900,24.600,7600,24.610,4700,24.620,1310
2026-05-19 10:28:43 I 136936 D:\home\apps\api\utils\stock_api.py:65 (get_stock_info)	| [SinaAPI] Request: http://hq.sinajs.cn/list=sz000750, Status: 200
2026-05-19 10:28:43 I 136936 D:\home\apps\api\utils\stock_api.py:66 (get_stock_info)	| [SinaAPI] Response content: var hq_str_sz000750="国海证券,3.790,3.800,3.810,3.850,3.790,3.810,3.820,20431980,78157061.820,1245100,3.810,983900,3.800,1254600,3.790,1026600,3.780,1030500,3.770,262200,3.820,876800,3.830,1062700,3.840,1
2026-05-19 10:28:43 I 136936 D:\home\apps\api\utils\stock_api.py:65 (get_stock_info)	| [SinaAPI] Request: http://hq.sinajs.cn/list=sz000709, Status: 200
2026-05-19 10:28:43 I 136936 D:\home\apps\api\utils\stock_api.py:66 (get_stock_info)	| [SinaAPI] Response content: var hq_str_sz000709="河钢股份,2.240,2.240,2.250,2.260,2.230,2.240,2.250,27578125,62048597.730,11118503,2.240,5636300,2.230,6203600,2.220,2589800,2.210,3751800,2.200,1776300,2.250,7149310,2.260,5453897,2.2
2026-05-19 10:28:43 I 136936 D:\home\apps\api\utils\stock_api.py:65 (get_stock_info)	| [SinaAPI] Request: http://hq.sinajs.cn/list=sz000166, Status: 200
2026-05-19 10:28:43 I 136936 D:\home\apps\api\utils\stock_api.py:66 (get_stock_info)	| [SinaAPI] Response content: var hq_str_sz000166="申万宏源,4.460,4.470,4.500,4.520,4.450,4.490,4.500,36544044,164228295.010,2117720,4.490,1917500,4.480,1729700,4.470,1032300,4.460,1691300,4.450,136900,4.500,2188300,4.510,2778050,4.52
2026-05-19 10:28:43 I 136936 D:\home\apps\api\utils\stock_api.py:65 (get_stock_info)	| [SinaAPI] Request: http://hq.sinajs.cn/list=sz000069, Status: 200
2026-05-19 10:28:43 I 136936 D:\home\apps\api\utils\stock_api.py:66 (get_stock_info)	| [SinaAPI] Response content: var hq_str_sz000069="华侨城Ａ,2.070,2.070,2.080,2.100,2.060,2.070,2.080,16364333,33982250.640,864700,2.070,1218600,2.060,1259200,2.050,963500,2.040,1248500,2.030,2111800,2.080,1732300,2.090,2011600,2.100,
2026-05-19 10:28:52 I 136936 D:\home\apps\api\utils\stock_api.py:65 (get_stock_info)	| [SinaAPI] Request: http://hq.sinajs.cn/list=sh601727, Status: 200
2026-05-19 10:28:52 I 136936 D:\home\apps\api\utils\stock_api.py:66 (get_stock_info)	| [SinaAPI] Response content: var hq_str_sh601727="上海电气,9.050,9.020,8.780,9.060,8.760,8.780,8.790,134236366,1188892201.000,1757500,8.780,1129700,8.770,2365550,8.760,1516100,8.750,263300,8.740,35500,8.790,178700,8.800,96400,8.810,1
2026-05-19 10:28:52 I 136936 D:\home\apps\api\utils\stock_api.py:65 (get_stock_info)	| [SinaAPI] Request: http://hq.sinajs.cn/list=sh601588, Status: 200
2026-05-19 10:28:52 I 136936 D:\home\apps\api\utils\stock_api.py:66 (get_stock_info)	| [SinaAPI] Response content: var hq_str_sh601588="北辰实业,1.930,1.930,1.930,1.970,1.910,1.920,1.930,15573200,30212381.000,814100,1.920,654600,1.910,689600,1.900,456700,1.890,1140000,1.880,596200,1.930,637300,1.940,536000,1.950,28210
2026-05-19 10:28:52 I 136936 D:\home\apps\api\utils\stock_api.py:65 (get_stock_info)	| [SinaAPI] Request: http://hq.sinajs.cn/list=sh601100, Status: 200
2026-05-19 10:28:52 I 136936 D:\home\apps\api\utils\stock_api.py:66 (get_stock_info)	| [SinaAPI] Response content: var hq_str_sh601100="恒立液压,114.500,113.550,111.390,115.500,111.250,111.380,111.390,3549899,401356948.000,500,111.380,14700,111.370,400,111.360,1600,111.350,400,111.340,1500,111.390,1500,111.430,800,111
2026-05-19 10:28:52 I 136936 D:\home\apps\api\utils\stock_api.py:65 (get_stock_info)	| [SinaAPI] Request: http://hq.sinajs.cn/list=sh601059, Status: 200
2026-05-19 10:28:52 I 136936 D:\home\apps\api\utils\stock_api.py:66 (get_stock_info)	| [SinaAPI] Response content: var hq_str_sh601059="信达证券,17.200,16.670,17.090,17.200,17.010,17.090,17.100,16013670,274239243.000,189300,17.090,132900,17.080,23200,17.070,136000,17.060,176500,17.050,19300,17.100,28700,17.110,40001,1
2026-05-19 10:28:52 I 136936 D:\home\apps\api\utils\stock_api.py:65 (get_stock_info)	| [SinaAPI] Request: http://hq.sinajs.cn/list=sh600999, Status: 200
2026-05-19 10:28:52 I 136936 D:\home\apps\api\utils\stock_api.py:66 (get_stock_info)	| [SinaAPI] Response content: var hq_str_sh600999="招商证券,16.090,16.180,16.340,16.460,16.050,16.340,16.350,35595454,581678830.000,8900,16.340,53300,16.330,109000,16.320,71200,16.310,132100,16.300,64300,16.350,48700,16.360,74000,16.3
2026-05-19 10:28:52 I 136936 D:\home\apps\api\utils\stock_api.py:65 (get_stock_info)	| [SinaAPI] Request: http://hq.sinajs.cn/list=sh600936, Status: 200
2026-05-19 10:28:52 I 136936 D:\home\apps\api\utils\stock_api.py:66 (get_stock_info)	| [SinaAPI] Response content: var hq_str_sh600936="北投科技,5.250,5.310,5.840,5.840,5.250,5.840,0.000,57113260,327644314.000,20809700,5.840,112500,5.830,12500,5.820,3900,5.810,112000,5.800,0,0.000,0,0.000,0,0.000,0,0.000,0,0.000,2026-
2026-05-19 10:28:52 I 136936 D:\home\apps\api\utils\stock_api.py:65 (get_stock_info)	| [SinaAPI] Request: http://hq.sinajs.cn/list=sh600392, Status: 200
2026-05-19 10:28:52 I 136936 D:\home\apps\api\utils\stock_api.py:66 (get_stock_info)	| [SinaAPI] Response content: var hq_str_sh600392="盛和资源,23.950,24.050,22.820,23.990,22.810,22.810,22.820,32969444,765481606.000,103400,22.810,441700,22.800,18700,22.790,30800,22.780,40300,22.770,18800,22.820,1500,22.830,500,22.840
2026-05-19 10:28:52 I 136936 D:\home\apps\api\utils\stock_api.py:65 (get_stock_info)	| [SinaAPI] Request: http://hq.sinajs.cn/list=sh600369, Status: 200
2026-05-19 10:28:52 I 136936 D:\home\apps\api\utils\stock_api.py:66 (get_stock_info)	| [SinaAPI] Response content: var hq_str_sh600369="西南证券,4.050,4.040,4.080,4.110,4.040,4.080,4.090,17632400,72039499.000,69100,4.080,1005600,4.070,614900,4.060,520000,4.050,369200,4.040,754600,4.090,1356900,4.100,1034600,4.110,9497
2026-05-19 10:28:52 I 136936 D:\home\apps\api\utils\stock_api.py:65 (get_stock_info)	| [SinaAPI] Request: http://hq.sinajs.cn/list=sh600362, Status: 200
2026-05-19 10:28:52 I 136936 D:\home\apps\api\utils\stock_api.py:66 (get_stock_info)	| [SinaAPI] Response content: var hq_str_sh600362="江西铜业,45.110,45.440,43.420,45.190,43.370,43.410,43.420,21114202,933008603.000,4800,43.410,7900,43.400,7800,43.390,19300,43.380,11600,43.370,21400,43.420,2500,43.430,800,43.440,7400
2026-05-19 10:28:52 I 136936 D:\home\apps\api\utils\stock_api.py:65 (get_stock_info)	| [SinaAPI] Request: http://hq.sinajs.cn/list=sh600256, Status: 200
2026-05-19 10:28:52 I 136936 D:\home\apps\api\utils\stock_api.py:66 (get_stock_info)	| [SinaAPI] Response content: var hq_str_sh600256="广汇能源,6.460,6.550,6.290,6.460,6.280,6.290,6.300,60500758,384365729.000,138700,6.290,634200,6.280,434100,6.270,557300,6.260,625400,6.250,369800,6.300,373300,6.310,170300,6.320,28270
2026-05-19 10:28:52 I 136936 D:\home\apps\api\utils\stock_api.py:65 (get_stock_info)	| [SinaAPI] Request: http://hq.sinajs.cn/list=sh600121, Status: 200
2026-05-19 10:28:52 I 136936 D:\home\apps\api\utils\stock_api.py:66 (get_stock_info)	| [SinaAPI] Response content: var hq_str_sh600121="郑州煤电,4.270,4.280,4.330,4.370,4.200,4.320,4.330,29670661,128122921.000,9000,4.320,248500,4.310,306400,4.300,139300,4.290,121900,4.280,164200,4.330,341900,4.340,658700,4.350,803600,
2026-05-19 10:28:52 I 136936 D:\home\apps\api\utils\stock_api.py:65 (get_stock_info)	| [SinaAPI] Request: http://hq.sinajs.cn/list=sh600116, Status: 200
2026-05-19 10:28:52 I 136936 D:\home\apps\api\utils\stock_api.py:66 (get_stock_info)	| [SinaAPI] Response content: var hq_str_sh600116="三峡水利,6.770,6.770,6.940,6.970,6.710,6.940,6.950,21057926,144955771.000,79700,6.940,43800,6.930,89000,6.920,51100,6.910,87500,6.900,78200,6.950,303700,6.960,418400,6.970,510800,6.98
2026-05-19 10:28:52 I 136936 D:\home\apps\api\utils\stock_api.py:65 (get_stock_info)	| [SinaAPI] Request: http://hq.sinajs.cn/list=sh600111, Status: 200
2026-05-19 10:28:52 I 136936 D:\home\apps\api\utils\stock_api.py:66 (get_stock_info)	| [SinaAPI] Response content: var hq_str_sh600111="北方稀土,51.200,51.700,49.530,51.580,49.500,49.530,49.540,59714232,2997184555.000,10100,49.530,8800,49.520,38100,49.510,583500,49.500,84600,49.490,1000,49.540,400,49.550,7300,49.560,4
2026-05-19 10:28:52 I 136936 D:\home\apps\api\utils\stock_api.py:65 (get_stock_info)	| [SinaAPI] Request: http://hq.sinajs.cn/list=sh600082, Status: 200
2026-05-19 10:28:52 I 136936 D:\home\apps\api\utils\stock_api.py:66 (get_stock_info)	| [SinaAPI] Response content: var hq_str_sh600082="ST海泰,3.810,3.800,3.840,3.940,3.810,3.840,3.850,8611260,33387725.000,47500,3.840,152500,3.830,122400,3.820,189600,3.810,141300,3.800,27400,3.850,80400,3.860,63600,3.870,25200,3.880
2026-05-19 10:28:52 I 136936 D:\home\apps\api\utils\stock_api.py:65 (get_stock_info)	| [SinaAPI] Request: http://hq.sinajs.cn/list=sh600081, Status: 200
2026-05-19 10:28:52 I 136936 D:\home\apps\api\utils\stock_api.py:66 (get_stock_info)	| [SinaAPI] Response content: var hq_str_sh600081="东风科技,12.300,12.400,12.430,12.860,12.300,12.410,12.420,6948870,87012203.000,8300,12.410,23300,12.400,2400,12.390,6200,12.380,16100,12.370,3400,12.420,2800,12.430,4400,12.440,5700,1
2026-05-19 10:28:52 I 136936 D:\home\apps\api\utils\stock_api.py:65 (get_stock_info)	| [SinaAPI] Request: http://hq.sinajs.cn/list=sh600031, Status: 200
2026-05-19 10:28:52 I 136936 D:\home\apps\api\utils\stock_api.py:66 (get_stock_info)	| [SinaAPI] Response content: var hq_str_sh600031="三一重工,19.520,19.390,19.020,19.560,19.020,19.020,19.030,31423630,604328345.000,196000,19.020,463000,19.010,1220600,19.000,121500,18.990,56200,18.980,29200,19.030,37700,19.040,10200,
2026-05-19 10:28:52 I 136936 D:\home\apps\api\utils\stock_api.py:65 (get_stock_info)	| [SinaAPI] Request: http://hq.sinajs.cn/list=sz002441, Status: 200
2026-05-19 10:28:52 I 136936 D:\home\apps\api\utils\stock_api.py:66 (get_stock_info)	| [SinaAPI] Response content: var hq_str_sz002441="众业达,10.190,10.210,10.280,10.390,10.150,10.280,10.290,3270300,33702818.000,200,10.280,7800,10.270,9800,10.260,11800,10.250,29100,10.240,7000,10.290,2600,10.300,1500,10.310,5400,10.
2026-05-19 10:28:52 I 136936 D:\home\apps\api\utils\stock_api.py:65 (get_stock_info)	| [SinaAPI] Request: http://hq.sinajs.cn/list=sz002424, Status: 200
2026-05-19 10:28:52 I 136936 D:\home\apps\api\utils\stock_api.py:66 (get_stock_info)	| [SinaAPI] Response content: var hq_str_sz002424="ST百灵,4.940,4.860,4.910,5.020,4.900,4.900,4.910,4428500,21893910.000,80800,4.900,203100,4.890,266900,4.880,117200,4.870,75700,4.860,57100,4.910,41800,4.920,87700,4.930,104900,4.940
2026-05-19 10:28:52 I 136936 D:\home\apps\api\utils\stock_api.py:65 (get_stock_info)	| [SinaAPI] Request: http://hq.sinajs.cn/list=sz002408, Status: 200
2026-05-19 10:28:52 I 136936 D:\home\apps\api\utils\stock_api.py:66 (get_stock_info)	| [SinaAPI] Response content: var hq_str_sz002408="齐翔腾达,5.790,5.810,5.690,5.800,5.680,5.680,5.690,10984460,62900822.850,291600,5.680,138900,5.670,252400,5.660,291600,5.650,57700,5.640,7700,5.690,120982,5.700,57350,5.710,144000,5.7
2026-05-19 10:28:53 I 136936 D:\home\apps\api\utils\stock_api.py:65 (get_stock_info)	| [SinaAPI] Request: http://hq.sinajs.cn/list=sz002400, Status: 200
2026-05-19 10:28:53 I 136936 D:\home\apps\api\utils\stock_api.py:66 (get_stock_info)	| [SinaAPI] Response content: var hq_str_sz002400="省广集团,8.900,8.950,9.130,9.300,8.870,9.120,9.130,86036312,789150542.700,55600,9.120,277200,9.110,602600,9.100,216800,9.090,182500,9.080,66500,9.130,62000,9.140,34900,9.150,65900,9.1
2026-05-19 10:28:53 I 136936 D:\home\apps\api\utils\stock_api.py:65 (get_stock_info)	| [SinaAPI] Request: http://hq.sinajs.cn/list=sz002390, Status: 200
2026-05-19 10:28:53 I 136936 D:\home\apps\api\utils\stock_api.py:66 (get_stock_info)	| [SinaAPI] Response content: var hq_str_sz002390="信邦制药,3.150,3.150,3.170,3.190,3.150,3.170,3.180,8670734,27546866.710,803500,3.170,643100,3.160,770300,3.150,171500,3.140,226400,3.130,182700,3.180,1134500,3.190,1071700,3.200,30370
2026-05-19 10:28:53 I 136936 D:\home\apps\api\utils\stock_api.py:65 (get_stock_info)	| [SinaAPI] Request: http://hq.sinajs.cn/list=sz002378, Status: 200
2026-05-19 10:28:53 I 136936 D:\home\apps\api\utils\stock_api.py:66 (get_stock_info)	| [SinaAPI] Response content: var hq_str_sz002378="章源钨业,29.950,29.950,27.800,30.000,27.760,27.790,27.800,33169349,947144996.960,1200,27.790,3800,27.780,14800,27.770,9800,27.760,19500,27.750,25300,27.800,9400,27.810,4800,27.820,110
2026-05-19 10:28:53 I 136936 D:\home\apps\api\utils\stock_api.py:65 (get_stock_info)	| [SinaAPI] Request: http://hq.sinajs.cn/list=sz002374, Status: 200
2026-05-19 10:28:53 I 136936 D:\home\apps\api\utils\stock_api.py:66 (get_stock_info)	| [SinaAPI] Response content: var hq_str_sz002374="中锐股份,3.700,3.910,3.850,3.970,3.660,3.850,3.860,80142743,306392589.590,2700,3.850,14900,3.840,52700,3.830,74534,3.820,224600,3.810,128000,3.860,170100,3.870,30800,3.880,109000,3.89
2026-05-19 10:28:53 I 136936 D:\home\apps\api\utils\stock_api.py:65 (get_stock_info)	| [SinaAPI] Request: http://hq.sinajs.cn/list=sz002372, Status: 200
2026-05-19 10:28:53 I 136936 D:\home\apps\api\utils\stock_api.py:66 (get_stock_info)	| [SinaAPI] Response content: var hq_str_sz002372="伟星新材,10.210,10.210,10.190,10.260,10.150,10.190,10.200,2265800,23129338.000,14500,10.190,15200,10.180,23300,10.170,28900,10.160,34700,10.150,900,10.200,5200,10.210,13400,10.220,157
2026-05-19 10:28:53 I 136936 D:\home\apps\api\utils\stock_api.py:65 (get_stock_info)	| [SinaAPI] Request: http://hq.sinajs.cn/list=sz002357, Status: 200
2026-05-19 10:28:53 I 136936 D:\home\apps\api\utils\stock_api.py:66 (get_stock_info)	| [SinaAPI] Response content: var hq_str_sz002357="富临运业,11.270,11.270,11.190,11.530,11.180,11.190,11.200,3460700,39262120.000,4500,11.190,9000,11.180,3300,11.170,4600,11.160,3200,11.150,8700,11.200,18200,11.210,4400,11.220,400,11.
2026-05-19 10:28:53 I 136936 D:\home\apps\api\utils\stock_api.py:65 (get_stock_info)	| [SinaAPI] Request: http://hq.sinajs.cn/list=sz002330, Status: 200
2026-05-19 10:28:53 I 136936 D:\home\apps\api\utils\stock_api.py:66 (get_stock_info)	| [SinaAPI] Response content: var hq_str_sz002330="得利斯,4.530,4.520,4.510,4.580,4.510,4.510,4.520,4815600,21915838.000,70900,4.510,62900,4.500,45500,4.490,176400,4.480,51200,4.470,45900,4.520,89800,4.530,54600,4.540,33300,4.550,590
2026-05-19 10:28:53 I 136936 D:\home\apps\api\utils\stock_api.py:65 (get_stock_info)	| [SinaAPI] Request: http://hq.sinajs.cn/list=sz002303, Status: 200
2026-05-19 10:28:53 I 136936 D:\home\apps\api\utils\stock_api.py:66 (get_stock_info)	| [SinaAPI] Response content: var hq_str_sz002303="美盈森,3.540,3.540,3.520,3.560,3.500,3.520,3.530,5873800,20762566.000,345600,3.520,332700,3.510,591100,3.500,165900,3.490,304100,3.480,4700,3.530,118700,3.540,173200,3.550,538100,3.5
2026-05-19 10:28:53 I 136936 D:\home\apps\api\utils\stock_api.py:65 (get_stock_info)	| [SinaAPI] Request: http://hq.sinajs.cn/list=sz002282, Status: 200
2026-05-19 10:28:53 I 136936 D:\home\apps\api\utils\stock_api.py:66 (get_stock_info)	| [SinaAPI] Response content: var hq_str_sz002282="博深股份,6.500,6.460,6.530,6.610,6.470,6.530,6.540,1967900,12919890.000,42100,6.530,68800,6.520,46300,6.510,19300,6.500,2900,6.490,19900,6.540,17300,6.550,28920,6.560,24100,6.570,3790
2026-05-19 10:28:53 I 136936 D:\home\apps\api\utils\stock_api.py:65 (get_stock_info)	| [SinaAPI] Request: http://hq.sinajs.cn/list=sz002275, Status: 200
2026-05-19 10:28:53 I 136936 D:\home\apps\api\utils\stock_api.py:66 (get_stock_info)	| [SinaAPI] Response content: var hq_str_sz002275="桂林三金,13.750,13.750,13.850,13.910,13.710,13.850,13.870,808600,11196932.000,4700,13.850,13300,13.840,7300,13.830,4500,13.820,5000,13.810,400,13.870,34200,13.880,2200,13.890,5700,13.
2026-05-19 10:28:53 I 136936 D:\home\apps\api\utils\stock_api.py:65 (get_stock_info)	| [SinaAPI] Request: http://hq.sinajs.cn/list=sz002264, Status: 200
2026-05-19 10:28:53 I 136936 D:\home\apps\api\utils\stock_api.py:66 (get_stock_info)	| [SinaAPI] Response content: var hq_str_sz002264="新 华 都,7.600,7.600,7.620,7.730,7.550,7.620,7.630,6441903,49380573.800,38300,7.620,77700,7.610,89700,7.600,20900,7.590,62300,7.580,8500,7.630,27200,7.640,48900,7.650,65100,7.660,147
2026-05-19 10:28:53 I 136936 D:\home\apps\api\utils\stock_api.py:65 (get_stock_info)	| [SinaAPI] Request: http://hq.sinajs.cn/list=sz002175, Status: 200
2026-05-19 10:28:53 I 136936 D:\home\apps\api\utils\stock_api.py:66 (get_stock_info)	| [SinaAPI] Response content: var hq_str_sz002175="*ST东智,2.680,2.820,2.680,2.680,2.680,0.000,2.680,11687900,31323572.000,0,0.000,0,0.000,0,0.000,0,0.000,0,0.000,58765243,2.680,79700,2.690,125800,2.700,157900,2.710,39700,2.720,2026
2026-05-19 10:28:53 I 136936 D:\home\apps\api\utils\stock_api.py:65 (get_stock_info)	| [SinaAPI] Request: http://hq.sinajs.cn/list=sz002174, Status: 200
2026-05-19 10:28:53 I 136936 D:\home\apps\api\utils\stock_api.py:66 (get_stock_info)	| [SinaAPI] Response content: var hq_str_sz002174="游族网络,11.710,11.760,11.720,12.090,11.620,11.720,11.730,22692200,268710605.210,20400,11.720,46000,11.710,164200,11.700,9100,11.690,53600,11.680,39800,11.730,21100,11.740,66668,11.75
2026-05-19 10:28:53 I 136936 D:\home\apps\api\utils\stock_api.py:65 (get_stock_info)	| [SinaAPI] Request: http://hq.sinajs.cn/list=sz002157, Status: 200
2026-05-19 10:28:53 I 136936 D:\home\apps\api\utils\stock_api.py:66 (get_stock_info)	| [SinaAPI] Response content: var hq_str_sz002157="正邦科技,3.330,3.320,3.280,3.360,3.230,3.280,3.290,126240200,414430033.000,539200,3.280,893500,3.270,1405000,3.260,2046900,3.250,3237500,3.240,1321500,3.290,2134300,3.300,1029800,3.31
2026-05-19 10:28:53 I 136936 D:\home\apps\api\utils\stock_api.py:65 (get_stock_info)	| [SinaAPI] Request: http://hq.sinajs.cn/list=sz002129, Status: 200
2026-05-19 10:28:53 I 136936 D:\home\apps\api\utils\stock_api.py:66 (get_stock_info)	| [SinaAPI] Response content: var hq_str_sz002129="TCL中环,9.380,9.360,9.460,9.630,9.240,9.460,9.470,73962720,697856336.550,110400,9.460,87900,9.450,89600,9.440,21900,9.430,44200,9.420,127300,9.470,120400,9.480,13800,9.490,45400,9.5
2026-05-19 10:28:53 I 136936 D:\home\apps\api\utils\stock_api.py:65 (get_stock_info)	| [SinaAPI] Request: http://hq.sinajs.cn/list=sz002067, Status: 200
2026-05-19 10:28:53 I 136936 D:\home\apps\api\utils\stock_api.py:66 (get_stock_info)	| [SinaAPI] Response content: var hq_str_sz002067="景兴纸业,5.280,4.800,5.280,5.280,5.210,5.280,0.000,76788962,405382387.360,36733216,5.280,231800,5.270,223400,5.260,88900,5.250,138900,5.240,0,0.000,0,0.000,0,0.000,0,0.000,0,0.000,202
2026-05-19 10:28:53 I 136936 D:\home\apps\api\utils\stock_api.py:65 (get_stock_info)	| [SinaAPI] Request: http://hq.sinajs.cn/list=sz002044, Status: 200
2026-05-19 10:28:53 I 136936 D:\home\apps\api\utils\stock_api.py:66 (get_stock_info)	| [SinaAPI] Response content: var hq_str_sz002044="美年健康,6.140,6.120,6.390,6.730,6.120,6.380,6.390,288337106,1872370719.690,432600,6.380,579900,6.370,803000,6.360,674100,6.350,302600,6.340,599400,6.390,1307200,6.400,201420,6.410,25
2026-05-19 10:28:53 I 136936 D:\home\apps\api\utils\stock_api.py:65 (get_stock_info)	| [SinaAPI] Request: http://hq.sinajs.cn/list=sz002043, Status: 200
2026-05-19 10:28:53 I 136936 D:\home\apps\api\utils\stock_api.py:66 (get_stock_info)	| [SinaAPI] Response content: var hq_str_sz002043="兔 宝 宝,13.500,13.720,13.800,13.890,13.330,13.800,13.810,6032543,82724937.810,4900,13.800,5100,13.790,17400,13.780,3400,13.770,34100,13.760,3500,13.810,5300,13.820,10300,13.830,2500
2026-05-19 10:28:53 I 136936 D:\home\apps\api\utils\stock_api.py:65 (get_stock_info)	| [SinaAPI] Request: http://hq.sinajs.cn/list=sz000786, Status: 200
2026-05-19 10:28:53 I 136936 D:\home\apps\api\utils\stock_api.py:66 (get_stock_info)	| [SinaAPI] Response content: var hq_str_sz000786="北新建材,24.630,24.610,24.600,24.740,24.530,24.590,24.600,3849300,94792067.000,8400,24.590,46200,24.580,65600,24.570,37200,24.560,82700,24.550,13600,24.600,7600,24.610,4700,24.620,137
2026-05-19 10:28:53 I 136936 D:\home\apps\api\utils\stock_api.py:65 (get_stock_info)	| [SinaAPI] Request: http://hq.sinajs.cn/list=sz000750, Status: 200
2026-05-19 10:28:53 I 136936 D:\home\apps\api\utils\stock_api.py:66 (get_stock_info)	| [SinaAPI] Response content: var hq_str_sz000750="国海证券,3.790,3.800,3.810,3.850,3.790,3.810,3.820,20436180,78173063.820,1122700,3.810,989900,3.800,1254600,3.790,1016600,3.780,1030500,3.770,262300,3.820,925400,3.830,1062700,3.840,1
2026-05-19 10:28:53 I 136936 D:\home\apps\api\utils\stock_api.py:65 (get_stock_info)	| [SinaAPI] Request: http://hq.sinajs.cn/list=sz000709, Status: 200
2026-05-19 10:28:53 I 136936 D:\home\apps\api\utils\stock_api.py:66 (get_stock_info)	| [SinaAPI] Response content: var hq_str_sz000709="河钢股份,2.240,2.240,2.240,2.260,2.230,2.240,2.250,27589125,62073308.730,11124403,2.240,5636300,2.230,6203600,2.220,2589800,2.210,3751800,2.200,1769300,2.250,7149310,2.260,5453897,2.2
2026-05-19 10:28:53 I 136936 D:\home\apps\api\utils\stock_api.py:65 (get_stock_info)	| [SinaAPI] Request: http://hq.sinajs.cn/list=sz000166, Status: 200
2026-05-19 10:28:53 I 136936 D:\home\apps\api\utils\stock_api.py:66 (get_stock_info)	| [SinaAPI] Response content: var hq_str_sz000166="申万宏源,4.460,4.470,4.500,4.520,4.450,4.490,4.500,36619444,164567594.010,2120920,4.490,1917500,4.480,1729700,4.470,1032300,4.460,1691800,4.450,62700,4.500,2192900,4.510,2768050,4.520
2026-05-19 10:28:53 I 136936 D:\home\apps\api\utils\stock_api.py:65 (get_stock_info)	| [SinaAPI] Request: http://hq.sinajs.cn/list=sz000069, Status: 200
2026-05-19 10:28:53 I 136936 D:\home\apps\api\utils\stock_api.py:66 (get_stock_info)	| [SinaAPI] Response content: var hq_str_sz000069="华侨城Ａ,2.070,2.070,2.070,2.100,2.060,2.070,2.080,16364433,33982457.640,848200,2.070,1218600,2.060,1259200,2.050,956100,2.040,1248500,2.030,2126100,2.080,1732300,2.090,2011600,2.100,
2026-05-19 10:29:02 I 136936 D:\home\apps\api\utils\stock_api.py:65 (get_stock_info)	| [SinaAPI] Request: http://hq.sinajs.cn/list=sh601727, Status: 200
2026-05-19 10:29:02 I 136936 D:\home\apps\api\utils\stock_api.py:66 (get_stock_info)	| [SinaAPI] Response content: var hq_str_sh601727="上海电气,9.050,9.020,8.780,9.060,8.760,8.780,8.790,134290066,1189363885.000,1747900,8.780,1129000,8.770,2371950,8.760,1511300,8.750,298100,8.740,69900,8.790,183200,8.800,108000,8.810,
2026-05-19 10:29:02 I 136936 D:\home\apps\api\utils\stock_api.py:65 (get_stock_info)	| [SinaAPI] Request: http://hq.sinajs.cn/list=sh601588, Status: 200
2026-05-19 10:29:02 I 136936 D:\home\apps\api\utils\stock_api.py:66 (get_stock_info)	| [SinaAPI] Response content: var hq_str_sh601588="北辰实业,1.930,1.930,1.930,1.970,1.910,1.920,1.930,15579400,30224347.000,858600,1.920,654600,1.910,689600,1.900,456700,1.890,1140000,1.880,582200,1.930,637300,1.940,536000,1.950,28210
2026-05-19 10:29:02 I 136936 D:\home\apps\api\utils\stock_api.py:65 (get_stock_info)	| [SinaAPI] Request: http://hq.sinajs.cn/list=sh601100, Status: 200
2026-05-19 10:29:02 I 136936 D:\home\apps\api\utils\stock_api.py:66 (get_stock_info)	| [SinaAPI] Response content: var hq_str_sh601100="恒立液压,114.500,113.550,111.380,115.500,111.250,111.390,111.400,3557999,402259191.000,100,111.390,1600,111.380,14800,111.370,400,111.360,1700,111.350,100,111.400,800,111.430,200,111.
2026-05-19 10:29:02 I 136936 D:\home\apps\api\utils\stock_api.py:65 (get_stock_info)	| [SinaAPI] Request: http://hq.sinajs.cn/list=sh601059, Status: 200
2026-05-19 10:29:02 I 136936 D:\home\apps\api\utils\stock_api.py:66 (get_stock_info)	| [SinaAPI] Response content: var hq_str_sh601059="信达证券,17.200,16.670,17.090,17.200,17.010,17.090,17.100,16013670,274239243.000,189300,17.090,132900,17.080,25200,17.070,136000,17.060,176500,17.050,40800,17.100,28700,17.110,40001,1
2026-05-19 10:29:02 I 136936 D:\home\apps\api\utils\stock_api.py:65 (get_stock_info)	| [SinaAPI] Request: http://hq.sinajs.cn/list=sh600999, Status: 200
2026-05-19 10:29:02 I 136936 D:\home\apps\api\utils\stock_api.py:66 (get_stock_info)	| [SinaAPI] Response content: var hq_str_sh600999="招商证券,16.090,16.180,16.340,16.460,16.050,16.330,16.340,35604554,581827524.000,68300,16.330,109000,16.320,64700,16.310,132400,16.300,10900,16.290,20300,16.340,76400,16.350,49200,16.
2026-05-19 10:29:02 I 136936 D:\home\apps\api\utils\stock_api.py:65 (get_stock_info)	| [SinaAPI] Request: http://hq.sinajs.cn/list=sh600936, Status: 200
2026-05-19 10:29:02 I 136936 D:\home\apps\api\utils\stock_api.py:66 (get_stock_info)	| [SinaAPI] Response content: var hq_str_sh600936="北投科技,5.250,5.310,5.840,5.840,5.250,5.840,0.000,57133660,327763450.000,20790200,5.840,112500,5.830,12500,5.820,3900,5.810,112000,5.800,0,0.000,0,0.000,0,0.000,0,0.000,0,0.000,2026-
2026-05-19 10:29:02 I 136936 D:\home\apps\api\utils\stock_api.py:65 (get_stock_info)	| [SinaAPI] Request: http://hq.sinajs.cn/list=sh600392, Status: 200
2026-05-19 10:29:02 I 136936 D:\home\apps\api\utils\stock_api.py:66 (get_stock_info)	| [SinaAPI] Response content: var hq_str_sh600392="盛和资源,23.950,24.050,22.820,23.990,22.810,22.820,22.830,33022644,766695616.000,4000,22.820,103800,22.810,459300,22.800,19100,22.790,31000,22.780,3300,22.830,2600,22.840,5600,22.850,
2026-05-19 10:29:02 I 136936 D:\home\apps\api\utils\stock_api.py:65 (get_stock_info)	| [SinaAPI] Request: http://hq.sinajs.cn/list=sh600369, Status: 200
2026-05-19 10:29:02 I 136936 D:\home\apps\api\utils\stock_api.py:66 (get_stock_info)	| [SinaAPI] Response content: var hq_str_sh600369="西南证券,4.050,4.040,4.090,4.110,4.040,4.080,4.090,17701100,72319849.000,79700,4.080,996000,4.070,614900,4.060,520000,4.050,369200,4.040,754600,4.090,1356900,4.100,1034600,4.110,94970
2026-05-19 10:29:02 I 136936 D:\home\apps\api\utils\stock_api.py:65 (get_stock_info)	| [SinaAPI] Request: http://hq.sinajs.cn/list=sh600362, Status: 200
2026-05-19 10:29:02 I 136936 D:\home\apps\api\utils\stock_api.py:66 (get_stock_info)	| [SinaAPI] Response content: var hq_str_sh600362="江西铜业,45.110,45.440,43.410,45.190,43.370,43.410,43.420,21125102,933481785.000,10800,43.410,9500,43.400,10700,43.390,19400,43.380,11200,43.370,20200,43.420,2500,43.430,800,43.440,66
2026-05-19 10:29:02 I 136936 D:\home\apps\api\utils\stock_api.py:65 (get_stock_info)	| [SinaAPI] Request: http://hq.sinajs.cn/list=sh600256, Status: 200
2026-05-19 10:29:02 I 136936 D:\home\apps\api\utils\stock_api.py:66 (get_stock_info)	| [SinaAPI] Response content: var hq_str_sh600256="广汇能源,6.460,6.550,6.300,6.460,6.280,6.290,6.300,60506758,384403517.000,142900,6.290,637900,6.280,435600,6.270,557800,6.260,629400,6.250,365300,6.300,373200,6.310,170300,6.320,28270
2026-05-19 10:29:02 I 136936 D:\home\apps\api\utils\stock_api.py:65 (get_stock_info)	| [SinaAPI] Request: http://hq.sinajs.cn/list=sh600121, Status: 200
2026-05-19 10:29:02 I 136936 D:\home\apps\api\utils\stock_api.py:66 (get_stock_info)	| [SinaAPI] Response content: var hq_str_sh600121="郑州煤电,4.270,4.280,4.330,4.370,4.200,4.320,4.330,29747961,128457129.000,16600,4.320,255100,4.310,305400,4.300,139300,4.290,121900,4.280,136900,4.330,343800,4.340,658700,4.350,803600
2026-05-19 10:29:02 I 136936 D:\home\apps\api\utils\stock_api.py:65 (get_stock_info)	| [SinaAPI] Request: http://hq.sinajs.cn/list=sh600116, Status: 200
2026-05-19 10:29:02 I 136936 D:\home\apps\api\utils\stock_api.py:66 (get_stock_info)	| [SinaAPI] Response content: var hq_str_sh600116="三峡水利,6.770,6.770,6.940,6.970,6.710,6.940,6.950,21094326,145208473.000,61300,6.940,43900,6.930,90000,6.920,51100,6.910,87500,6.900,91700,6.950,305600,6.960,418400,6.970,514800,6.98
2026-05-19 10:29:02 I 136936 D:\home\apps\api\utils\stock_api.py:65 (get_stock_info)	| [SinaAPI] Request: http://hq.sinajs.cn/list=sh600111, Status: 200
2026-05-19 10:29:02 I 136936 D:\home\apps\api\utils\stock_api.py:66 (get_stock_info)	| [SinaAPI] Response content: var hq_str_sh600111="北方稀土,51.200,51.700,49.530,51.580,49.500,49.530,49.540,59761332,2999517728.000,13900,49.530,10400,49.520,40600,49.510,596000,49.500,84700,49.490,100,49.540,700,49.550,8000,49.560,4
2026-05-19 10:29:02 I 136936 D:\home\apps\api\utils\stock_api.py:65 (get_stock_info)	| [SinaAPI] Request: http://hq.sinajs.cn/list=sh600082, Status: 200
2026-05-19 10:29:02 I 136936 D:\home\apps\api\utils\stock_api.py:66 (get_stock_info)	| [SinaAPI] Response content: var hq_str_sh600082="ST海泰,3.810,3.800,3.840,3.940,3.810,3.840,3.850,8611260,33387725.000,55600,3.840,152600,3.830,122100,3.820,189600,3.810,141300,3.800,55100,3.850,80400,3.860,63600,3.870,25200,3.880
2026-05-19 10:29:02 I 136936 D:\home\apps\api\utils\stock_api.py:65 (get_stock_info)	| [SinaAPI] Request: http://hq.sinajs.cn/list=sh600081, Status: 200
2026-05-19 10:29:02 I 136936 D:\home\apps\api\utils\stock_api.py:66 (get_stock_info)	| [SinaAPI] Response content: var hq_str_sh600081="东风科技,12.300,12.400,12.420,12.860,12.300,12.410,12.420,6949870,87024623.000,9100,12.410,23300,12.400,2400,12.390,6200,12.380,11100,12.370,2600,12.420,3000,12.430,4400,12.440,5700,1
2026-05-19 10:29:02 I 136936 D:\home\apps\api\utils\stock_api.py:65 (get_stock_info)	| [SinaAPI] Request: http://hq.sinajs.cn/list=sh600031, Status: 200
2026-05-19 10:29:02 I 136936 D:\home\apps\api\utils\stock_api.py:66 (get_stock_info)	| [SinaAPI] Response content: var hq_str_sh600031="三一重工,19.520,19.390,19.020,19.560,19.020,19.020,19.030,31458030,604982694.000,226500,19.020,468600,19.010,1220200,19.000,123000,18.990,55900,18.980,84300,19.030,37700,19.040,11000,
2026-05-19 10:29:02 I 136936 D:\home\apps\api\utils\stock_api.py:65 (get_stock_info)	| [SinaAPI] Request: http://hq.sinajs.cn/list=sz002441, Status: 200
2026-05-19 10:29:02 I 136936 D:\home\apps\api\utils\stock_api.py:66 (get_stock_info)	| [SinaAPI] Response content: var hq_str_sz002441="众业达,10.190,10.210,10.280,10.390,10.150,10.280,10.290,3270400,33703846.000,700,10.280,7800,10.270,9800,10.260,11800,10.250,29100,10.240,8400,10.290,2600,10.300,1500,10.310,5400,10.
2026-05-19 10:29:02 I 136936 D:\home\apps\api\utils\stock_api.py:65 (get_stock_info)	| [SinaAPI] Request: http://hq.sinajs.cn/list=sz002424, Status: 200
2026-05-19 10:29:02 I 136936 D:\home\apps\api\utils\stock_api.py:66 (get_stock_info)	| [SinaAPI] Response content: var hq_str_sz002424="ST百灵,4.940,4.860,4.910,5.020,4.900,4.900,4.910,4429400,21898329.000,79100,4.900,203100,4.890,266900,4.880,117200,4.870,75700,4.860,56200,4.910,41800,4.920,87700,4.930,104900,4.940
2026-05-19 10:29:02 I 136936 D:\home\apps\api\utils\stock_api.py:65 (get_stock_info)	| [SinaAPI] Request: http://hq.sinajs.cn/list=sz002408, Status: 200
2026-05-19 10:29:02 I 136936 D:\home\apps\api\utils\stock_api.py:66 (get_stock_info)	| [SinaAPI] Response content: var hq_str_sz002408="齐翔腾达,5.790,5.810,5.680,5.800,5.680,5.680,5.690,10987160,62916158.850,307300,5.680,138900,5.670,252400,5.660,291600,5.650,58200,5.640,7800,5.690,120982,5.700,53350,5.710,144000,5.7
2026-05-19 10:29:02 I 136936 D:\home\apps\api\utils\stock_api.py:65 (get_stock_info)	| [SinaAPI] Request: http://hq.sinajs.cn/list=sz002400, Status: 200
2026-05-19 10:29:02 I 136936 D:\home\apps\api\utils\stock_api.py:66 (get_stock_info)	| [SinaAPI] Response content: var hq_str_sz002400="省广集团,8.900,8.950,9.120,9.300,8.870,9.120,9.130,86078212,789532673.700,83400,9.120,279100,9.110,603100,9.100,217500,9.090,182500,9.080,112000,9.130,63300,9.140,35500,9.150,66400,9.
2026-05-19 10:29:02 I 136936 D:\home\apps\api\utils\stock_api.py:65 (get_stock_info)	| [SinaAPI] Request: http://hq.sinajs.cn/list=sz002390, Status: 200
2026-05-19 10:29:02 I 136936 D:\home\apps\api\utils\stock_api.py:66 (get_stock_info)	| [SinaAPI] Response content: var hq_str_sz002390="信邦制药,3.150,3.150,3.170,3.190,3.150,3.170,3.180,8672434,27552258.710,802900,3.170,643400,3.160,770300,3.150,171500,3.140,226400,3.130,183400,3.180,1124700,3.190,1071700,3.200,30370
2026-05-19 10:29:02 I 136936 D:\home\apps\api\utils\stock_api.py:65 (get_stock_info)	| [SinaAPI] Request: http://hq.sinajs.cn/list=sz002378, Status: 200
2026-05-19 10:29:02 I 136936 D:\home\apps\api\utils\stock_api.py:66 (get_stock_info)	| [SinaAPI] Response content: var hq_str_sz002378="章源钨业,29.950,29.950,27.800,30.000,27.760,27.810,27.820,33266449,949844155.960,100,27.810,3100,27.800,11500,27.790,13300,27.780,16200,27.770,4800,27.820,1100,27.830,3100,27.840,7400
2026-05-19 10:29:02 I 136936 D:\home\apps\api\utils\stock_api.py:65 (get_stock_info)	| [SinaAPI] Request: http://hq.sinajs.cn/list=sz002374, Status: 200
2026-05-19 10:29:02 I 136936 D:\home\apps\api\utils\stock_api.py:66 (get_stock_info)	| [SinaAPI] Response content: var hq_str_sz002374="中锐股份,3.700,3.910,3.840,3.970,3.660,3.840,3.850,80161043,306463043.590,30300,3.840,52800,3.830,74734,3.820,224600,3.810,511200,3.800,74200,3.850,124800,3.860,170100,3.870,30800,3.8
2026-05-19 10:29:02 I 136936 D:\home\apps\api\utils\stock_api.py:65 (get_stock_info)	| [SinaAPI] Request: http://hq.sinajs.cn/list=sz002372, Status: 200
2026-05-19 10:29:02 I 136936 D:\home\apps\api\utils\stock_api.py:66 (get_stock_info)	| [SinaAPI] Response content: var hq_str_sz002372="伟星新材,10.210,10.210,10.190,10.260,10.150,10.190,10.200,2265800,23129338.000,14500,10.190,15200,10.180,23300,10.170,28900,10.160,34700,10.150,1000,10.200,5200,10.210,13400,10.220,15
2026-05-19 10:29:02 I 136936 D:\home\apps\api\utils\stock_api.py:65 (get_stock_info)	| [SinaAPI] Request: http://hq.sinajs.cn/list=sz002357, Status: 200
2026-05-19 10:29:02 I 136936 D:\home\apps\api\utils\stock_api.py:66 (get_stock_info)	| [SinaAPI] Response content: var hq_str_sz002357="富临运业,11.270,11.270,11.200,11.530,11.180,11.190,11.200,3462900,39286753.000,21300,11.190,5800,11.180,3300,11.170,4600,11.160,3200,11.150,6800,11.200,18200,11.210,4400,11.220,400,11
2026-05-19 10:29:02 I 136936 D:\home\apps\api\utils\stock_api.py:65 (get_stock_info)	| [SinaAPI] Request: http://hq.sinajs.cn/list=sz002330, Status: 200
2026-05-19 10:29:02 I 136936 D:\home\apps\api\utils\stock_api.py:66 (get_stock_info)	| [SinaAPI] Response content: var hq_str_sz002330="得利斯,4.530,4.520,4.510,4.580,4.510,4.510,4.520,4815700,21916289.000,71200,4.510,62900,4.500,45500,4.490,176400,4.480,51200,4.470,49900,4.520,89800,4.530,54500,4.540,33300,4.550,590
2026-05-19 10:29:02 I 136936 D:\home\apps\api\utils\stock_api.py:65 (get_stock_info)	| [SinaAPI] Request: http://hq.sinajs.cn/list=sz002303, Status: 200
2026-05-19 10:29:02 I 136936 D:\home\apps\api\utils\stock_api.py:66 (get_stock_info)	| [SinaAPI] Response content: var hq_str_sz002303="美盈森,3.540,3.540,3.530,3.560,3.500,3.520,3.530,5873900,20762919.000,348400,3.520,339800,3.510,591100,3.500,165900,3.490,304100,3.480,8100,3.530,131200,3.540,163200,3.550,537700,3.5
2026-05-19 10:29:02 I 136936 D:\home\apps\api\utils\stock_api.py:65 (get_stock_info)	| [SinaAPI] Request: http://hq.sinajs.cn/list=sz002282, Status: 200
2026-05-19 10:29:02 I 136936 D:\home\apps\api\utils\stock_api.py:66 (get_stock_info)	| [SinaAPI] Response content: var hq_str_sz002282="博深股份,6.500,6.460,6.530,6.610,6.470,6.530,6.540,1967900,12919890.000,42100,6.530,68800,6.520,46300,6.510,16900,6.500,2900,6.490,19900,6.540,17300,6.550,28920,6.560,24100,6.570,3790
2026-05-19 10:29:02 I 136936 D:\home\apps\api\utils\stock_api.py:65 (get_stock_info)	| [SinaAPI] Request: http://hq.sinajs.cn/list=sz002275, Status: 200
2026-05-19 10:29:02 I 136936 D:\home\apps\api\utils\stock_api.py:66 (get_stock_info)	| [SinaAPI] Response content: var hq_str_sz002275="桂林三金,13.750,13.750,13.850,13.910,13.710,13.850,13.870,808600,11196932.000,4700,13.850,13300,13.840,7300,13.830,4500,13.820,5000,13.810,400,13.870,34500,13.880,2200,13.890,6700,13.
2026-05-19 10:29:03 I 136936 D:\home\apps\api\utils\stock_api.py:65 (get_stock_info)	| [SinaAPI] Request: http://hq.sinajs.cn/list=sz002264, Status: 200
2026-05-19 10:29:03 I 136936 D:\home\apps\api\utils\stock_api.py:66 (get_stock_info)	| [SinaAPI] Response content: var hq_str_sz002264="新 华 都,7.600,7.600,7.630,7.730,7.550,7.620,7.630,6442303,49383625.800,39400,7.620,77700,7.610,89700,7.600,20900,7.590,62300,7.580,9100,7.630,27200,7.640,48900,7.650,65100,7.660,147
2026-05-19 10:29:03 I 136936 D:\home\apps\api\utils\stock_api.py:65 (get_stock_info)	| [SinaAPI] Request: http://hq.sinajs.cn/list=sz002175, Status: 200
2026-05-19 10:29:03 I 136936 D:\home\apps\api\utils\stock_api.py:66 (get_stock_info)	| [SinaAPI] Response content: var hq_str_sz002175="*ST东智,2.680,2.820,2.680,2.680,2.680,0.000,2.680,11687900,31323572.000,0,0.000,0,0.000,0,0.000,0,0.000,0,0.000,58798643,2.680,79700,2.690,125800,2.700,157900,2.710,39700,2.720,2026
2026-05-19 10:29:03 I 136936 D:\home\apps\api\utils\stock_api.py:65 (get_stock_info)	| [SinaAPI] Request: http://hq.sinajs.cn/list=sz002174, Status: 200
2026-05-19 10:29:03 I 136936 D:\home\apps\api\utils\stock_api.py:66 (get_stock_info)	| [SinaAPI] Response content: var hq_str_sz002174="游族网络,11.710,11.760,11.720,12.090,11.620,11.720,11.730,22705700,268868825.210,9200,11.720,50000,11.710,164200,11.700,9100,11.690,52600,11.680,39900,11.730,10600,11.740,76000,11.750
2026-05-19 10:29:03 I 136936 D:\home\apps\api\utils\stock_api.py:65 (get_stock_info)	| [SinaAPI] Request: http://hq.sinajs.cn/list=sz002157, Status: 200
2026-05-19 10:29:03 I 136936 D:\home\apps\api\utils\stock_api.py:66 (get_stock_info)	| [SinaAPI] Response content: var hq_str_sz002157="正邦科技,3.330,3.320,3.280,3.360,3.230,3.280,3.290,126515300,415333361.000,5100,3.280,896900,3.270,1396800,3.260,2024700,3.250,3236200,3.240,1238700,3.290,2136700,3.300,1029400,3.310,
2026-05-19 10:29:03 I 136936 D:\home\apps\api\utils\stock_api.py:65 (get_stock_info)	| [SinaAPI] Request: http://hq.sinajs.cn/list=sz002129, Status: 200
2026-05-19 10:29:03 I 136936 D:\home\apps\api\utils\stock_api.py:66 (get_stock_info)	| [SinaAPI] Response content: var hq_str_sz002129="TCL中环,9.380,9.360,9.460,9.630,9.240,9.460,9.470,74093720,699096080.550,42400,9.460,80600,9.450,90400,9.440,24300,9.430,44200,9.420,199800,9.470,111700,9.480,13800,9.490,47400,9.50
2026-05-19 10:29:03 I 136936 D:\home\apps\api\utils\stock_api.py:65 (get_stock_info)	| [SinaAPI] Request: http://hq.sinajs.cn/list=sz002067, Status: 200
2026-05-19 10:29:03 I 136936 D:\home\apps\api\utils\stock_api.py:66 (get_stock_info)	| [SinaAPI] Response content: var hq_str_sz002067="景兴纸业,5.280,4.800,5.280,5.280,5.210,5.280,0.000,76806162,405473203.360,36716816,5.280,231800,5.270,223400,5.260,88900,5.250,138900,5.240,0,0.000,0,0.000,0,0.000,0,0.000,0,0.000,202
2026-05-19 10:29:03 I 136936 D:\home\apps\api\utils\stock_api.py:65 (get_stock_info)	| [SinaAPI] Request: http://hq.sinajs.cn/list=sz002044, Status: 200
2026-05-19 10:29:03 I 136936 D:\home\apps\api\utils\stock_api.py:66 (get_stock_info)	| [SinaAPI] Response content: var hq_str_sz002044="美年健康,6.140,6.120,6.380,6.730,6.120,6.380,6.390,288441106,1873035092.690,426200,6.380,576900,6.370,796100,6.360,666400,6.350,302600,6.340,561900,6.390,1277800,6.400,201420,6.410,25
2026-05-19 10:29:03 I 136936 D:\home\apps\api\utils\stock_api.py:65 (get_stock_info)	| [SinaAPI] Request: http://hq.sinajs.cn/list=sz002043, Status: 200
2026-05-19 10:29:03 I 136936 D:\home\apps\api\utils\stock_api.py:66 (get_stock_info)	| [SinaAPI] Response content: var hq_str_sz002043="兔 宝 宝,13.500,13.720,13.810,13.890,13.330,13.800,13.810,6034343,82749795.810,12600,13.800,4900,13.790,11900,13.780,3400,13.770,34100,13.760,2900,13.810,6000,13.820,10300,13.830,330
2026-05-19 10:29:03 I 136936 D:\home\apps\api\utils\stock_api.py:65 (get_stock_info)	| [SinaAPI] Request: http://hq.sinajs.cn/list=sz000786, Status: 200
2026-05-19 10:29:03 I 136936 D:\home\apps\api\utils\stock_api.py:66 (get_stock_info)	| [SinaAPI] Response content: var hq_str_sz000786="北新建材,24.630,24.610,24.600,24.740,24.530,24.590,24.600,3853900,94905227.000,8600,24.590,46200,24.580,65600,24.570,37200,24.560,83500,24.550,9000,24.600,7600,24.610,4700,24.620,1370
2026-05-19 10:29:03 I 136936 D:\home\apps\api\utils\stock_api.py:65 (get_stock_info)	| [SinaAPI] Request: http://hq.sinajs.cn/list=sz000750, Status: 200
2026-05-19 10:29:03 I 136936 D:\home\apps\api\utils\stock_api.py:66 (get_stock_info)	| [SinaAPI] Response content: var hq_str_sz000750="国海证券,3.790,3.800,3.810,3.850,3.790,3.810,3.820,20436180,78173063.820,1139500,3.810,1049900,3.800,1254600,3.790,1016600,3.780,1030500,3.770,228900,3.820,973500,3.830,1062700,3.840,
2026-05-19 10:29:03 I 136936 D:\home\apps\api\utils\stock_api.py:65 (get_stock_info)	| [SinaAPI] Request: http://hq.sinajs.cn/list=sz000709, Status: 200
2026-05-19 10:29:03 I 136936 D:\home\apps\api\utils\stock_api.py:66 (get_stock_info)	| [SinaAPI] Response content: var hq_str_sz000709="河钢股份,2.240,2.240,2.240,2.260,2.230,2.240,2.250,27594225,62084753.730,11117203,2.240,5636300,2.230,6203600,2.220,2589800,2.210,3751800,2.200,1767200,2.250,7149310,2.260,5453897,2.2
2026-05-19 10:29:03 I 136936 D:\home\apps\api\utils\stock_api.py:65 (get_stock_info)	| [SinaAPI] Request: http://hq.sinajs.cn/list=sz000166, Status: 200
2026-05-19 10:29:03 I 136936 D:\home\apps\api\utils\stock_api.py:66 (get_stock_info)	| [SinaAPI] Response content: var hq_str_sz000166="申万宏源,4.460,4.470,4.490,4.520,4.450,4.490,4.500,36630544,164617485.010,2147120,4.490,1917500,4.480,1729700,4.470,1032300,4.460,1710200,4.450,57800,4.500,2192900,4.510,2768250,4.520
2026-05-19 10:29:03 I 136936 D:\home\apps\api\utils\stock_api.py:65 (get_stock_info)	| [SinaAPI] Request: http://hq.sinajs.cn/list=sz000069, Status: 200
2026-05-19 10:29:03 I 136936 D:\home\apps\api\utils\stock_api.py:66 (get_stock_info)	| [SinaAPI] Response content: var hq_str_sz000069="华侨城Ａ,2.070,2.070,2.070,2.100,2.060,2.070,2.080,16364433,33982457.640,848700,2.070,1219400,2.060,1259200,2.050,956100,2.040,1248500,2.030,2126100,2.080,1732300,2.090,2011600,2.100,
2026-05-19 10:29:12 I 136936 D:\home\apps\api\utils\stock_api.py:65 (get_stock_info)	| [SinaAPI] Request: http://hq.sinajs.cn/list=sh601727, Status: 200
2026-05-19 10:29:12 I 136936 D:\home\apps\api\utils\stock_api.py:66 (get_stock_info)	| [SinaAPI] Response content: var hq_str_sh601727="上海电气,9.050,9.020,8.780,9.060,8.760,8.780,8.790,134361566,1189991898.000,1739100,8.780,1134400,8.770,2373350,8.760,1522400,8.750,298300,8.740,42500,8.790,280400,8.800,108000,8.810,
2026-05-19 10:29:12 I 136936 D:\home\apps\api\utils\stock_api.py:65 (get_stock_info)	| [SinaAPI] Request: http://hq.sinajs.cn/list=sh601588, Status: 200
2026-05-19 10:29:12 I 136936 D:\home\apps\api\utils\stock_api.py:66 (get_stock_info)	| [SinaAPI] Response content: var hq_str_sh601588="北辰实业,1.930,1.930,1.930,1.970,1.910,1.920,1.930,15584200,30233610.000,867300,1.920,654600,1.910,689600,1.900,456700,1.890,1140000,1.880,577600,1.930,637300,1.940,536000,1.950,28210
2026-05-19 10:29:12 I 136936 D:\home\apps\api\utils\stock_api.py:65 (get_stock_info)	| [SinaAPI] Request: http://hq.sinajs.cn/list=sh601100, Status: 200
2026-05-19 10:29:12 I 136936 D:\home\apps\api\utils\stock_api.py:66 (get_stock_info)	| [SinaAPI] Response content: var hq_str_sh601100="恒立液压,114.500,113.550,111.400,115.500,111.250,111.390,111.400,3561199,402615637.000,100,111.390,300,111.380,14700,111.370,400,111.360,1700,111.350,400,111.400,700,111.430,200,111.4
2026-05-19 10:29:12 I 136936 D:\home\apps\api\utils\stock_api.py:65 (get_stock_info)	| [SinaAPI] Request: http://hq.sinajs.cn/list=sh601059, Status: 200
2026-05-19 10:29:12 I 136936 D:\home\apps\api\utils\stock_api.py:66 (get_stock_info)	| [SinaAPI] Response content: var hq_str_sh601059="信达证券,17.200,16.670,17.100,17.200,17.010,17.090,17.100,16021470,274372623.000,187100,17.090,132900,17.080,25200,17.070,136000,17.060,176500,17.050,54600,17.100,40700,17.110,40001,1
2026-05-19 10:29:12 I 136936 D:\home\apps\api\utils\stock_api.py:65 (get_stock_info)	| [SinaAPI] Request: http://hq.sinajs.cn/list=sh600999, Status: 200
2026-05-19 10:29:12 I 136936 D:\home\apps\api\utils\stock_api.py:66 (get_stock_info)	| [SinaAPI] Response content: var hq_str_sh600999="招商证券,16.090,16.180,16.330,16.460,16.050,16.330,16.340,35615954,582013686.000,71600,16.330,109000,16.320,73100,16.310,132900,16.300,10900,16.290,36600,16.340,71900,16.350,50000,16.
2026-05-19 10:29:12 I 136936 D:\home\apps\api\utils\stock_api.py:65 (get_stock_info)	| [SinaAPI] Request: http://hq.sinajs.cn/list=sh600936, Status: 200
2026-05-19 10:29:12 I 136936 D:\home\apps\api\utils\stock_api.py:66 (get_stock_info)	| [SinaAPI] Response content: var hq_str_sh600936="北投科技,5.250,5.310,5.840,5.840,5.250,5.840,0.000,57342960,328985762.000,20566600,5.840,112500,5.830,12500,5.820,3900,5.810,112000,5.800,0,0.000,0,0.000,0,0.000,0,0.000,0,0.000,2026-
2026-05-19 10:29:12 I 136936 D:\home\apps\api\utils\stock_api.py:65 (get_stock_info)	| [SinaAPI] Request: http://hq.sinajs.cn/list=sh600392, Status: 200
2026-05-19 10:29:12 I 136936 D:\home\apps\api\utils\stock_api.py:66 (get_stock_info)	| [SinaAPI] Response content: var hq_str_sh600392="盛和资源,23.950,24.050,22.830,23.990,22.810,22.820,22.830,33050644,767334564.000,2600,22.820,113200,22.810,455000,22.800,19100,22.790,30700,22.780,7400,22.830,4300,22.840,5600,22.850,
2026-05-19 10:29:12 I 136936 D:\home\apps\api\utils\stock_api.py:65 (get_stock_info)	| [SinaAPI] Request: http://hq.sinajs.cn/list=sh600369, Status: 200
2026-05-19 10:29:12 I 136936 D:\home\apps\api\utils\stock_api.py:66 (get_stock_info)	| [SinaAPI] Response content: var hq_str_sh600369="西南证券,4.050,4.040,4.080,4.110,4.040,4.080,4.090,17703800,72330865.000,78800,4.080,998000,4.070,614900,4.060,520000,4.050,369200,4.040,814500,4.090,1356900,4.100,1036600,4.110,94970
2026-05-19 10:29:12 I 136936 D:\home\apps\api\utils\stock_api.py:65 (get_stock_info)	| [SinaAPI] Request: http://hq.sinajs.cn/list=sh600362, Status: 200
2026-05-19 10:29:12 I 136936 D:\home\apps\api\utils\stock_api.py:66 (get_stock_info)	| [SinaAPI] Response content: var hq_str_sh600362="江西铜业,45.110,45.440,43.440,45.190,43.370,43.440,43.450,21169585,935413198.000,300,43.440,3900,43.430,29000,43.420,17017,43.410,11100,43.400,7100,43.450,5600,43.460,300,43.470,1200,
2026-05-19 10:29:12 I 136936 D:\home\apps\api\utils\stock_api.py:65 (get_stock_info)	| [SinaAPI] Request: http://hq.sinajs.cn/list=sh600256, Status: 200
2026-05-19 10:29:12 I 136936 D:\home\apps\api\utils\stock_api.py:66 (get_stock_info)	| [SinaAPI] Response content: var hq_str_sh600256="广汇能源,6.460,6.550,6.290,6.460,6.280,6.280,6.290,60627158,385160846.000,641400,6.280,432500,6.270,557800,6.260,632400,6.250,500500,6.240,5400,6.290,371700,6.300,378300,6.310,168300,
2026-05-19 10:29:12 I 136936 D:\home\apps\api\utils\stock_api.py:65 (get_stock_info)	| [SinaAPI] Request: http://hq.sinajs.cn/list=sh600121, Status: 200
2026-05-19 10:29:12 I 136936 D:\home\apps\api\utils\stock_api.py:66 (get_stock_info)	| [SinaAPI] Response content: var hq_str_sh600121="郑州煤电,4.270,4.280,4.330,4.370,4.200,4.320,4.330,29800261,128683071.000,25800,4.320,264700,4.310,310400,4.300,139300,4.290,121900,4.280,135900,4.330,349800,4.340,658700,4.350,803600
2026-05-19 10:29:12 I 136936 D:\home\apps\api\utils\stock_api.py:65 (get_stock_info)	| [SinaAPI] Request: http://hq.sinajs.cn/list=sh600116, Status: 200
2026-05-19 10:29:12 I 136936 D:\home\apps\api\utils\stock_api.py:66 (get_stock_info)	| [SinaAPI] Response content: var hq_str_sh600116="三峡水利,6.770,6.770,6.940,6.970,6.710,6.940,6.950,21104026,145275801.000,55000,6.940,45200,6.930,90000,6.920,51100,6.910,87600,6.900,114900,6.950,305700,6.960,421400,6.970,509800,6.9
2026-05-19 10:29:12 I 136936 D:\home\apps\api\utils\stock_api.py:65 (get_stock_info)	| [SinaAPI] Request: http://hq.sinajs.cn/list=sh600111, Status: 200
2026-05-19 10:29:12 I 136936 D:\home\apps\api\utils\stock_api.py:66 (get_stock_info)	| [SinaAPI] Response content: var hq_str_sh600111="北方稀土,51.200,51.700,49.540,51.580,49.500,49.530,49.540,59860332,3004421772.000,1000,49.530,14300,49.520,45300,49.510,603200,49.500,84600,49.490,4400,49.540,1100,49.550,4900,49.560,
2026-05-19 10:29:12 I 136936 D:\home\apps\api\utils\stock_api.py:65 (get_stock_info)	| [SinaAPI] Request: http://hq.sinajs.cn/list=sh600082, Status: 200
2026-05-19 10:29:12 I 136936 D:\home\apps\api\utils\stock_api.py:66 (get_stock_info)	| [SinaAPI] Response content: var hq_str_sh600082="ST海泰,3.810,3.800,3.840,3.940,3.810,3.840,3.850,8611260,33387725.000,55600,3.840,151300,3.830,122100,3.820,189600,3.810,156300,3.800,55100,3.850,80400,3.860,63600,3.870,25200,3.880
2026-05-19 10:29:12 I 136936 D:\home\apps\api\utils\stock_api.py:65 (get_stock_info)	| [SinaAPI] Request: http://hq.sinajs.cn/list=sh600081, Status: 200
2026-05-19 10:29:12 I 136936 D:\home\apps\api\utils\stock_api.py:66 (get_stock_info)	| [SinaAPI] Response content: var hq_str_sh600081="东风科技,12.300,12.400,12.410,12.860,12.300,12.410,12.420,6950770,87035792.000,9400,12.410,23300,12.400,2400,12.390,6200,12.380,11100,12.370,9300,12.420,3000,12.430,5200,12.440,5700,1
2026-05-19 10:29:12 I 136936 D:\home\apps\api\utils\stock_api.py:65 (get_stock_info)	| [SinaAPI] Request: http://hq.sinajs.cn/list=sh600031, Status: 200
2026-05-19 10:29:12 I 136936 D:\home\apps\api\utils\stock_api.py:66 (get_stock_info)	| [SinaAPI] Response content: var hq_str_sh600031="三一重工,19.520,19.390,19.020,19.560,19.020,19.020,19.030,31494330,605673172.000,213200,19.020,484100,19.010,1214800,19.000,123600,18.990,55500,18.980,94200,19.030,37000,19.040,10700,
2026-05-19 10:29:12 I 136936 D:\home\apps\api\utils\stock_api.py:65 (get_stock_info)	| [SinaAPI] Request: http://hq.sinajs.cn/list=sz002441, Status: 200
2026-05-19 10:29:12 I 136936 D:\home\apps\api\utils\stock_api.py:66 (get_stock_info)	| [SinaAPI] Response content: var hq_str_sz002441="众业达,10.190,10.210,10.280,10.390,10.150,10.280,10.290,3274700,33748052.000,6300,10.280,7800,10.270,9800,10.260,11800,10.250,29100,10.240,8200,10.290,2600,10.300,1500,10.310,5400,10
2026-05-19 10:29:13 I 136936 D:\home\apps\api\utils\stock_api.py:65 (get_stock_info)	| [SinaAPI] Request: http://hq.sinajs.cn/list=sz002424, Status: 200
2026-05-19 10:29:13 I 136936 D:\home\apps\api\utils\stock_api.py:66 (get_stock_info)	| [SinaAPI] Response content: var hq_str_sz002424="ST百灵,4.940,4.860,4.910,5.020,4.900,4.900,4.910,4429400,21898329.000,79100,4.900,203100,4.890,266900,4.880,117200,4.870,75700,4.860,56200,4.910,41800,4.920,87700,4.930,99900,4.940,
2026-05-19 10:29:13 I 136936 D:\home\apps\api\utils\stock_api.py:65 (get_stock_info)	| [SinaAPI] Request: http://hq.sinajs.cn/list=sz002408, Status: 200
2026-05-19 10:29:13 I 136936 D:\home\apps\api\utils\stock_api.py:66 (get_stock_info)	| [SinaAPI] Response content: var hq_str_sz002408="齐翔腾达,5.790,5.810,5.680,5.800,5.680,5.680,5.690,10989960,62932079.850,318900,5.680,140900,5.670,252400,5.660,291600,5.650,58200,5.640,18300,5.690,120982,5.700,52750,5.710,144000,5.
2026-05-19 10:29:13 I 136936 D:\home\apps\api\utils\stock_api.py:65 (get_stock_info)	| [SinaAPI] Request: http://hq.sinajs.cn/list=sz002400, Status: 200
2026-05-19 10:29:13 I 136936 D:\home\apps\api\utils\stock_api.py:66 (get_stock_info)	| [SinaAPI] Response content: var hq_str_sz002400="省广集团,8.900,8.950,9.120,9.300,8.870,9.120,9.130,86138512,790082666.700,50700,9.120,284700,9.110,601700,9.100,213300,9.090,182500,9.080,110600,9.130,59900,9.140,34500,9.150,67900,9.
2026-05-19 10:29:13 I 136936 D:\home\apps\api\utils\stock_api.py:65 (get_stock_info)	| [SinaAPI] Request: http://hq.sinajs.cn/list=sz002390, Status: 200
2026-05-19 10:29:13 I 136936 D:\home\apps\api\utils\stock_api.py:66 (get_stock_info)	| [SinaAPI] Response content: var hq_str_sz002390="信邦制药,3.150,3.150,3.180,3.190,3.150,3.170,3.180,8676434,27564978.710,804900,3.170,643400,3.160,775900,3.150,171500,3.140,226500,3.130,194600,3.180,1124700,3.190,1071700,3.200,30370
2026-05-19 10:29:13 I 136936 D:\home\apps\api\utils\stock_api.py:65 (get_stock_info)	| [SinaAPI] Request: http://hq.sinajs.cn/list=sz002378, Status: 200
2026-05-19 10:29:13 I 136936 D:\home\apps\api\utils\stock_api.py:66 (get_stock_info)	| [SinaAPI] Response content: var hq_str_sz002378="章源钨业,29.950,29.950,27.810,30.000,27.760,27.820,27.840,33299349,950759120.960,700,27.820,3400,27.810,9400,27.800,29000,27.790,18300,27.780,3100,27.840,7300,27.850,1200,27.860,5200,
2026-05-19 10:29:13 I 136936 D:\home\apps\api\utils\stock_api.py:65 (get_stock_info)	| [SinaAPI] Request: http://hq.sinajs.cn/list=sz002374, Status: 200
2026-05-19 10:29:13 I 136936 D:\home\apps\api\utils\stock_api.py:66 (get_stock_info)	| [SinaAPI] Response content: var hq_str_sz002374="中锐股份,3.700,3.910,3.840,3.970,3.660,3.840,3.850,80186443,306560590.590,100,3.840,52700,3.830,78834,3.820,244600,3.810,511800,3.800,277400,3.850,124800,3.860,170200,3.870,30800,3.88
2026-05-19 10:29:13 I 136936 D:\home\apps\api\utils\stock_api.py:65 (get_stock_info)	| [SinaAPI] Request: http://hq.sinajs.cn/list=sz002372, Status: 200
2026-05-19 10:29:13 I 136936 D:\home\apps\api\utils\stock_api.py:66 (get_stock_info)	| [SinaAPI] Response content: var hq_str_sz002372="伟星新材,10.210,10.210,10.200,10.260,10.150,10.200,10.210,2268100,23152787.000,8800,10.200,13400,10.190,15200,10.180,23300,10.170,28900,10.160,5200,10.210,13400,10.220,15700,10.230,13
2026-05-19 10:29:13 I 136936 D:\home\apps\api\utils\stock_api.py:65 (get_stock_info)	| [SinaAPI] Request: http://hq.sinajs.cn/list=sz002357, Status: 200
2026-05-19 10:29:13 I 136936 D:\home\apps\api\utils\stock_api.py:66 (get_stock_info)	| [SinaAPI] Response content: var hq_str_sz002357="富临运业,11.270,11.270,11.200,11.530,11.180,11.200,11.210,3469700,39362913.000,2200,11.200,19800,11.190,5600,11.180,3300,11.170,4600,11.160,18200,11.210,4400,11.220,400,11.230,16500,1
2026-05-19 10:29:13 I 136936 D:\home\apps\api\utils\stock_api.py:65 (get_stock_info)	| [SinaAPI] Request: http://hq.sinajs.cn/list=sz002330, Status: 200
2026-05-19 10:29:13 I 136936 D:\home\apps\api\utils\stock_api.py:66 (get_stock_info)	| [SinaAPI] Response content: var hq_str_sz002330="得利斯,4.530,4.520,4.520,4.580,4.510,4.510,4.520,4815900,21917193.000,73100,4.510,62900,4.500,45500,4.490,176400,4.480,51200,4.470,51700,4.520,89800,4.530,54500,4.540,33300,4.550,590
2026-05-19 10:29:13 I 136936 D:\home\apps\api\utils\stock_api.py:65 (get_stock_info)	| [SinaAPI] Request: http://hq.sinajs.cn/list=sz002303, Status: 200
2026-05-19 10:29:13 I 136936 D:\home\apps\api\utils\stock_api.py:66 (get_stock_info)	| [SinaAPI] Response content: var hq_str_sz002303="美盈森,3.540,3.540,3.530,3.560,3.500,3.520,3.530,5889500,20817912.000,397800,3.520,339800,3.510,593100,3.500,165900,3.490,304100,3.480,100,3.530,128800,3.540,163200,3.550,537700,3.56
2026-05-19 10:29:13 I 136936 D:\home\apps\api\utils\stock_api.py:65 (get_stock_info)	| [SinaAPI] Request: http://hq.sinajs.cn/list=sz002282, Status: 200
2026-05-19 10:29:13 I 136936 D:\home\apps\api\utils\stock_api.py:66 (get_stock_info)	| [SinaAPI] Response content: var hq_str_sz002282="博深股份,6.500,6.460,6.530,6.610,6.470,6.530,6.540,1967900,12919890.000,42100,6.530,68800,6.520,46300,6.510,16900,6.500,2900,6.490,19900,6.540,17300,6.550,28820,6.560,24100,6.570,3790
2026-05-19 10:29:13 I 136936 D:\home\apps\api\utils\stock_api.py:65 (get_stock_info)	| [SinaAPI] Request: http://hq.sinajs.cn/list=sz002275, Status: 200
2026-05-19 10:29:13 I 136936 D:\home\apps\api\utils\stock_api.py:66 (get_stock_info)	| [SinaAPI] Response content: var hq_str_sz002275="桂林三金,13.750,13.750,13.860,13.910,13.710,13.850,13.870,809300,11206635.000,6600,13.850,13300,13.840,7300,13.830,4500,13.820,5000,13.810,1200,13.870,34500,13.880,2200,13.890,6700,13
2026-05-19 10:29:13 I 136936 D:\home\apps\api\utils\stock_api.py:65 (get_stock_info)	| [SinaAPI] Request: http://hq.sinajs.cn/list=sz002264, Status: 200
2026-05-19 10:29:13 I 136936 D:\home\apps\api\utils\stock_api.py:66 (get_stock_info)	| [SinaAPI] Response content: var hq_str_sz002264="新 华 都,7.600,7.600,7.630,7.730,7.550,7.630,7.640,6463203,49543092.800,5800,7.630,36300,7.620,77700,7.610,90900,7.600,20900,7.590,30500,7.640,48900,7.650,65100,7.660,14700,7.670,340
2026-05-19 10:29:13 I 136936 D:\home\apps\api\utils\stock_api.py:65 (get_stock_info)	| [SinaAPI] Request: http://hq.sinajs.cn/list=sz002175, Status: 200
2026-05-19 10:29:13 I 136936 D:\home\apps\api\utils\stock_api.py:66 (get_stock_info)	| [SinaAPI] Response content: var hq_str_sz002175="*ST东智,2.680,2.820,2.680,2.680,2.680,0.000,2.680,11687900,31323572.000,0,0.000,0,0.000,0,0.000,0,0.000,0,0.000,58810743,2.680,79700,2.690,125800,2.700,157900,2.710,39700,2.720,2026
2026-05-19 10:29:13 I 136936 D:\home\apps\api\utils\stock_api.py:65 (get_stock_info)	| [SinaAPI] Request: http://hq.sinajs.cn/list=sz002174, Status: 200
2026-05-19 10:29:13 I 136936 D:\home\apps\api\utils\stock_api.py:66 (get_stock_info)	| [SinaAPI] Response content: var hq_str_sz002174="游族网络,11.710,11.760,11.730,12.090,11.620,11.720,11.730,22727200,269120847.210,7800,11.720,50000,11.710,165000,11.700,9100,11.690,55100,11.680,36900,11.730,10200,11.740,76100,11.750
2026-05-19 10:29:13 I 136936 D:\home\apps\api\utils\stock_api.py:65 (get_stock_info)	| [SinaAPI] Request: http://hq.sinajs.cn/list=sz002157, Status: 200
2026-05-19 10:29:13 I 136936 D:\home\apps\api\utils\stock_api.py:66 (get_stock_info)	| [SinaAPI] Response content: var hq_str_sz002157="正邦科技,3.330,3.320,3.290,3.360,3.230,3.280,3.290,126585200,415562630.000,22600,3.280,1121700,3.270,1415900,3.260,2032800,3.250,3233600,3.240,1226100,3.290,2133800,3.300,998000,3.310
2026-05-19 10:29:13 I 136936 D:\home\apps\api\utils\stock_api.py:65 (get_stock_info)	| [SinaAPI] Request: http://hq.sinajs.cn/list=sz002129, Status: 200
2026-05-19 10:29:13 I 136936 D:\home\apps\api\utils\stock_api.py:66 (get_stock_info)	| [SinaAPI] Response content: var hq_str_sz002129="TCL中环,9.380,9.360,9.470,9.630,9.240,9.460,9.470,74177720,699891282.550,60100,9.460,109900,9.450,91000,9.440,40100,9.430,48200,9.420,176100,9.470,86800,9.480,13800,9.490,39500,9.50
2026-05-19 10:29:13 I 136936 D:\home\apps\api\utils\stock_api.py:65 (get_stock_info)	| [SinaAPI] Request: http://hq.sinajs.cn/list=sz002067, Status: 200
2026-05-19 10:29:13 I 136936 D:\home\apps\api\utils\stock_api.py:66 (get_stock_info)	| [SinaAPI] Response content: var hq_str_sz002067="景兴纸业,5.280,4.800,5.280,5.280,5.210,5.280,0.000,76821262,405552931.360,36714916,5.280,231300,5.270,223400,5.260,88900,5.250,138900,5.240,0,0.000,0,0.000,0,0.000,0,0.000,0,0.000,202
2026-05-19 10:29:13 I 136936 D:\home\apps\api\utils\stock_api.py:65 (get_stock_info)	| [SinaAPI] Request: http://hq.sinajs.cn/list=sz002044, Status: 200
2026-05-19 10:29:13 I 136936 D:\home\apps\api\utils\stock_api.py:66 (get_stock_info)	| [SinaAPI] Response content: var hq_str_sz002044="美年健康,6.140,6.120,6.390,6.730,6.120,6.380,6.390,288557006,1873774971.690,396800,6.380,567500,6.370,803200,6.360,628200,6.350,302600,6.340,535400,6.390,1284200,6.400,201420,6.410,25
2026-05-19 10:29:13 I 136936 D:\home\apps\api\utils\stock_api.py:65 (get_stock_info)	| [SinaAPI] Request: http://hq.sinajs.cn/list=sz002043, Status: 200
2026-05-19 10:29:13 I 136936 D:\home\apps\api\utils\stock_api.py:66 (get_stock_info)	| [SinaAPI] Response content: var hq_str_sz002043="兔 宝 宝,13.500,13.720,13.790,13.890,13.330,13.790,13.800,6067943,83213497.810,6000,13.790,5400,13.780,3400,13.770,34100,13.760,2700,13.750,400,13.800,5800,13.810,10500,13.820,10200,
2026-05-19 10:29:13 I 136936 D:\home\apps\api\utils\stock_api.py:65 (get_stock_info)	| [SinaAPI] Request: http://hq.sinajs.cn/list=sz000786, Status: 200
2026-05-19 10:29:13 I 136936 D:\home\apps\api\utils\stock_api.py:66 (get_stock_info)	| [SinaAPI] Response content: var hq_str_sz000786="北新建材,24.630,24.610,24.600,24.740,24.530,24.590,24.600,3861700,95097107.000,11300,24.590,45900,24.580,65600,24.570,38200,24.560,83500,24.550,4900,24.600,7600,24.610,4700,24.620,145
2026-05-19 10:29:13 I 136936 D:\home\apps\api\utils\stock_api.py:65 (get_stock_info)	| [SinaAPI] Request: http://hq.sinajs.cn/list=sz000750, Status: 200
2026-05-19 10:29:13 I 136936 D:\home\apps\api\utils\stock_api.py:66 (get_stock_info)	| [SinaAPI] Response content: var hq_str_sz000750="国海证券,3.790,3.800,3.810,3.850,3.790,3.810,3.820,20437580,78178397.820,1168300,3.810,1085000,3.800,1254600,3.790,1016600,3.780,1030500,3.770,264400,3.820,976500,3.830,1062700,3.840,
2026-05-19 10:29:13 I 136936 D:\home\apps\api\utils\stock_api.py:65 (get_stock_info)	| [SinaAPI] Request: http://hq.sinajs.cn/list=sz000709, Status: 200
2026-05-19 10:29:13 I 136936 D:\home\apps\api\utils\stock_api.py:66 (get_stock_info)	| [SinaAPI] Response content: var hq_str_sz000709="河钢股份,2.240,2.240,2.240,2.260,2.230,2.240,2.250,27595925,62088565.730,11114003,2.240,5637900,2.230,6149000,2.220,2590200,2.210,3751800,2.200,1803800,2.250,7149310,2.260,5453897,2.2
2026-05-19 10:29:13 I 136936 D:\home\apps\api\utils\stock_api.py:65 (get_stock_info)	| [SinaAPI] Request: http://hq.sinajs.cn/list=sz000166, Status: 200
2026-05-19 10:29:13 I 136936 D:\home\apps\api\utils\stock_api.py:66 (get_stock_info)	| [SinaAPI] Response content: var hq_str_sz000166="申万宏源,4.460,4.470,4.500,4.520,4.450,4.490,4.500,36635244,164638632.010,2150420,4.490,1917500,4.480,1735300,4.470,1036800,4.460,1710200,4.450,98000,4.500,2192900,4.510,2763250,4.520
2026-05-19 10:29:13 I 136936 D:\home\apps\api\utils\stock_api.py:65 (get_stock_info)	| [SinaAPI] Request: http://hq.sinajs.cn/list=sz000069, Status: 200
2026-05-19 10:29:13 I 136936 D:\home\apps\api\utils\stock_api.py:66 (get_stock_info)	| [SinaAPI] Response content: var hq_str_sz000069="华侨城Ａ,2.070,2.070,2.070,2.100,2.060,2.070,2.080,16370033,33994079.640,846100,2.070,1219400,2.060,1259200,2.050,956100,2.040,1248500,2.030,2125600,2.080,1752300,2.090,2011600,2.100,
2026-05-19 10:29:22 I 136936 D:\home\apps\api\utils\stock_api.py:65 (get_stock_info)	| [SinaAPI] Request: http://hq.sinajs.cn/list=sh601727, Status: 200
2026-05-19 10:29:22 I 136936 D:\home\apps\api\utils\stock_api.py:66 (get_stock_info)	| [SinaAPI] Response content: var hq_str_sh601727="上海电气,9.050,9.020,8.790,9.060,8.760,8.790,8.800,134454566,1190809149.000,125600,8.790,1724600,8.780,1134900,8.770,2377050,8.760,1525100,8.750,332100,8.800,108000,8.810,173217,8.820
2026-05-19 10:29:22 I 136936 D:\home\apps\api\utils\stock_api.py:65 (get_stock_info)	| [SinaAPI] Request: http://hq.sinajs.cn/list=sh601588, Status: 200
2026-05-19 10:29:22 I 136936 D:\home\apps\api\utils\stock_api.py:66 (get_stock_info)	| [SinaAPI] Response content: var hq_str_sh601588="北辰实业,1.930,1.930,1.930,1.970,1.910,1.920,1.930,15584500,30234188.000,867200,1.920,654600,1.910,689600,1.900,456700,1.890,1140000,1.880,561300,1.930,637300,1.940,536000,1.950,28210
2026-05-19 10:29:22 I 136936 D:\home\apps\api\utils\stock_api.py:65 (get_stock_info)	| [SinaAPI] Request: http://hq.sinajs.cn/list=sh601100, Status: 200
2026-05-19 10:29:22 I 136936 D:\home\apps\api\utils\stock_api.py:66 (get_stock_info)	| [SinaAPI] Response content: var hq_str_sh601100="恒立液压,114.500,113.550,111.470,115.500,111.250,111.470,111.550,3565999,403150454.000,200,111.470,500,111.460,600,111.450,100,111.440,1800,111.430,200,111.550,4500,111.580,200,111.59
2026-05-19 10:29:22 I 136936 D:\home\apps\api\utils\stock_api.py:65 (get_stock_info)	| [SinaAPI] Request: http://hq.sinajs.cn/list=sh601059, Status: 200
2026-05-19 10:29:22 I 136936 D:\home\apps\api\utils\stock_api.py:66 (get_stock_info)	| [SinaAPI] Response content: var hq_str_sh601059="信达证券,17.200,16.670,17.100,17.200,17.010,17.090,17.100,16032070,274553865.000,185300,17.090,132900,17.080,25200,17.070,136100,17.060,176500,17.050,46000,17.100,28100,17.110,40001,1
2026-05-19 10:29:22 I 136936 D:\home\apps\api\utils\stock_api.py:65 (get_stock_info)	| [SinaAPI] Request: http://hq.sinajs.cn/list=sh600999, Status: 200
2026-05-19 10:29:22 I 136936 D:\home\apps\api\utils\stock_api.py:66 (get_stock_info)	| [SinaAPI] Response content: var hq_str_sh600999="招商证券,16.090,16.180,16.340,16.460,16.050,16.340,16.350,35670154,582899230.000,8100,16.340,89900,16.330,114000,16.320,73100,16.310,132700,16.300,52100,16.350,50000,16.360,70100,16.3
2026-05-19 10:29:22 I 136936 D:\home\apps\api\utils\stock_api.py:65 (get_stock_info)	| [SinaAPI] Request: http://hq.sinajs.cn/list=sh600936, Status: 200
2026-05-19 10:29:22 I 136936 D:\home\apps\api\utils\stock_api.py:66 (get_stock_info)	| [SinaAPI] Response content: var hq_str_sh600936="北投科技,5.250,5.310,5.840,5.840,5.250,5.840,0.000,57343260,328987514.000,20577500,5.840,114600,5.830,12500,5.820,3900,5.810,112000,5.800,0,0.000,0,0.000,0,0.000,0,0.000,0,0.000,2026-
2026-05-19 10:29:22 I 136936 D:\home\apps\api\utils\stock_api.py:65 (get_stock_info)	| [SinaAPI] Request: http://hq.sinajs.cn/list=sh600392, Status: 200
2026-05-19 10:29:22 I 136936 D:\home\apps\api\utils\stock_api.py:66 (get_stock_info)	| [SinaAPI] Response content: var hq_str_sh600392="盛和资源,23.950,24.050,22.850,23.990,22.810,22.850,22.860,33214944,771084169.000,7800,22.850,3600,22.840,19700,22.830,68400,22.820,160600,22.810,1400,22.860,2000,22.870,46500,22.880,2
2026-05-19 10:29:22 I 136936 D:\home\apps\api\utils\stock_api.py:65 (get_stock_info)	| [SinaAPI] Request: http://hq.sinajs.cn/list=sh600369, Status: 200
2026-05-19 10:29:22 I 136936 D:\home\apps\api\utils\stock_api.py:66 (get_stock_info)	| [SinaAPI] Response content: var hq_str_sh600369="西南证券,4.050,4.040,4.090,4.110,4.040,4.080,4.090,17704400,72333319.000,122700,4.080,998300,4.070,614800,4.060,520000,4.050,369200,4.040,861300,4.090,1355900,4.100,1036600,4.110,9497
2026-05-19 10:29:22 I 136936 D:\home\apps\api\utils\stock_api.py:65 (get_stock_info)	| [SinaAPI] Request: http://hq.sinajs.cn/list=sh600362, Status: 200
2026-05-19 10:29:22 I 136936 D:\home\apps\api\utils\stock_api.py:66 (get_stock_info)	| [SinaAPI] Response content: var hq_str_sh600362="江西铜业,45.110,45.440,43.490,45.190,43.370,43.480,43.530,21211485,937234280.000,400,43.480,3700,43.470,4600,43.460,1200,43.450,3500,43.440,6200,43.530,100,43.550,1200,43.570,800,43.5
2026-05-19 10:29:22 I 136936 D:\home\apps\api\utils\stock_api.py:65 (get_stock_info)	| [SinaAPI] Request: http://hq.sinajs.cn/list=sh600256, Status: 200
2026-05-19 10:29:22 I 136936 D:\home\apps\api\utils\stock_api.py:66 (get_stock_info)	| [SinaAPI] Response content: var hq_str_sh600256="广汇能源,6.460,6.550,6.290,6.460,6.280,6.280,6.290,60687958,385543278.000,706300,6.280,504800,6.270,557800,6.260,632400,6.250,500500,6.240,72800,6.290,370900,6.300,377500,6.310,168300
2026-05-19 10:29:22 I 136936 D:\home\apps\api\utils\stock_api.py:65 (get_stock_info)	| [SinaAPI] Request: http://hq.sinajs.cn/list=sh600121, Status: 200
2026-05-19 10:29:22 I 136936 D:\home\apps\api\utils\stock_api.py:66 (get_stock_info)	| [SinaAPI] Response content: var hq_str_sh600121="郑州煤电,4.270,4.280,4.330,4.370,4.200,4.320,4.330,29857261,128929381.000,30000,4.320,266900,4.310,310400,4.300,139300,4.290,121900,4.280,132800,4.330,349800,4.340,658700,4.350,803600
2026-05-19 10:29:22 I 136936 D:\home\apps\api\utils\stock_api.py:65 (get_stock_info)	| [SinaAPI] Request: http://hq.sinajs.cn/list=sh600116, Status: 200
2026-05-19 10:29:22 I 136936 D:\home\apps\api\utils\stock_api.py:66 (get_stock_info)	| [SinaAPI] Response content: var hq_str_sh600116="三峡水利,6.770,6.770,6.940,6.970,6.710,6.940,6.950,21130926,145462502.000,33500,6.940,45200,6.930,90000,6.920,51100,6.910,86100,6.900,117600,6.950,312800,6.960,417300,6.970,509800,6.9
2026-05-19 10:29:22 I 136936 D:\home\apps\api\utils\stock_api.py:65 (get_stock_info)	| [SinaAPI] Request: http://hq.sinajs.cn/list=sh600111, Status: 200
2026-05-19 10:29:22 I 136936 D:\home\apps\api\utils\stock_api.py:66 (get_stock_info)	| [SinaAPI] Response content: var hq_str_sh600111="北方稀土,51.200,51.700,49.560,51.580,49.500,49.560,49.580,59920832,3007419061.000,1400,49.560,900,49.550,8700,49.540,3700,49.530,16700,49.520,600,49.580,2000,49.590,10400,49.600,4900,
2026-05-19 10:29:22 I 136936 D:\home\apps\api\utils\stock_api.py:65 (get_stock_info)	| [SinaAPI] Request: http://hq.sinajs.cn/list=sh600082, Status: 200
2026-05-19 10:29:22 I 136936 D:\home\apps\api\utils\stock_api.py:66 (get_stock_info)	| [SinaAPI] Response content: var hq_str_sh600082="ST海泰,3.810,3.800,3.840,3.940,3.810,3.840,3.850,8611260,33387725.000,57300,3.840,151300,3.830,122100,3.820,189900,3.810,156300,3.800,55100,3.850,80400,3.860,63600,3.870,25200,3.880
2026-05-19 10:29:22 I 136936 D:\home\apps\api\utils\stock_api.py:65 (get_stock_info)	| [SinaAPI] Request: http://hq.sinajs.cn/list=sh600081, Status: 200
2026-05-19 10:29:22 I 136936 D:\home\apps\api\utils\stock_api.py:66 (get_stock_info)	| [SinaAPI] Response content: var hq_str_sh600081="东风科技,12.300,12.400,12.400,12.860,12.300,12.400,12.410,6965870,87223126.000,17600,12.400,2400,12.390,6200,12.380,12100,12.370,23600,12.360,8700,12.410,9800,12.420,3000,12.430,5000,
2026-05-19 10:29:22 I 136936 D:\home\apps\api\utils\stock_api.py:65 (get_stock_info)	| [SinaAPI] Request: http://hq.sinajs.cn/list=sh600031, Status: 200
2026-05-19 10:29:22 I 136936 D:\home\apps\api\utils\stock_api.py:66 (get_stock_info)	| [SinaAPI] Response content: var hq_str_sh600031="三一重工,19.520,19.390,19.020,19.560,19.020,19.020,19.030,31513130,606030868.000,216600,19.020,490500,19.010,1219800,19.000,123600,18.990,57700,18.980,85400,19.030,35500,19.040,16700,
2026-05-19 10:29:22 I 136936 D:\home\apps\api\utils\stock_api.py:65 (get_stock_info)	| [SinaAPI] Request: http://hq.sinajs.cn/list=sz002441, Status: 200
2026-05-19 10:29:22 I 136936 D:\home\apps\api\utils\stock_api.py:66 (get_stock_info)	| [SinaAPI] Response content: var hq_str_sz002441="众业达,10.190,10.210,10.300,10.390,10.150,10.290,10.300,3283300,33836547.000,100,10.290,3500,10.280,10800,10.270,9800,10.260,10100,10.250,2700,10.300,1500,10.310,5400,10.320,7000,10.
2026-05-19 10:29:22 I 136936 D:\home\apps\api\utils\stock_api.py:65 (get_stock_info)	| [SinaAPI] Request: http://hq.sinajs.cn/list=sz002424, Status: 200
2026-05-19 10:29:22 I 136936 D:\home\apps\api\utils\stock_api.py:66 (get_stock_info)	| [SinaAPI] Response content: var hq_str_sz002424="ST百灵,4.940,4.860,4.910,5.020,4.900,4.900,4.910,4439800,21949393.000,74100,4.900,202100,4.890,266900,4.880,117200,4.870,75700,4.860,42100,4.910,41800,4.920,87700,4.930,99900,4.940,
2026-05-19 10:29:22 I 136936 D:\home\apps\api\utils\stock_api.py:65 (get_stock_info)	| [SinaAPI] Request: http://hq.sinajs.cn/list=sz002408, Status: 200
2026-05-19 10:29:22 I 136936 D:\home\apps\api\utils\stock_api.py:66 (get_stock_info)	| [SinaAPI] Response content: var hq_str_sz002408="齐翔腾达,5.790,5.810,5.690,5.800,5.680,5.680,5.690,11010560,63049095.850,302600,5.680,135500,5.670,252400,5.660,298200,5.650,58200,5.640,17500,5.690,120982,5.700,46650,5.710,144000,5.
2026-05-19 10:29:22 I 136936 D:\home\apps\api\utils\stock_api.py:65 (get_stock_info)	| [SinaAPI] Request: http://hq.sinajs.cn/list=sz002400, Status: 200
2026-05-19 10:29:22 I 136936 D:\home\apps\api\utils\stock_api.py:66 (get_stock_info)	| [SinaAPI] Response content: var hq_str_sz002400="省广集团,8.900,8.950,9.120,9.300,8.870,9.120,9.130,86245312,791056697.700,7700,9.120,296200,9.110,546600,9.100,208200,9.090,182500,9.080,68300,9.130,104800,9.140,38900,9.150,64600,9.1
2026-05-19 10:29:22 I 136936 D:\home\apps\api\utils\stock_api.py:65 (get_stock_info)	| [SinaAPI] Request: http://hq.sinajs.cn/list=sz002390, Status: 200
2026-05-19 10:29:22 I 136936 D:\home\apps\api\utils\stock_api.py:66 (get_stock_info)	| [SinaAPI] Response content: var hq_str_sz002390="信邦制药,3.150,3.150,3.170,3.190,3.150,3.170,3.180,8677134,27567197.710,812000,3.170,643400,3.160,775900,3.150,171500,3.140,226500,3.130,282500,3.180,1124700,3.190,1071700,3.200,30370
2026-05-19 10:29:22 I 136936 D:\home\apps\api\utils\stock_api.py:65 (get_stock_info)	| [SinaAPI] Request: http://hq.sinajs.cn/list=sz002378, Status: 200
2026-05-19 10:29:22 I 136936 D:\home\apps\api\utils\stock_api.py:66 (get_stock_info)	| [SinaAPI] Response content: var hq_str_sz002378="章源钨业,29.950,29.950,27.890,30.000,27.760,27.870,27.890,33357249,952371407.960,100,27.870,600,27.860,1900,27.850,3900,27.840,5900,27.820,2300,27.890,17298,27.900,1000,27.920,10500,2
2026-05-19 10:29:22 I 136936 D:\home\apps\api\utils\stock_api.py:65 (get_stock_info)	| [SinaAPI] Request: http://hq.sinajs.cn/list=sz002374, Status: 200
2026-05-19 10:29:22 I 136936 D:\home\apps\api\utils\stock_api.py:66 (get_stock_info)	| [SinaAPI] Response content: var hq_str_sz002374="中锐股份,3.700,3.910,3.840,3.970,3.660,3.830,3.840,80216943,306677577.590,59600,3.830,82834,3.820,243200,3.810,508400,3.800,517000,3.790,52400,3.840,348100,3.850,131400,3.860,54600,3.
2026-05-19 10:29:22 I 136936 D:\home\apps\api\utils\stock_api.py:65 (get_stock_info)	| [SinaAPI] Request: http://hq.sinajs.cn/list=sz002372, Status: 200
2026-05-19 10:29:22 I 136936 D:\home\apps\api\utils\stock_api.py:66 (get_stock_info)	| [SinaAPI] Response content: var hq_str_sz002372="伟星新材,10.210,10.210,10.200,10.260,10.150,10.200,10.210,2268100,23152787.000,8800,10.200,13400,10.190,15200,10.180,23300,10.170,28900,10.160,5300,10.210,13400,10.220,14100,10.230,13
2026-05-19 10:29:22 I 136936 D:\home\apps\api\utils\stock_api.py:65 (get_stock_info)	| [SinaAPI] Request: http://hq.sinajs.cn/list=sz002357, Status: 200
2026-05-19 10:29:22 I 136936 D:\home\apps\api\utils\stock_api.py:66 (get_stock_info)	| [SinaAPI] Response content: var hq_str_sz002357="富临运业,11.270,11.270,11.210,11.530,11.180,11.200,11.210,3469800,39364034.000,5400,11.200,19100,11.190,6800,11.180,3300,11.170,4600,11.160,18100,11.210,4400,11.220,400,11.230,16500,1
2026-05-19 10:29:22 I 136936 D:\home\apps\api\utils\stock_api.py:65 (get_stock_info)	| [SinaAPI] Request: http://hq.sinajs.cn/list=sz002330, Status: 200
2026-05-19 10:29:22 I 136936 D:\home\apps\api\utils\stock_api.py:66 (get_stock_info)	| [SinaAPI] Response content: var hq_str_sz002330="得利斯,4.530,4.520,4.510,4.580,4.510,4.510,4.520,4816100,21918096.000,73100,4.510,65900,4.500,49500,4.490,176400,4.480,51200,4.470,51400,4.520,94800,4.530,54500,4.540,33300,4.550,590
2026-05-19 10:29:22 I 136936 D:\home\apps\api\utils\stock_api.py:65 (get_stock_info)	| [SinaAPI] Request: http://hq.sinajs.cn/list=sz002303, Status: 200
2026-05-19 10:29:22 I 136936 D:\home\apps\api\utils\stock_api.py:66 (get_stock_info)	| [SinaAPI] Response content: var hq_str_sz002303="美盈森,3.540,3.540,3.520,3.560,3.500,3.520,3.540,5900000,20854972.000,396200,3.520,339800,3.510,600200,3.500,165900,3.490,304100,3.480,128600,3.540,162500,3.550,537700,3.560,512100,3
2026-05-19 10:29:22 I 136936 D:\home\apps\api\utils\stock_api.py:65 (get_stock_info)	| [SinaAPI] Request: http://hq.sinajs.cn/list=sz002282, Status: 200
2026-05-19 10:29:22 I 136936 D:\home\apps\api\utils\stock_api.py:66 (get_stock_info)	| [SinaAPI] Response content: var hq_str_sz002282="博深股份,6.500,6.460,6.540,6.610,6.470,6.530,6.540,1968900,12926430.000,88400,6.530,68800,6.520,46300,6.510,16900,6.500,2900,6.490,18900,6.540,17300,6.550,28820,6.560,24100,6.570,3790
2026-05-19 10:29:22 I 136936 D:\home\apps\api\utils\stock_api.py:65 (get_stock_info)	| [SinaAPI] Request: http://hq.sinajs.cn/list=sz002275, Status: 200
2026-05-19 10:29:22 I 136936 D:\home\apps\api\utils\stock_api.py:66 (get_stock_info)	| [SinaAPI] Response content: var hq_str_sz002275="桂林三金,13.750,13.750,13.870,13.910,13.710,13.850,13.870,809500,11209409.000,6600,13.850,13300,13.840,7300,13.830,4500,13.820,5000,13.810,200,13.870,34500,13.880,2200,13.890,6700,13.
2026-05-19 10:29:23 I 136936 D:\home\apps\api\utils\stock_api.py:65 (get_stock_info)	| [SinaAPI] Request: http://hq.sinajs.cn/list=sz002264, Status: 200
2026-05-19 10:29:23 I 136936 D:\home\apps\api\utils\stock_api.py:66 (get_stock_info)	| [SinaAPI] Response content: var hq_str_sz002264="新 华 都,7.600,7.600,7.630,7.730,7.550,7.630,7.640,6465503,49560641.800,14900,7.630,36300,7.620,77700,7.610,90000,7.600,20900,7.590,9500,7.640,49000,7.650,65100,7.660,14700,7.670,340
2026-05-19 10:29:23 I 136936 D:\home\apps\api\utils\stock_api.py:65 (get_stock_info)	| [SinaAPI] Request: http://hq.sinajs.cn/list=sz002175, Status: 200
2026-05-19 10:29:23 I 136936 D:\home\apps\api\utils\stock_api.py:66 (get_stock_info)	| [SinaAPI] Response content: var hq_str_sz002175="*ST东智,2.680,2.820,2.680,2.680,2.680,0.000,2.680,11687900,31323572.000,0,0.000,0,0.000,0,0.000,0,0.000,0,0.000,58825743,2.680,79700,2.690,125800,2.700,157900,2.710,39700,2.720,2026
2026-05-19 10:29:23 I 136936 D:\home\apps\api\utils\stock_api.py:65 (get_stock_info)	| [SinaAPI] Request: http://hq.sinajs.cn/list=sz002174, Status: 200
2026-05-19 10:29:23 I 136936 D:\home\apps\api\utils\stock_api.py:66 (get_stock_info)	| [SinaAPI] Response content: var hq_str_sz002174="游族网络,11.710,11.760,11.730,12.090,11.620,11.730,11.740,22771800,269643997.210,33300,11.730,8100,11.720,49800,11.710,167500,11.700,9100,11.690,8900,11.740,75900,11.750,13400,11.760,
2026-05-19 10:29:23 I 136936 D:\home\apps\api\utils\stock_api.py:65 (get_stock_info)	| [SinaAPI] Request: http://hq.sinajs.cn/list=sz002157, Status: 200
2026-05-19 10:29:23 I 136936 D:\home\apps\api\utils\stock_api.py:66 (get_stock_info)	| [SinaAPI] Response content: var hq_str_sz002157="正邦科技,3.330,3.320,3.270,3.360,3.230,3.280,3.290,126698300,415933413.000,7200,3.280,1150900,3.270,1415900,3.260,2034500,3.250,3244800,3.240,1353200,3.290,2128400,3.300,998900,3.310,
2026-05-19 10:29:23 I 136936 D:\home\apps\api\utils\stock_api.py:65 (get_stock_info)	| [SinaAPI] Request: http://hq.sinajs.cn/list=sz002129, Status: 200
2026-05-19 10:29:23 I 136936 D:\home\apps\api\utils\stock_api.py:66 (get_stock_info)	| [SinaAPI] Response content: var hq_str_sz002129="TCL中环,9.380,9.360,9.470,9.630,9.240,9.460,9.470,74360320,701620007.550,47600,9.460,117100,9.450,137800,9.440,41500,9.430,47600,9.420,171900,9.470,86900,9.480,13800,9.490,46300,9.5
2026-05-19 10:29:23 I 136936 D:\home\apps\api\utils\stock_api.py:65 (get_stock_info)	| [SinaAPI] Request: http://hq.sinajs.cn/list=sz002067, Status: 200
2026-05-19 10:29:23 I 136936 D:\home\apps\api\utils\stock_api.py:66 (get_stock_info)	| [SinaAPI] Response content: var hq_str_sz002067="景兴纸业,5.280,4.800,5.280,5.280,5.210,5.280,0.000,76834962,405625267.360,36700716,5.280,231300,5.270,223400,5.260,88900,5.250,138900,5.240,0,0.000,0,0.000,0,0.000,0,0.000,0,0.000,202
2026-05-19 10:29:23 I 136936 D:\home\apps\api\utils\stock_api.py:65 (get_stock_info)	| [SinaAPI] Request: http://hq.sinajs.cn/list=sz002044, Status: 200
2026-05-19 10:29:23 I 136936 D:\home\apps\api\utils\stock_api.py:66 (get_stock_info)	| [SinaAPI] Response content: var hq_str_sz002044="美年健康,6.140,6.120,6.390,6.730,6.120,6.380,6.390,288588106,1873973563.690,435900,6.380,561700,6.370,804000,6.360,626400,6.350,302200,6.340,584200,6.390,1293500,6.400,202920,6.410,25
2026-05-19 10:29:23 I 136936 D:\home\apps\api\utils\stock_api.py:65 (get_stock_info)	| [SinaAPI] Request: http://hq.sinajs.cn/list=sz002043, Status: 200
2026-05-19 10:29:23 I 136936 D:\home\apps\api\utils\stock_api.py:66 (get_stock_info)	| [SinaAPI] Response content: var hq_str_sz002043="兔 宝 宝,13.500,13.720,13.790,13.890,13.330,13.790,13.800,6079443,83372092.810,7800,13.790,6200,13.780,3400,13.770,34100,13.760,3000,13.750,4200,13.800,6600,13.810,7500,13.820,9100,1
2026-05-19 10:29:23 I 136936 D:\home\apps\api\utils\stock_api.py:65 (get_stock_info)	| [SinaAPI] Request: http://hq.sinajs.cn/list=sz000786, Status: 200
2026-05-19 10:29:23 I 136936 D:\home\apps\api\utils\stock_api.py:66 (get_stock_info)	| [SinaAPI] Response content: var hq_str_sz000786="北新建材,24.630,24.610,24.600,24.740,24.530,24.590,24.600,3862700,95121707.000,11300,24.590,45900,24.580,65600,24.570,38200,24.560,85000,24.550,4400,24.600,7600,24.610,4700,24.620,145
2026-05-19 10:29:23 I 136936 D:\home\apps\api\utils\stock_api.py:65 (get_stock_info)	| [SinaAPI] Request: http://hq.sinajs.cn/list=sz000750, Status: 200
2026-05-19 10:29:23 I 136936 D:\home\apps\api\utils\stock_api.py:66 (get_stock_info)	| [SinaAPI] Response content: var hq_str_sz000750="国海证券,3.790,3.800,3.810,3.850,3.790,3.810,3.820,20437580,78178397.820,1163300,3.810,1085000,3.800,1254600,3.790,1021600,3.780,1030500,3.770,240700,3.820,976500,3.830,1062700,3.840,
2026-05-19 10:29:23 I 136936 D:\home\apps\api\utils\stock_api.py:65 (get_stock_info)	| [SinaAPI] Request: http://hq.sinajs.cn/list=sz000709, Status: 200
2026-05-19 10:29:23 I 136936 D:\home\apps\api\utils\stock_api.py:66 (get_stock_info)	| [SinaAPI] Response content: var hq_str_sz000709="河钢股份,2.240,2.240,2.250,2.260,2.230,2.240,2.250,27602825,62104090.730,11122703,2.240,5539900,2.230,6149000,2.220,2585200,2.210,3752200,2.200,1819300,2.250,7149310,2.260,5453897,2.2
2026-05-19 10:29:23 I 136936 D:\home\apps\api\utils\stock_api.py:65 (get_stock_info)	| [SinaAPI] Request: http://hq.sinajs.cn/list=sz000166, Status: 200
2026-05-19 10:29:23 I 136936 D:\home\apps\api\utils\stock_api.py:66 (get_stock_info)	| [SinaAPI] Response content: var hq_str_sz000166="申万宏源,4.460,4.470,4.500,4.520,4.450,4.490,4.500,36648644,164698932.010,2149520,4.490,1937500,4.480,1740300,4.470,1036800,4.460,1710200,4.450,116100,4.500,2198900,4.510,2763250,4.52
2026-05-19 10:29:23 I 136936 D:\home\apps\api\utils\stock_api.py:65 (get_stock_info)	| [SinaAPI] Request: http://hq.sinajs.cn/list=sz000069, Status: 200
2026-05-19 10:29:23 I 136936 D:\home\apps\api\utils\stock_api.py:66 (get_stock_info)	| [SinaAPI] Response content: var hq_str_sz000069="华侨城Ａ,2.070,2.070,2.070,2.100,2.060,2.070,2.080,16370033,33994079.640,847300,2.070,1217400,2.060,1251200,2.050,956100,2.040,1248500,2.030,2125600,2.080,1752300,2.090,2016600,2.100,
2026-05-19 10:29:32 I 136936 D:\home\apps\api\utils\stock_api.py:65 (get_stock_info)	| [SinaAPI] Request: http://hq.sinajs.cn/list=sh601727, Status: 200
2026-05-19 10:29:32 I 136936 D:\home\apps\api\utils\stock_api.py:66 (get_stock_info)	| [SinaAPI] Response content: var hq_str_sh601727="上海电气,9.050,9.020,8.800,9.060,8.760,8.790,8.800,134640666,1192446306.000,139300,8.790,1736900,8.780,1133400,8.770,2378450,8.760,1527300,8.750,238300,8.800,98600,8.810,173217,8.820,
2026-05-19 10:29:32 I 136936 D:\home\apps\api\utils\stock_api.py:65 (get_stock_info)	| [SinaAPI] Request: http://hq.sinajs.cn/list=sh601588, Status: 200
2026-05-19 10:29:32 I 136936 D:\home\apps\api\utils\stock_api.py:66 (get_stock_info)	| [SinaAPI] Response content: var hq_str_sh601588="北辰实业,1.930,1.930,1.930,1.970,1.910,1.920,1.930,15606800,30277227.000,906100,1.920,654600,1.910,689600,1.900,456700,1.890,1140000,1.880,472400,1.930,637300,1.940,536000,1.950,28210
2026-05-19 10:29:32 I 136936 D:\home\apps\api\utils\stock_api.py:65 (get_stock_info)	| [SinaAPI] Request: http://hq.sinajs.cn/list=sh601100, Status: 200
2026-05-19 10:29:32 I 136936 D:\home\apps\api\utils\stock_api.py:66 (get_stock_info)	| [SinaAPI] Response content: var hq_str_sh601100="恒立液压,114.500,113.550,111.600,115.500,111.250,111.600,111.730,3574399,404087837.000,200,111.600,300,111.590,2300,111.580,600,111.570,100,111.560,600,111.730,100,111.750,500,111.810
2026-05-19 10:29:32 I 136936 D:\home\apps\api\utils\stock_api.py:65 (get_stock_info)	| [SinaAPI] Request: http://hq.sinajs.cn/list=sh601059, Status: 200
2026-05-19 10:29:32 I 136936 D:\home\apps\api\utils\stock_api.py:66 (get_stock_info)	| [SinaAPI] Response content: var hq_str_sh601059="信达证券,17.200,16.670,17.100,17.200,17.010,17.090,17.100,16036570,274630815.000,194400,17.090,132900,17.080,25200,17.070,134800,17.060,176500,17.050,41700,17.100,28100,17.110,59901,1
2026-05-19 10:29:32 I 136936 D:\home\apps\api\utils\stock_api.py:65 (get_stock_info)	| [SinaAPI] Request: http://hq.sinajs.cn/list=sh600999, Status: 200
2026-05-19 10:29:32 I 136936 D:\home\apps\api\utils\stock_api.py:66 (get_stock_info)	| [SinaAPI] Response content: var hq_str_sh600999="招商证券,16.090,16.180,16.350,16.460,16.050,16.340,16.350,35717754,583677283.000,45100,16.340,114900,16.330,119000,16.320,73100,16.310,132700,16.300,29500,16.350,48900,16.360,70100,16
2026-05-19 10:29:32 I 136936 D:\home\apps\api\utils\stock_api.py:65 (get_stock_info)	| [SinaAPI] Request: http://hq.sinajs.cn/list=sh600936, Status: 200
2026-05-19 10:29:32 I 136936 D:\home\apps\api\utils\stock_api.py:66 (get_stock_info)	| [SinaAPI] Response content: var hq_str_sh600936="北投科技,5.250,5.310,5.840,5.840,5.250,5.840,0.000,57356260,329063434.000,20567800,5.840,114600,5.830,12500,5.820,3900,5.810,112000,5.800,0,0.000,0,0.000,0,0.000,0,0.000,0,0.000,2026-
2026-05-19 10:29:32 I 136936 D:\home\apps\api\utils\stock_api.py:65 (get_stock_info)	| [SinaAPI] Request: http://hq.sinajs.cn/list=sh600392, Status: 200
2026-05-19 10:29:32 I 136936 D:\home\apps\api\utils\stock_api.py:66 (get_stock_info)	| [SinaAPI] Response content: var hq_str_sh600392="盛和资源,23.950,24.050,22.880,23.990,22.810,22.870,22.880,33239244,771639717.000,5600,22.870,2400,22.860,5800,22.850,4800,22.840,17600,22.830,4900,22.880,5300,22.890,55300,22.900,3970
2026-05-19 10:29:32 I 136936 D:\home\apps\api\utils\stock_api.py:65 (get_stock_info)	| [SinaAPI] Request: http://hq.sinajs.cn/list=sh600369, Status: 200
2026-05-19 10:29:32 I 136936 D:\home\apps\api\utils\stock_api.py:66 (get_stock_info)	| [SinaAPI] Response content: var hq_str_sh600369="西南证券,4.050,4.040,4.090,4.110,4.040,4.080,4.090,17709600,72354587.000,319600,4.080,998500,4.070,614800,4.060,520000,4.050,369200,4.040,860800,4.090,1366700,4.100,1036600,4.110,9497
2026-05-19 10:29:32 I 136936 D:\home\apps\api\utils\stock_api.py:65 (get_stock_info)	| [SinaAPI] Request: http://hq.sinajs.cn/list=sh600362, Status: 200
2026-05-19 10:29:32 I 136936 D:\home\apps\api\utils\stock_api.py:66 (get_stock_info)	| [SinaAPI] Response content: var hq_str_sh600362="江西铜业,45.110,45.440,43.570,45.190,43.370,43.570,43.590,21238885,938427196.000,3300,43.570,1700,43.560,900,43.540,700,43.530,2000,43.520,3600,43.590,71100,43.600,2100,43.620,1900,43
2026-05-19 10:29:32 I 136936 D:\home\apps\api\utils\stock_api.py:65 (get_stock_info)	| [SinaAPI] Request: http://hq.sinajs.cn/list=sh600256, Status: 200
2026-05-19 10:29:32 I 136936 D:\home\apps\api\utils\stock_api.py:66 (get_stock_info)	| [SinaAPI] Response content: var hq_str_sh600256="广汇能源,6.460,6.550,6.290,6.460,6.280,6.280,6.290,60951558,387199029.000,483800,6.280,505400,6.270,557300,6.260,633400,6.250,500500,6.240,98000,6.290,364900,6.300,377500,6.310,145100
2026-05-19 10:29:32 I 136936 D:\home\apps\api\utils\stock_api.py:65 (get_stock_info)	| [SinaAPI] Request: http://hq.sinajs.cn/list=sh600121, Status: 200
2026-05-19 10:29:32 I 136936 D:\home\apps\api\utils\stock_api.py:66 (get_stock_info)	| [SinaAPI] Response content: var hq_str_sh600121="郑州煤电,4.270,4.280,4.320,4.370,4.200,4.320,4.330,29864361,128960074.000,39400,4.320,266900,4.310,310400,4.300,139300,4.290,121800,4.280,141000,4.330,356300,4.340,652700,4.350,793400
2026-05-19 10:29:32 I 136936 D:\home\apps\api\utils\stock_api.py:65 (get_stock_info)	| [SinaAPI] Request: http://hq.sinajs.cn/list=sh600116, Status: 200
2026-05-19 10:29:32 I 136936 D:\home\apps\api\utils\stock_api.py:66 (get_stock_info)	| [SinaAPI] Response content: var hq_str_sh600116="三峡水利,6.770,6.770,6.940,6.970,6.710,6.930,6.940,21181126,145810894.000,53400,6.930,89900,6.920,51100,6.910,86400,6.900,78800,6.890,13200,6.940,146000,6.950,295800,6.960,416000,6.97
2026-05-19 10:29:32 I 136936 D:\home\apps\api\utils\stock_api.py:65 (get_stock_info)	| [SinaAPI] Request: http://hq.sinajs.cn/list=sh600111, Status: 200
2026-05-19 10:29:32 I 136936 D:\home\apps\api\utils\stock_api.py:66 (get_stock_info)	| [SinaAPI] Response content: var hq_str_sh600111="北方稀土,51.200,51.700,49.640,51.580,49.500,49.630,49.640,60028732,3012769904.000,1900,49.630,100,49.620,1100,49.610,8000,49.600,8700,49.590,2400,49.640,6300,49.650,900,49.660,2400,49
2026-05-19 10:29:32 I 136936 D:\home\apps\api\utils\stock_api.py:65 (get_stock_info)	| [SinaAPI] Request: http://hq.sinajs.cn/list=sh600082, Status: 200
2026-05-19 10:29:32 I 136936 D:\home\apps\api\utils\stock_api.py:66 (get_stock_info)	| [SinaAPI] Response content: var hq_str_sh600082="ST海泰,3.810,3.800,3.840,3.940,3.810,3.840,3.850,8611260,33387725.000,57300,3.840,139200,3.830,122100,3.820,190200,3.810,156300,3.800,55100,3.850,80400,3.860,63600,3.870,25200,3.880
2026-05-19 10:29:32 I 136936 D:\home\apps\api\utils\stock_api.py:65 (get_stock_info)	| [SinaAPI] Request: http://hq.sinajs.cn/list=sh600081, Status: 200
2026-05-19 10:29:32 I 136936 D:\home\apps\api\utils\stock_api.py:66 (get_stock_info)	| [SinaAPI] Response content: var hq_str_sh600081="东风科技,12.300,12.400,12.400,12.860,12.300,12.400,12.410,6975070,87337264.000,14200,12.400,2900,12.390,6200,12.380,7700,12.370,23600,12.360,10000,12.410,9800,12.420,3000,12.430,5000,
2026-05-19 10:29:32 I 136936 D:\home\apps\api\utils\stock_api.py:65 (get_stock_info)	| [SinaAPI] Request: http://hq.sinajs.cn/list=sh600031, Status: 200
2026-05-19 10:29:32 I 136936 D:\home\apps\api\utils\stock_api.py:66 (get_stock_info)	| [SinaAPI] Response content: var hq_str_sh600031="三一重工,19.520,19.390,19.040,19.560,19.020,19.030,19.040,31612630,607924092.000,31500,19.030,202000,19.020,495900,19.010,1223000,19.000,125300,18.990,55600,19.040,21100,19.050,42400,
2026-05-19 10:29:33 I 136936 D:\home\apps\api\utils\stock_api.py:65 (get_stock_info)	| [SinaAPI] Request: http://hq.sinajs.cn/list=sz002441, Status: 200
2026-05-19 10:29:33 I 136936 D:\home\apps\api\utils\stock_api.py:66 (get_stock_info)	| [SinaAPI] Response content: var hq_str_sz002441="众业达,10.190,10.210,10.300,10.390,10.150,10.300,10.310,3286300,33867447.000,1600,10.300,500,10.290,8600,10.280,10800,10.270,9800,10.260,1700,10.310,5400,10.320,7000,10.330,19000,10.
2026-05-19 10:29:33 I 136936 D:\home\apps\api\utils\stock_api.py:65 (get_stock_info)	| [SinaAPI] Request: http://hq.sinajs.cn/list=sz002424, Status: 200
2026-05-19 10:29:33 I 136936 D:\home\apps\api\utils\stock_api.py:66 (get_stock_info)	| [SinaAPI] Response content: var hq_str_sz002424="ST百灵,4.940,4.860,4.910,5.020,4.900,4.900,4.910,4439800,21949393.000,74100,4.900,202100,4.890,266900,4.880,117200,4.870,75700,4.860,42100,4.910,41800,4.920,87700,4.930,99900,4.940,
2026-05-19 10:29:33 I 136936 D:\home\apps\api\utils\stock_api.py:65 (get_stock_info)	| [SinaAPI] Request: http://hq.sinajs.cn/list=sz002408, Status: 200
2026-05-19 10:29:33 I 136936 D:\home\apps\api\utils\stock_api.py:66 (get_stock_info)	| [SinaAPI] Response content: var hq_str_sz002408="齐翔腾达,5.790,5.810,5.690,5.800,5.680,5.680,5.690,11015460,63076976.850,308900,5.680,137200,5.670,252400,5.660,298200,5.650,58200,5.640,32600,5.690,120982,5.700,45950,5.710,144000,5.
2026-05-19 10:29:33 I 136936 D:\home\apps\api\utils\stock_api.py:65 (get_stock_info)	| [SinaAPI] Request: http://hq.sinajs.cn/list=sz002400, Status: 200
2026-05-19 10:29:33 I 136936 D:\home\apps\api\utils\stock_api.py:66 (get_stock_info)	| [SinaAPI] Response content: var hq_str_sz002400="省广集团,8.900,8.950,9.130,9.300,8.870,9.120,9.130,86287612,791442613.700,5200,9.120,299400,9.110,547200,9.100,209200,9.090,182500,9.080,44100,9.130,104800,9.140,38900,9.150,64600,9.1
2026-05-19 10:29:33 I 136936 D:\home\apps\api\utils\stock_api.py:65 (get_stock_info)	| [SinaAPI] Request: http://hq.sinajs.cn/list=sz002390, Status: 200
2026-05-19 10:29:33 I 136936 D:\home\apps\api\utils\stock_api.py:66 (get_stock_info)	| [SinaAPI] Response content: var hq_str_sz002390="信邦制药,3.150,3.150,3.180,3.190,3.150,3.170,3.180,8683634,27587867.710,826500,3.170,653400,3.160,795900,3.150,171500,3.140,226500,3.130,186900,3.180,1124700,3.190,1065700,3.200,30370
2026-05-19 10:29:33 I 136936 D:\home\apps\api\utils\stock_api.py:65 (get_stock_info)	| [SinaAPI] Request: http://hq.sinajs.cn/list=sz002378, Status: 200
2026-05-19 10:29:33 I 136936 D:\home\apps\api\utils\stock_api.py:66 (get_stock_info)	| [SinaAPI] Response content: var hq_str_sz002378="章源钨业,29.950,29.950,27.900,30.000,27.760,27.910,27.940,33425741,954281795.940,300,27.910,1400,27.900,1100,27.890,5600,27.870,200,27.860,3300,27.940,6300,27.950,19000,27.960,900,27.
2026-05-19 10:29:33 I 136936 D:\home\apps\api\utils\stock_api.py:65 (get_stock_info)	| [SinaAPI] Request: http://hq.sinajs.cn/list=sz002374, Status: 200
2026-05-19 10:29:33 I 136936 D:\home\apps\api\utils\stock_api.py:66 (get_stock_info)	| [SinaAPI] Response content: var hq_str_sz002374="中锐股份,3.700,3.910,3.830,3.970,3.660,3.830,3.840,80256543,306829245.590,30600,3.830,83534,3.820,240500,3.810,508400,3.800,517000,3.790,67600,3.840,452000,3.850,131500,3.860,54600,3.
2026-05-19 10:29:33 I 136936 D:\home\apps\api\utils\stock_api.py:65 (get_stock_info)	| [SinaAPI] Request: http://hq.sinajs.cn/list=sz002372, Status: 200
2026-05-19 10:29:33 I 136936 D:\home\apps\api\utils\stock_api.py:66 (get_stock_info)	| [SinaAPI] Response content: var hq_str_sz002372="伟星新材,10.210,10.210,10.200,10.260,10.150,10.200,10.210,2268400,23155847.000,8500,10.200,13400,10.190,15200,10.180,23300,10.170,29900,10.160,4300,10.210,13400,10.220,14100,10.230,13
2026-05-19 10:29:33 I 136936 D:\home\apps\api\utils\stock_api.py:65 (get_stock_info)	| [SinaAPI] Request: http://hq.sinajs.cn/list=sz002357, Status: 200
2026-05-19 10:29:33 I 136936 D:\home\apps\api\utils\stock_api.py:66 (get_stock_info)	| [SinaAPI] Response content: var hq_str_sz002357="富临运业,11.270,11.270,11.210,11.530,11.180,11.200,11.210,3470900,39376365.000,8300,11.200,18500,11.190,8200,11.180,3400,11.170,4600,11.160,2000,11.210,4400,11.220,400,11.230,16500,11
2026-05-19 10:29:33 I 136936 D:\home\apps\api\utils\stock_api.py:65 (get_stock_info)	| [SinaAPI] Request: http://hq.sinajs.cn/list=sz002330, Status: 200
2026-05-19 10:29:33 I 136936 D:\home\apps\api\utils\stock_api.py:66 (get_stock_info)	| [SinaAPI] Response content: var hq_str_sz002330="得利斯,4.530,4.520,4.510,4.580,4.510,4.510,4.520,4816100,21918096.000,73400,4.510,65900,4.500,49500,4.490,176400,4.480,51200,4.470,51400,4.520,94800,4.530,54500,4.540,33300,4.550,590
2026-05-19 10:29:33 I 136936 D:\home\apps\api\utils\stock_api.py:65 (get_stock_info)	| [SinaAPI] Request: http://hq.sinajs.cn/list=sz002303, Status: 200
2026-05-19 10:29:33 I 136936 D:\home\apps\api\utils\stock_api.py:66 (get_stock_info)	| [SinaAPI] Response content: var hq_str_sz002303="美盈森,3.540,3.540,3.530,3.560,3.500,3.520,3.530,5906900,20879329.000,402400,3.520,339800,3.510,600200,3.500,165900,3.490,304100,3.480,8500,3.530,128500,3.540,160300,3.550,537700,3.5
2026-05-19 10:29:33 I 136936 D:\home\apps\api\utils\stock_api.py:65 (get_stock_info)	| [SinaAPI] Request: http://hq.sinajs.cn/list=sz002282, Status: 200
2026-05-19 10:29:33 I 136936 D:\home\apps\api\utils\stock_api.py:66 (get_stock_info)	| [SinaAPI] Response content: var hq_str_sz002282="博深股份,6.500,6.460,6.540,6.610,6.470,6.530,6.540,1970300,12935582.000,88300,6.530,68800,6.520,46300,6.510,16900,6.500,2900,6.490,18600,6.540,17300,6.550,28820,6.560,24100,6.570,3790
2026-05-19 10:29:33 I 136936 D:\home\apps\api\utils\stock_api.py:65 (get_stock_info)	| [SinaAPI] Request: http://hq.sinajs.cn/list=sz002275, Status: 200
2026-05-19 10:29:33 I 136936 D:\home\apps\api\utils\stock_api.py:66 (get_stock_info)	| [SinaAPI] Response content: var hq_str_sz002275="桂林三金,13.750,13.750,13.870,13.910,13.710,13.850,13.880,809700,11212183.000,7100,13.850,13300,13.840,7300,13.830,4500,13.820,5000,13.810,34500,13.880,2200,13.890,6700,13.900,10200,1
2026-05-19 10:29:33 I 136936 D:\home\apps\api\utils\stock_api.py:65 (get_stock_info)	| [SinaAPI] Request: http://hq.sinajs.cn/list=sz002264, Status: 200
2026-05-19 10:29:33 I 136936 D:\home\apps\api\utils\stock_api.py:66 (get_stock_info)	| [SinaAPI] Response content: var hq_str_sz002264="新 华 都,7.600,7.600,7.640,7.730,7.550,7.630,7.640,6465803,49562933.800,15000,7.630,36600,7.620,77700,7.610,91000,7.600,20900,7.590,9300,7.640,49000,7.650,60100,7.660,14700,7.670,340
2026-05-19 10:29:33 I 136936 D:\home\apps\api\utils\stock_api.py:65 (get_stock_info)	| [SinaAPI] Request: http://hq.sinajs.cn/list=sz002175, Status: 200
2026-05-19 10:29:33 I 136936 D:\home\apps\api\utils\stock_api.py:66 (get_stock_info)	| [SinaAPI] Response content: var hq_str_sz002175="*ST东智,2.680,2.820,2.680,2.680,2.680,0.000,2.680,11687900,31323572.000,0,0.000,0,0.000,0,0.000,0,0.000,0,0.000,58827343,2.680,79700,2.690,125800,2.700,157900,2.710,39700,2.720,2026
2026-05-19 10:29:33 I 136936 D:\home\apps\api\utils\stock_api.py:65 (get_stock_info)	| [SinaAPI] Request: http://hq.sinajs.cn/list=sz002174, Status: 200
2026-05-19 10:29:33 I 136936 D:\home\apps\api\utils\stock_api.py:66 (get_stock_info)	| [SinaAPI] Response content: var hq_str_sz002174="游族网络,11.710,11.760,11.740,12.090,11.620,11.740,11.750,22784600,269794246.210,1100,11.740,2900,11.730,6900,11.720,49000,11.710,167300,11.700,85500,11.750,13400,11.760,8200,11.770,9
2026-05-19 10:29:33 I 136936 D:\home\apps\api\utils\stock_api.py:65 (get_stock_info)	| [SinaAPI] Request: http://hq.sinajs.cn/list=sz002157, Status: 200
2026-05-19 10:29:33 I 136936 D:\home\apps\api\utils\stock_api.py:66 (get_stock_info)	| [SinaAPI] Response content: var hq_str_sz002157="正邦科技,3.330,3.320,3.290,3.360,3.230,3.280,3.290,126768300,416163048.000,13200,3.280,1156000,3.270,1404600,3.260,2017700,3.250,3250200,3.240,1423000,3.290,2133600,3.300,974800,3.310
2026-05-19 10:29:33 I 136936 D:\home\apps\api\utils\stock_api.py:65 (get_stock_info)	| [SinaAPI] Request: http://hq.sinajs.cn/list=sz002129, Status: 200
2026-05-19 10:29:33 I 136936 D:\home\apps\api\utils\stock_api.py:66 (get_stock_info)	| [SinaAPI] Response content: var hq_str_sz002129="TCL中环,9.380,9.360,9.470,9.630,9.240,9.460,9.470,74447920,702449400.550,94100,9.460,111400,9.450,146900,9.440,43600,9.430,51200,9.420,110200,9.470,87000,9.480,13800,9.490,46900,9.5
2026-05-19 10:29:33 I 136936 D:\home\apps\api\utils\stock_api.py:65 (get_stock_info)	| [SinaAPI] Request: http://hq.sinajs.cn/list=sz002067, Status: 200
2026-05-19 10:29:33 I 136936 D:\home\apps\api\utils\stock_api.py:66 (get_stock_info)	| [SinaAPI] Response content: var hq_str_sz002067="景兴纸业,5.280,4.800,5.280,5.280,5.210,5.280,0.000,76878662,405856003.360,36659916,5.280,431300,5.270,223400,5.260,88900,5.250,138900,5.240,0,0.000,0,0.000,0,0.000,0,0.000,0,0.000,202
2026-05-19 10:29:33 I 136936 D:\home\apps\api\utils\stock_api.py:65 (get_stock_info)	| [SinaAPI] Request: http://hq.sinajs.cn/list=sz002044, Status: 200
2026-05-19 10:29:33 I 136936 D:\home\apps\api\utils\stock_api.py:66 (get_stock_info)	| [SinaAPI] Response content: var hq_str_sz002044="美年健康,6.140,6.120,6.380,6.730,6.120,6.380,6.390,288644206,1874331788.690,425200,6.380,564900,6.370,790200,6.360,626400,6.350,302200,6.340,573800,6.390,1286500,6.400,203220,6.410,25
2026-05-19 10:29:33 I 136936 D:\home\apps\api\utils\stock_api.py:65 (get_stock_info)	| [SinaAPI] Request: http://hq.sinajs.cn/list=sz002043, Status: 200
2026-05-19 10:29:33 I 136936 D:\home\apps\api\utils\stock_api.py:66 (get_stock_info)	| [SinaAPI] Response content: var hq_str_sz002043="兔 宝 宝,13.500,13.720,13.800,13.890,13.330,13.800,13.810,6086843,83474218.810,4200,13.800,13600,13.790,7000,13.780,3400,13.770,34100,13.760,1000,13.810,6000,13.820,9100,13.830,2900,
2026-05-19 10:29:33 I 136936 D:\home\apps\api\utils\stock_api.py:65 (get_stock_info)	| [SinaAPI] Request: http://hq.sinajs.cn/list=sz000786, Status: 200
2026-05-19 10:29:33 I 136936 D:\home\apps\api\utils\stock_api.py:66 (get_stock_info)	| [SinaAPI] Response content: var hq_str_sz000786="北新建材,24.630,24.610,24.600,24.740,24.530,24.590,24.600,3865000,95178284.000,13000,24.590,45900,24.580,65600,24.570,38200,24.560,85000,24.550,2400,24.600,7600,24.610,4700,24.620,145
2026-05-19 10:29:33 I 136936 D:\home\apps\api\utils\stock_api.py:65 (get_stock_info)	| [SinaAPI] Request: http://hq.sinajs.cn/list=sz000750, Status: 200
2026-05-19 10:29:33 I 136936 D:\home\apps\api\utils\stock_api.py:66 (get_stock_info)	| [SinaAPI] Response content: var hq_str_sz000750="国海证券,3.790,3.800,3.810,3.850,3.790,3.810,3.820,20443780,78202067.820,1164100,3.810,1085200,3.800,1234600,3.790,1021600,3.780,1030500,3.770,232100,3.820,976500,3.830,1064800,3.840,
2026-05-19 10:29:33 I 136936 D:\home\apps\api\utils\stock_api.py:65 (get_stock_info)	| [SinaAPI] Request: http://hq.sinajs.cn/list=sz000709, Status: 200
2026-05-19 10:29:33 I 136936 D:\home\apps\api\utils\stock_api.py:66 (get_stock_info)	| [SinaAPI] Response content: var hq_str_sz000709="河钢股份,2.240,2.240,2.240,2.260,2.230,2.240,2.250,27603325,62105213.730,11123603,2.240,5539900,2.230,6149000,2.220,2585200,2.210,3752200,2.200,1822200,2.250,7149310,2.260,5448897,2.2
2026-05-19 10:29:33 I 136936 D:\home\apps\api\utils\stock_api.py:65 (get_stock_info)	| [SinaAPI] Request: http://hq.sinajs.cn/list=sz000166, Status: 200
2026-05-19 10:29:33 I 136936 D:\home\apps\api\utils\stock_api.py:66 (get_stock_info)	| [SinaAPI] Response content: var hq_str_sz000166="申万宏源,4.460,4.470,4.500,4.520,4.450,4.490,4.500,36662544,164761467.010,2156020,4.490,1938300,4.480,1740300,4.470,1036800,4.460,1709800,4.450,86300,4.500,2186100,4.510,2768250,4.520
2026-05-19 10:29:33 I 136936 D:\home\apps\api\utils\stock_api.py:65 (get_stock_info)	| [SinaAPI] Request: http://hq.sinajs.cn/list=sz000069, Status: 200
2026-05-19 10:29:33 I 136936 D:\home\apps\api\utils\stock_api.py:66 (get_stock_info)	| [SinaAPI] Response content: var hq_str_sz000069="华侨城Ａ,2.070,2.070,2.070,2.100,2.060,2.070,2.080,16391733,34038998.640,881200,2.070,1217400,2.060,1251200,2.050,956100,2.040,1248500,2.030,2107800,2.080,1762300,2.090,2016600,2.100,
2026-05-19 10:29:53 I 136936 D:\home\apps\api\utils\stock_api.py:65 (get_stock_info)	| [SinaAPI] Request: http://hq.sinajs.cn/list=sh601727, Status: 200
2026-05-19 10:29:53 I 136936 D:\home\apps\api\utils\stock_api.py:66 (get_stock_info)	| [SinaAPI] Response content: var hq_str_sh601727="上海电气,9.050,9.020,8.810,9.060,8.760,8.800,8.810,135081166,1196321478.000,28500,8.800,139800,8.790,1848100,8.780,1154300,8.770,2389850,8.760,71400,8.810,106217,8.820,169300,8.830,17
2026-05-19 10:29:53 I 136936 D:\home\apps\api\utils\stock_api.py:65 (get_stock_info)	| [SinaAPI] Request: http://hq.sinajs.cn/list=sh601588, Status: 200
2026-05-19 10:29:53 I 136936 D:\home\apps\api\utils\stock_api.py:66 (get_stock_info)	| [SinaAPI] Response content: var hq_str_sh601588="北辰实业,1.930,1.930,1.930,1.970,1.910,1.920,1.930,15639700,30340724.000,928800,1.920,654600,1.910,689600,1.900,456700,1.890,1140000,1.880,515900,1.930,637300,1.940,536000,1.950,28210
2026-05-19 10:29:53 I 136936 D:\home\apps\api\utils\stock_api.py:65 (get_stock_info)	| [SinaAPI] Request: http://hq.sinajs.cn/list=sh601100, Status: 200
2026-05-19 10:29:53 I 136936 D:\home\apps\api\utils\stock_api.py:66 (get_stock_info)	| [SinaAPI] Response content: var hq_str_sh601100="恒立液压,114.500,113.550,111.880,115.500,111.250,111.810,111.940,3584099,405171098.000,200,111.810,200,111.800,400,111.790,1300,111.780,100,111.760,200,111.940,100,111.960,100,111.980
2026-05-19 10:29:53 I 136936 D:\home\apps\api\utils\stock_api.py:65 (get_stock_info)	| [SinaAPI] Request: http://hq.sinajs.cn/list=sh601059, Status: 200
2026-05-19 10:29:53 I 136936 D:\home\apps\api\utils\stock_api.py:66 (get_stock_info)	| [SinaAPI] Response content: var hq_str_sh601059="信达证券,17.200,16.670,17.100,17.200,17.010,17.100,17.110,16084970,275458468.000,1400,17.100,193500,17.090,132900,17.080,26300,17.070,134800,17.060,15600,17.110,40001,17.120,27700,17.
2026-05-19 10:29:53 I 136936 D:\home\apps\api\utils\stock_api.py:65 (get_stock_info)	| [SinaAPI] Request: http://hq.sinajs.cn/list=sh600999, Status: 200
2026-05-19 10:29:53 I 136936 D:\home\apps\api\utils\stock_api.py:66 (get_stock_info)	| [SinaAPI] Response content: var hq_str_sh600999="招商证券,16.090,16.180,16.350,16.460,16.050,16.350,16.360,35817954,585315598.000,39500,16.350,61100,16.340,112100,16.330,129000,16.320,75900,16.310,30000,16.360,57400,16.370,49510,16.
2026-05-19 10:29:53 I 136936 D:\home\apps\api\utils\stock_api.py:65 (get_stock_info)	| [SinaAPI] Request: http://hq.sinajs.cn/list=sh600936, Status: 200
2026-05-19 10:29:53 I 136936 D:\home\apps\api\utils\stock_api.py:66 (get_stock_info)	| [SinaAPI] Response content: var hq_str_sh600936="北投科技,5.250,5.310,5.840,5.840,5.250,5.840,0.000,57359860,329084458.000,20566800,5.840,114600,5.830,12500,5.820,3900,5.810,112000,5.800,0,0.000,0,0.000,0,0.000,0,0.000,0,0.000,2026-
2026-05-19 10:29:53 I 136936 D:\home\apps\api\utils\stock_api.py:65 (get_stock_info)	| [SinaAPI] Request: http://hq.sinajs.cn/list=sh600392, Status: 200
2026-05-19 10:29:53 I 136936 D:\home\apps\api\utils\stock_api.py:66 (get_stock_info)	| [SinaAPI] Response content: var hq_str_sh600392="盛和资源,23.950,24.050,22.920,23.990,22.810,22.910,22.920,33337644,773893663.000,6100,22.910,5300,22.900,4200,22.890,15900,22.880,5300,22.870,86500,22.920,3700,22.930,8500,22.940,3700
2026-05-19 10:29:54 I 136936 D:\home\apps\api\utils\stock_api.py:65 (get_stock_info)	| [SinaAPI] Request: http://hq.sinajs.cn/list=sh600369, Status: 200
2026-05-19 10:29:54 I 136936 D:\home\apps\api\utils\stock_api.py:66 (get_stock_info)	| [SinaAPI] Response content: var hq_str_sh600369="西南证券,4.050,4.040,4.080,4.110,4.040,4.080,4.090,17767100,72589233.000,270600,4.080,997200,4.070,614800,4.060,520000,4.050,369100,4.040,826900,4.090,1370300,4.100,1030600,4.110,9497
2026-05-19 10:29:54 I 136936 D:\home\apps\api\utils\stock_api.py:65 (get_stock_info)	| [SinaAPI] Request: http://hq.sinajs.cn/list=sh600362, Status: 200
2026-05-19 10:29:54 I 136936 D:\home\apps\api\utils\stock_api.py:66 (get_stock_info)	| [SinaAPI] Response content: var hq_str_sh600362="江西铜业,45.110,45.440,43.700,45.190,43.370,43.680,43.720,21368185,944067728.000,100,43.680,4900,43.660,300,43.650,1000,43.620,200,43.610,2300,43.720,300,43.740,2400,43.750,200,43.760
2026-05-19 10:29:54 I 136936 D:\home\apps\api\utils\stock_api.py:65 (get_stock_info)	| [SinaAPI] Request: http://hq.sinajs.cn/list=sh600256, Status: 200
2026-05-19 10:29:54 I 136936 D:\home\apps\api\utils\stock_api.py:66 (get_stock_info)	| [SinaAPI] Response content: var hq_str_sh600256="广汇能源,6.460,6.550,6.280,6.460,6.280,6.280,6.290,61583058,391165703.000,58900,6.280,500200,6.270,560400,6.260,629400,6.250,500500,6.240,112100,6.290,351600,6.300,365200,6.310,145100
2026-05-19 10:29:54 I 136936 D:\home\apps\api\utils\stock_api.py:65 (get_stock_info)	| [SinaAPI] Request: http://hq.sinajs.cn/list=sh600121, Status: 200
2026-05-19 10:29:54 I 136936 D:\home\apps\api\utils\stock_api.py:66 (get_stock_info)	| [SinaAPI] Response content: var hq_str_sh600121="郑州煤电,4.270,4.280,4.320,4.370,4.200,4.320,4.330,29948661,129324801.000,30800,4.320,264400,4.310,310200,4.300,139300,4.290,121800,4.280,201500,4.330,358000,4.340,653700,4.350,795000
2026-05-19 10:29:54 I 136936 D:\home\apps\api\utils\stock_api.py:65 (get_stock_info)	| [SinaAPI] Request: http://hq.sinajs.cn/list=sh600116, Status: 200
2026-05-19 10:29:54 I 136936 D:\home\apps\api\utils\stock_api.py:66 (get_stock_info)	| [SinaAPI] Response content: var hq_str_sh600116="三峡水利,6.770,6.770,6.940,6.970,6.710,6.930,6.940,21265126,146393854.000,52900,6.930,91500,6.920,51100,6.910,86400,6.900,78800,6.890,22000,6.940,125000,6.950,290900,6.960,416000,6.97
2026-05-19 10:29:54 I 136936 D:\home\apps\api\utils\stock_api.py:65 (get_stock_info)	| [SinaAPI] Request: http://hq.sinajs.cn/list=sh600111, Status: 200
2026-05-19 10:29:54 I 136936 D:\home\apps\api\utils\stock_api.py:66 (get_stock_info)	| [SinaAPI] Response content: var hq_str_sh600111="北方稀土,51.200,51.700,49.710,51.580,49.500,49.720,49.730,60196532,3021108697.000,100,49.720,10300,49.710,13700,49.700,7000,49.680,1400,49.670,2300,49.730,5000,49.740,6400,49.750,6400
2026-05-19 10:29:54 I 136936 D:\home\apps\api\utils\stock_api.py:65 (get_stock_info)	| [SinaAPI] Request: http://hq.sinajs.cn/list=sh600082, Status: 200
2026-05-19 10:29:54 I 136936 D:\home\apps\api\utils\stock_api.py:66 (get_stock_info)	| [SinaAPI] Response content: var hq_str_sh600082="ST海泰,3.810,3.800,3.840,3.940,3.810,3.840,3.850,8611260,33387725.000,57300,3.840,137900,3.830,122100,3.820,170200,3.810,156300,3.800,55100,3.850,80400,3.860,63600,3.870,25200,3.880
2026-05-19 10:29:54 I 136936 D:\home\apps\api\utils\stock_api.py:65 (get_stock_info)	| [SinaAPI] Request: http://hq.sinajs.cn/list=sh600081, Status: 200
2026-05-19 10:29:54 I 136936 D:\home\apps\api\utils\stock_api.py:66 (get_stock_info)	| [SinaAPI] Response content: var hq_str_sh600081="东风科技,12.300,12.400,12.390,12.860,12.300,12.390,12.400,6990470,87528217.000,1300,12.390,6200,12.380,9600,12.370,23600,12.360,27700,12.350,6100,12.400,9800,12.410,9800,12.420,3000,1
2026-05-19 10:29:54 I 136936 D:\home\apps\api\utils\stock_api.py:65 (get_stock_info)	| [SinaAPI] Request: http://hq.sinajs.cn/list=sh600031, Status: 200
2026-05-19 10:29:54 I 136936 D:\home\apps\api\utils\stock_api.py:66 (get_stock_info)	| [SinaAPI] Response content: var hq_str_sh600031="三一重工,19.520,19.390,19.050,19.560,19.020,19.040,19.050,31689430,609386273.000,16900,19.040,63500,19.030,227200,19.020,505000,19.010,1227600,19.000,28300,19.050,20400,19.060,29800,1
2026-05-19 10:29:54 I 136936 D:\home\apps\api\utils\stock_api.py:65 (get_stock_info)	| [SinaAPI] Request: http://hq.sinajs.cn/list=sz002441, Status: 200
2026-05-19 10:29:54 I 136936 D:\home\apps\api\utils\stock_api.py:66 (get_stock_info)	| [SinaAPI] Response content: var hq_str_sz002441="众业达,10.190,10.210,10.300,10.390,10.150,10.300,10.320,3293100,33937573.000,1100,10.300,500,10.290,8600,10.280,10800,10.270,9800,10.260,2200,10.320,5400,10.330,19000,10.350,13700,10
2026-05-19 10:29:54 I 136936 D:\home\apps\api\utils\stock_api.py:65 (get_stock_info)	| [SinaAPI] Request: http://hq.sinajs.cn/list=sz002424, Status: 200
2026-05-19 10:29:54 I 136936 D:\home\apps\api\utils\stock_api.py:66 (get_stock_info)	| [SinaAPI] Response content: var hq_str_sz002424="ST百灵,4.940,4.860,4.910,5.020,4.900,4.900,4.910,4439800,21949393.000,57400,4.900,202100,4.890,266900,4.880,117200,4.870,75700,4.860,42300,4.910,41800,4.920,87700,4.930,102800,4.940
2026-05-19 10:29:54 I 136936 D:\home\apps\api\utils\stock_api.py:65 (get_stock_info)	| [SinaAPI] Request: http://hq.sinajs.cn/list=sz002408, Status: 200
2026-05-19 10:29:54 I 136936 D:\home\apps\api\utils\stock_api.py:66 (get_stock_info)	| [SinaAPI] Response content: var hq_str_sz002408="齐翔腾达,5.790,5.810,5.690,5.800,5.680,5.680,5.690,11077960,63432030.850,256800,5.680,137200,5.670,253200,5.660,298200,5.650,59200,5.640,32800,5.690,120982,5.700,45950,5.710,144000,5.
2026-05-19 10:29:54 I 136936 D:\home\apps\api\utils\stock_api.py:65 (get_stock_info)	| [SinaAPI] Request: http://hq.sinajs.cn/list=sz002400, Status: 200
2026-05-19 10:29:54 I 136936 D:\home\apps\api\utils\stock_api.py:66 (get_stock_info)	| [SinaAPI] Response content: var hq_str_sz002400="省广集团,8.900,8.950,9.140,9.300,8.870,9.130,9.140,86434612,792785040.700,7900,9.130,389200,9.120,247000,9.110,541800,9.100,208100,9.090,32400,9.140,43200,9.150,61700,9.160,54000,9.17
2026-05-19 10:29:54 I 136936 D:\home\apps\api\utils\stock_api.py:65 (get_stock_info)	| [SinaAPI] Request: http://hq.sinajs.cn/list=sz002390, Status: 200
2026-05-19 10:29:54 I 136936 D:\home\apps\api\utils\stock_api.py:66 (get_stock_info)	| [SinaAPI] Response content: var hq_str_sz002390="信邦制药,3.150,3.150,3.170,3.190,3.150,3.170,3.180,8690334,27609158.710,827800,3.170,656000,3.160,795900,3.150,165500,3.140,226500,3.130,249000,3.180,1134700,3.190,1065700,3.200,30370
2026-05-19 10:29:54 I 136936 D:\home\apps\api\utils\stock_api.py:65 (get_stock_info)	| [SinaAPI] Request: http://hq.sinajs.cn/list=sz002378, Status: 200
2026-05-19 10:29:54 I 136936 D:\home\apps\api\utils\stock_api.py:66 (get_stock_info)	| [SinaAPI] Response content: var hq_str_sz002378="章源钨业,29.950,29.950,27.950,30.000,27.760,27.930,27.950,33479441,955780876.940,500,27.930,5800,27.910,2100,27.900,2000,27.890,1500,27.880,8300,27.950,19900,27.960,900,27.970,10300,2
2026-05-19 10:29:54 I 136936 D:\home\apps\api\utils\stock_api.py:65 (get_stock_info)	| [SinaAPI] Request: http://hq.sinajs.cn/list=sz002374, Status: 200
2026-05-19 10:29:54 I 136936 D:\home\apps\api\utils\stock_api.py:66 (get_stock_info)	| [SinaAPI] Response content: var hq_str_sz002374="中锐股份,3.700,3.910,3.830,3.970,3.660,3.830,3.840,80417543,307445882.590,2600,3.830,85434,3.820,246300,3.810,509000,3.800,517000,3.790,107900,3.840,446400,3.850,185100,3.860,55700,3.
2026-05-19 10:29:54 I 136936 D:\home\apps\api\utils\stock_api.py:65 (get_stock_info)	| [SinaAPI] Request: http://hq.sinajs.cn/list=sz002372, Status: 200
2026-05-19 10:29:54 I 136936 D:\home\apps\api\utils\stock_api.py:66 (get_stock_info)	| [SinaAPI] Response content: var hq_str_sz002372="伟星新材,10.210,10.210,10.200,10.260,10.150,10.200,10.210,2269600,23168087.000,7400,10.200,13400,10.190,15200,10.180,23300,10.170,29900,10.160,5400,10.210,13400,10.220,14100,10.230,13
2026-05-19 10:29:54 I 136936 D:\home\apps\api\utils\stock_api.py:65 (get_stock_info)	| [SinaAPI] Request: http://hq.sinajs.cn/list=sz002357, Status: 200
2026-05-19 10:29:54 I 136936 D:\home\apps\api\utils\stock_api.py:66 (get_stock_info)	| [SinaAPI] Response content: var hq_str_sz002357="富临运业,11.270,11.270,11.210,11.530,11.180,11.210,11.220,3478300,39459321.000,100,11.210,6100,11.200,16400,11.190,5300,11.180,3400,11.170,3300,11.220,400,11.230,16500,11.240,7600,11.
2026-05-19 10:29:54 I 136936 D:\home\apps\api\utils\stock_api.py:65 (get_stock_info)	| [SinaAPI] Request: http://hq.sinajs.cn/list=sz002330, Status: 200
2026-05-19 10:29:54 I 136936 D:\home\apps\api\utils\stock_api.py:66 (get_stock_info)	| [SinaAPI] Response content: var hq_str_sz002330="得利斯,4.530,4.520,4.510,4.580,4.510,4.510,4.520,4916800,22372253.000,18600,4.510,292100,4.500,49500,4.490,176400,4.480,51200,4.470,53700,4.520,91900,4.530,23900,4.540,33300,4.550,59
2026-05-19 10:29:54 I 136936 D:\home\apps\api\utils\stock_api.py:65 (get_stock_info)	| [SinaAPI] Request: http://hq.sinajs.cn/list=sz002303, Status: 200
2026-05-19 10:29:54 I 136936 D:\home\apps\api\utils\stock_api.py:66 (get_stock_info)	| [SinaAPI] Response content: var hq_str_sz002303="美盈森,3.540,3.540,3.530,3.560,3.500,3.520,3.530,5926300,20947719.000,410900,3.520,339800,3.510,600200,3.500,173200,3.490,304100,3.480,11000,3.530,178100,3.540,160300,3.550,537700,3.
2026-05-19 10:29:54 I 136936 D:\home\apps\api\utils\stock_api.py:65 (get_stock_info)	| [SinaAPI] Request: http://hq.sinajs.cn/list=sz002282, Status: 200
2026-05-19 10:29:54 I 136936 D:\home\apps\api\utils\stock_api.py:66 (get_stock_info)	| [SinaAPI] Response content: var hq_str_sz002282="博深股份,6.500,6.460,6.540,6.610,6.470,6.540,6.550,1989600,13061804.000,2100,6.540,88100,6.530,68300,6.520,46300,6.510,16900,6.500,16300,6.550,28820,6.560,24100,6.570,37900,6.580,3820
2026-05-19 10:29:54 I 136936 D:\home\apps\api\utils\stock_api.py:65 (get_stock_info)	| [SinaAPI] Request: http://hq.sinajs.cn/list=sz002275, Status: 200
2026-05-19 10:29:54 I 136936 D:\home\apps\api\utils\stock_api.py:66 (get_stock_info)	| [SinaAPI] Response content: var hq_str_sz002275="桂林三金,13.750,13.750,13.880,13.910,13.710,13.850,13.880,810500,11223281.000,7500,13.850,13300,13.840,7300,13.830,4500,13.820,5000,13.810,33900,13.880,2200,13.890,6700,13.900,10200,1
2026-05-19 10:29:54 I 136936 D:\home\apps\api\utils\stock_api.py:65 (get_stock_info)	| [SinaAPI] Request: http://hq.sinajs.cn/list=sz002264, Status: 200
2026-05-19 10:29:54 I 136936 D:\home\apps\api\utils\stock_api.py:66 (get_stock_info)	| [SinaAPI] Response content: var hq_str_sz002264="新 华 都,7.600,7.600,7.640,7.730,7.550,7.640,7.650,6481903,49685937.800,40600,7.640,31600,7.630,22200,7.620,89700,7.610,92000,7.600,46500,7.650,60500,7.660,14700,7.670,19200,7.680,69
2026-05-19 10:29:54 I 136936 D:\home\apps\api\utils\stock_api.py:65 (get_stock_info)	| [SinaAPI] Request: http://hq.sinajs.cn/list=sz002175, Status: 200
2026-05-19 10:29:54 I 136936 D:\home\apps\api\utils\stock_api.py:66 (get_stock_info)	| [SinaAPI] Response content: var hq_str_sz002175="*ST东智,2.680,2.820,2.680,2.680,2.680,0.000,2.680,11691200,31332416.000,0,0.000,0,0.000,0,0.000,0,0.000,0,0.000,58837443,2.680,79700,2.690,125800,2.700,157900,2.710,39700,2.720,2026
2026-05-19 10:29:54 I 136936 D:\home\apps\api\utils\stock_api.py:65 (get_stock_info)	| [SinaAPI] Request: http://hq.sinajs.cn/list=sz002174, Status: 200
2026-05-19 10:29:54 I 136936 D:\home\apps\api\utils\stock_api.py:66 (get_stock_info)	| [SinaAPI] Response content: var hq_str_sz002174="游族网络,11.710,11.760,11.740,12.090,11.620,11.730,11.740,22844700,270499688.210,29200,11.730,20300,11.720,50000,11.710,177300,11.700,9100,11.690,32500,11.740,91700,11.750,12700,11.76
2026-05-19 10:29:54 I 136936 D:\home\apps\api\utils\stock_api.py:65 (get_stock_info)	| [SinaAPI] Request: http://hq.sinajs.cn/list=sz002157, Status: 200
2026-05-19 10:29:54 I 136936 D:\home\apps\api\utils\stock_api.py:66 (get_stock_info)	| [SinaAPI] Response content: var hq_str_sz002157="正邦科技,3.330,3.320,3.270,3.360,3.230,3.270,3.280,126937400,416717623.000,1143400,3.270,1402900,3.260,1964700,3.250,3100600,3.240,4423000,3.230,393600,3.280,1301200,3.290,2200500,3.3
2026-05-19 10:29:54 I 136936 D:\home\apps\api\utils\stock_api.py:65 (get_stock_info)	| [SinaAPI] Request: http://hq.sinajs.cn/list=sz002129, Status: 200
2026-05-19 10:29:54 I 136936 D:\home\apps\api\utils\stock_api.py:66 (get_stock_info)	| [SinaAPI] Response content: var hq_str_sz002129="TCL中环,9.380,9.360,9.470,9.630,9.240,9.470,9.480,74799520,705778938.550,22000,9.470,149300,9.460,113200,9.450,135500,9.440,55200,9.430,57700,9.480,13800,9.490,57700,9.500,67500,9.5
2026-05-19 10:29:54 I 136936 D:\home\apps\api\utils\stock_api.py:65 (get_stock_info)	| [SinaAPI] Request: http://hq.sinajs.cn/list=sz002067, Status: 200
2026-05-19 10:29:54 I 136936 D:\home\apps\api\utils\stock_api.py:66 (get_stock_info)	| [SinaAPI] Response content: var hq_str_sz002067="景兴纸业,5.280,4.800,5.280,5.280,5.210,5.280,0.000,76930562,406130035.360,36621016,5.280,431300,5.270,223400,5.260,88900,5.250,138900,5.240,0,0.000,0,0.000,0,0.000,0,0.000,0,0.000,202
2026-05-19 10:29:54 I 136936 D:\home\apps\api\utils\stock_api.py:65 (get_stock_info)	| [SinaAPI] Request: http://hq.sinajs.cn/list=sz002044, Status: 200
2026-05-19 10:29:54 I 136936 D:\home\apps\api\utils\stock_api.py:66 (get_stock_info)	| [SinaAPI] Response content: var hq_str_sz002044="美年健康,6.140,6.120,6.390,6.730,6.120,6.380,6.390,288905806,1876003023.690,424600,6.380,570200,6.370,784900,6.360,626300,6.350,311400,6.340,843300,6.390,1300600,6.400,208020,6.410,25
2026-05-19 10:29:55 I 136936 D:\home\apps\api\utils\stock_api.py:65 (get_stock_info)	| [SinaAPI] Request: http://hq.sinajs.cn/list=sz002043, Status: 200
2026-05-19 10:29:55 I 136936 D:\home\apps\api\utils\stock_api.py:66 (get_stock_info)	| [SinaAPI] Response content: var hq_str_sz002043="兔 宝 宝,13.500,13.720,13.810,13.890,13.330,13.810,13.820,6105943,83738001.810,4700,13.810,22200,13.800,8800,13.790,6400,13.780,3400,13.770,6900,13.820,3700,13.830,2900,13.840,23000,
2026-05-19 10:29:55 I 136936 D:\home\apps\api\utils\stock_api.py:65 (get_stock_info)	| [SinaAPI] Request: http://hq.sinajs.cn/list=sz000786, Status: 200
2026-05-19 10:29:55 I 136936 D:\home\apps\api\utils\stock_api.py:66 (get_stock_info)	| [SinaAPI] Response content: var hq_str_sz000786="北新建材,24.630,24.610,24.620,24.740,24.530,24.610,24.620,3878700,95515406.000,100,24.610,900,24.600,7300,24.590,44900,24.580,62200,24.570,3700,24.620,13700,24.630,2200,24.640,14600,2
2026-05-19 10:29:55 I 136936 D:\home\apps\api\utils\stock_api.py:65 (get_stock_info)	| [SinaAPI] Request: http://hq.sinajs.cn/list=sz000750, Status: 200
2026-05-19 10:29:55 I 136936 D:\home\apps\api\utils\stock_api.py:66 (get_stock_info)	| [SinaAPI] Response content: var hq_str_sz000750="国海证券,3.790,3.800,3.810,3.850,3.790,3.810,3.820,20494280,78394593.820,1147800,3.810,1095400,3.800,1235400,3.790,1022600,3.780,1030500,3.770,266100,3.820,976500,3.830,1064800,3.840,
2026-05-19 10:29:55 I 136936 D:\home\apps\api\utils\stock_api.py:65 (get_stock_info)	| [SinaAPI] Request: http://hq.sinajs.cn/list=sz000709, Status: 200
2026-05-19 10:29:55 I 136936 D:\home\apps\api\utils\stock_api.py:66 (get_stock_info)	| [SinaAPI] Response content: var hq_str_sz000709="河钢股份,2.240,2.240,2.250,2.260,2.230,2.240,2.250,27620725,62144293.730,11123303,2.240,5438000,2.230,6149000,2.220,2585200,2.210,3752200,2.200,1600400,2.250,7204510,2.260,5448897,2.2
2026-05-19 10:29:55 I 136936 D:\home\apps\api\utils\stock_api.py:65 (get_stock_info)	| [SinaAPI] Request: http://hq.sinajs.cn/list=sz000166, Status: 200
2026-05-19 10:29:55 I 136936 D:\home\apps\api\utils\stock_api.py:66 (get_stock_info)	| [SinaAPI] Response content: var hq_str_sz000166="申万宏源,4.460,4.470,4.490,4.520,4.450,4.490,4.500,36673444,164810442.010,2223320,4.490,1938300,4.480,1740200,4.470,1035500,4.460,1709800,4.450,176900,4.500,2200900,4.510,2770250,4.52
2026-05-19 10:29:55 I 136936 D:\home\apps\api\utils\stock_api.py:65 (get_stock_info)	| [SinaAPI] Request: http://hq.sinajs.cn/list=sz000069, Status: 200
2026-05-19 10:29:55 I 136936 D:\home\apps\api\utils\stock_api.py:66 (get_stock_info)	| [SinaAPI] Response content: var hq_str_sz000069="华侨城Ａ,2.070,2.070,2.070,2.100,2.060,2.070,2.080,16454833,34169744.640,881000,2.070,1217400,2.060,1251200,2.050,956100,2.040,1248500,2.030,2095300,2.080,1762300,2.090,2019600,2.100,
2026-05-19 10:30:58 I 136936 D:\home\apps\api\utils\stock_api.py:65 (get_stock_info)	| [SinaAPI] Request: http://hq.sinajs.cn/list=sh601727, Status: 200
2026-05-19 10:30:58 I 136936 D:\home\apps\api\utils\stock_api.py:66 (get_stock_info)	| [SinaAPI] Response content: var hq_str_sh601727="上海电气,9.050,9.020,8.800,9.060,8.760,8.800,8.810,135604366,1200927249.000,105100,8.800,304000,8.790,2042400,8.780,1170100,8.770,2245050,8.760,14100,8.810,247817,8.820,166900,8.830,1
2026-05-19 10:30:58 I 136936 D:\home\apps\api\utils\stock_api.py:65 (get_stock_info)	| [SinaAPI] Request: http://hq.sinajs.cn/list=sh601588, Status: 200
2026-05-19 10:30:58 I 136936 D:\home\apps\api\utils\stock_api.py:66 (get_stock_info)	| [SinaAPI] Response content: var hq_str_sh601588="北辰实业,1.930,1.930,1.920,1.970,1.910,1.920,1.930,15655400,30371019.000,933800,1.920,659600,1.910,689600,1.900,457900,1.890,1142000,1.880,529800,1.930,636800,1.940,534100,1.950,28490
2026-05-19 10:30:58 I 136936 D:\home\apps\api\utils\stock_api.py:65 (get_stock_info)	| [SinaAPI] Request: http://hq.sinajs.cn/list=sh601100, Status: 200
2026-05-19 10:30:58 I 136936 D:\home\apps\api\utils\stock_api.py:66 (get_stock_info)	| [SinaAPI] Response content: var hq_str_sh601100="恒立液压,114.500,113.550,112.080,115.500,111.250,112.070,112.090,3600099,406962839.000,900,112.070,100,112.010,3000,112.000,400,111.980,500,111.960,300,112.090,300,112.100,300,112.140
2026-05-19 10:30:58 I 136936 D:\home\apps\api\utils\stock_api.py:65 (get_stock_info)	| [SinaAPI] Request: http://hq.sinajs.cn/list=sh601059, Status: 200
2026-05-19 10:30:58 I 136936 D:\home\apps\api\utils\stock_api.py:66 (get_stock_info)	| [SinaAPI] Response content: var hq_str_sh601059="信达证券,17.200,16.670,17.110,17.200,17.010,17.100,17.110,16117170,276009201.000,25600,17.100,197900,17.090,131900,17.080,26500,17.070,135800,17.060,10500,17.110,75701,17.120,27700,17
2026-05-19 10:30:58 I 136936 D:\home\apps\api\utils\stock_api.py:65 (get_stock_info)	| [SinaAPI] Request: http://hq.sinajs.cn/list=sh600999, Status: 200
2026-05-19 10:30:58 I 136936 D:\home\apps\api\utils\stock_api.py:66 (get_stock_info)	| [SinaAPI] Response content: var hq_str_sh600999="招商证券,16.090,16.180,16.350,16.460,16.050,16.340,16.350,35990054,588130018.000,55200,16.340,140900,16.330,119800,16.320,70300,16.310,134400,16.300,7400,16.350,47000,16.360,17900,16.
2026-05-19 10:30:58 I 136936 D:\home\apps\api\utils\stock_api.py:65 (get_stock_info)	| [SinaAPI] Request: http://hq.sinajs.cn/list=sh600936, Status: 200
2026-05-19 10:30:58 I 136936 D:\home\apps\api\utils\stock_api.py:66 (get_stock_info)	| [SinaAPI] Response content: var hq_str_sh600936="北投科技,5.250,5.310,5.840,5.840,5.250,5.840,0.000,57392160,329273090.000,20473200,5.840,116800,5.830,12500,5.820,3900,5.810,112000,5.800,0,0.000,0,0.000,0,0.000,0,0.000,0,0.000,2026-
2026-05-19 10:30:58 I 136936 D:\home\apps\api\utils\stock_api.py:65 (get_stock_info)	| [SinaAPI] Request: http://hq.sinajs.cn/list=sh600392, Status: 200
2026-05-19 10:30:58 I 136936 D:\home\apps\api\utils\stock_api.py:66 (get_stock_info)	| [SinaAPI] Response content: var hq_str_sh600392="盛和资源,23.950,24.050,22.970,23.990,22.810,22.970,22.980,33639344,780813156.000,8500,22.970,3100,22.960,5400,22.950,58400,22.940,7400,22.930,5800,22.980,21200,22.990,81700,23.000,770
2026-05-19 10:30:58 I 136936 D:\home\apps\api\utils\stock_api.py:65 (get_stock_info)	| [SinaAPI] Request: http://hq.sinajs.cn/list=sh600369, Status: 200
2026-05-19 10:30:58 I 136936 D:\home\apps\api\utils\stock_api.py:66 (get_stock_info)	| [SinaAPI] Response content: var hq_str_sh600369="西南证券,4.050,4.040,4.080,4.110,4.040,4.080,4.090,17788100,72674958.000,152300,4.080,995800,4.070,616800,4.060,522500,4.050,369100,4.040,981300,4.090,1381000,4.100,1034100,4.110,9497
2026-05-19 10:30:58 I 136936 D:\home\apps\api\utils\stock_api.py:65 (get_stock_info)	| [SinaAPI] Request: http://hq.sinajs.cn/list=sh600362, Status: 200
2026-05-19 10:30:58 I 136936 D:\home\apps\api\utils\stock_api.py:66 (get_stock_info)	| [SinaAPI] Response content: var hq_str_sh600362="江西铜业,45.110,45.440,43.750,45.190,43.370,43.740,43.750,21493085,949525579.000,6100,43.740,4900,43.720,7500,43.700,3600,43.690,5000,43.680,5500,43.750,200,43.760,500,43.770,11900,43
2026-05-19 10:30:58 I 136936 D:\home\apps\api\utils\stock_api.py:65 (get_stock_info)	| [SinaAPI] Request: http://hq.sinajs.cn/list=sh600256, Status: 200
2026-05-19 10:30:58 I 136936 D:\home\apps\api\utils\stock_api.py:66 (get_stock_info)	| [SinaAPI] Response content: var hq_str_sh600256="广汇能源,6.460,6.550,6.280,6.460,6.280,6.280,6.290,61976358,393636644.000,99000,6.280,486400,6.270,589600,6.260,657800,6.250,508500,6.240,77800,6.290,495800,6.300,309600,6.310,144500,
2026-05-19 10:30:58 I 136936 D:\home\apps\api\utils\stock_api.py:65 (get_stock_info)	| [SinaAPI] Request: http://hq.sinajs.cn/list=sh600121, Status: 200
2026-05-19 10:30:58 I 136936 D:\home\apps\api\utils\stock_api.py:66 (get_stock_info)	| [SinaAPI] Response content: var hq_str_sh600121="郑州煤电,4.270,4.280,4.320,4.370,4.200,4.320,4.330,30100461,129980684.000,24000,4.320,288400,4.310,309800,4.300,137400,4.290,112300,4.280,210400,4.330,359200,4.340,680000,4.350,795200
2026-05-19 10:30:58 I 136936 D:\home\apps\api\utils\stock_api.py:65 (get_stock_info)	| [SinaAPI] Request: http://hq.sinajs.cn/list=sh600116, Status: 200
2026-05-19 10:30:58 I 136936 D:\home\apps\api\utils\stock_api.py:66 (get_stock_info)	| [SinaAPI] Response content: var hq_str_sh600116="三峡水利,6.770,6.770,6.940,6.970,6.710,6.930,6.940,21405026,147364482.000,53700,6.930,110900,6.920,52700,6.910,84400,6.900,78800,6.890,47500,6.940,112500,6.950,286600,6.960,410000,6.9
2026-05-19 10:30:59 I 136936 D:\home\apps\api\utils\stock_api.py:65 (get_stock_info)	| [SinaAPI] Request: http://hq.sinajs.cn/list=sh600111, Status: 200
2026-05-19 10:30:59 I 136936 D:\home\apps\api\utils\stock_api.py:66 (get_stock_info)	| [SinaAPI] Response content: var hq_str_sh600111="北方稀土,51.200,51.700,49.790,51.580,49.500,49.780,49.790,60512332,3036822324.000,1900,49.780,11500,49.770,8100,49.760,900,49.750,5300,49.740,41700,49.790,113300,49.800,11600,49.810,7
2026-05-19 10:30:59 I 136936 D:\home\apps\api\utils\stock_api.py:65 (get_stock_info)	| [SinaAPI] Request: http://hq.sinajs.cn/list=sh600082, Status: 200
2026-05-19 10:30:59 I 136936 D:\home\apps\api\utils\stock_api.py:66 (get_stock_info)	| [SinaAPI] Response content: var hq_str_sh600082="ST海泰,3.810,3.800,3.850,3.940,3.810,3.840,3.850,8632660,33469918.000,106900,3.840,148800,3.830,122100,3.820,182400,3.810,156300,3.800,26600,3.850,80400,3.860,70500,3.870,25200,3.88
2026-05-19 10:30:59 I 136936 D:\home\apps\api\utils\stock_api.py:65 (get_stock_info)	| [SinaAPI] Request: http://hq.sinajs.cn/list=sh600081, Status: 200
2026-05-19 10:30:59 I 136936 D:\home\apps\api\utils\stock_api.py:66 (get_stock_info)	| [SinaAPI] Response content: var hq_str_sh600081="东风科技,12.300,12.400,12.410,12.860,12.300,12.400,12.410,7014370,87824658.000,9300,12.400,4600,12.390,6800,12.380,10200,12.370,23700,12.360,2300,12.410,6300,12.420,2400,12.430,3900,1
2026-05-19 10:30:59 I 136936 D:\home\apps\api\utils\stock_api.py:65 (get_stock_info)	| [SinaAPI] Request: http://hq.sinajs.cn/list=sh600031, Status: 200
2026-05-19 10:30:59 I 136936 D:\home\apps\api\utils\stock_api.py:66 (get_stock_info)	| [SinaAPI] Response content: var hq_str_sh600031="三一重工,19.520,19.390,19.070,19.560,19.020,19.070,19.080,31959230,614529079.000,5800,19.070,52600,19.060,58000,19.050,42300,19.040,81800,19.030,22700,19.080,11600,19.090,27100,19.100
2026-05-19 10:30:59 I 136936 D:\home\apps\api\utils\stock_api.py:65 (get_stock_info)	| [SinaAPI] Request: http://hq.sinajs.cn/list=sz002441, Status: 200
2026-05-19 10:30:59 I 136936 D:\home\apps\api\utils\stock_api.py:66 (get_stock_info)	| [SinaAPI] Response content: var hq_str_sz002441="众业达,10.190,10.210,10.330,10.390,10.150,10.310,10.330,3316400,34178108.000,4600,10.310,2000,10.300,2000,10.290,8200,10.280,10800,10.270,200,10.330,3400,10.340,19000,10.350,13700,10
2026-05-19 10:30:59 I 136936 D:\home\apps\api\utils\stock_api.py:65 (get_stock_info)	| [SinaAPI] Request: http://hq.sinajs.cn/list=sz002424, Status: 200
2026-05-19 10:30:59 I 136936 D:\home\apps\api\utils\stock_api.py:66 (get_stock_info)	| [SinaAPI] Response content: var hq_str_sz002424="ST百灵,4.940,4.860,4.910,5.020,4.900,4.900,4.910,4442200,21961173.000,72100,4.900,202100,4.890,262300,4.880,117200,4.870,70700,4.860,57300,4.910,41800,4.920,87700,4.930,102900,4.940
2026-05-19 10:30:59 I 136936 D:\home\apps\api\utils\stock_api.py:65 (get_stock_info)	| [SinaAPI] Request: http://hq.sinajs.cn/list=sz002408, Status: 200
2026-05-19 10:30:59 I 136936 D:\home\apps\api\utils\stock_api.py:66 (get_stock_info)	| [SinaAPI] Response content: var hq_str_sz002408="齐翔腾达,5.790,5.810,5.690,5.800,5.680,5.690,5.700,11163160,63916883.850,131700,5.690,254300,5.680,136700,5.670,256500,5.660,300300,5.650,32800,5.700,44350,5.710,139000,5.720,188500,5
2026-05-19 10:30:59 I 136936 D:\home\apps\api\utils\stock_api.py:65 (get_stock_info)	| [SinaAPI] Request: http://hq.sinajs.cn/list=sz002400, Status: 200
2026-05-19 10:30:59 I 136936 D:\home\apps\api\utils\stock_api.py:66 (get_stock_info)	| [SinaAPI] Response content: var hq_str_sz002400="省广集团,8.900,8.950,9.140,9.300,8.870,9.130,9.140,86797012,796096616.700,252100,9.130,259500,9.120,308500,9.110,539300,9.100,222100,9.090,69200,9.140,97700,9.150,39500,9.160,62900,9.
2026-05-19 10:30:59 I 136936 D:\home\apps\api\utils\stock_api.py:65 (get_stock_info)	| [SinaAPI] Request: http://hq.sinajs.cn/list=sz002390, Status: 200
2026-05-19 10:30:59 I 136936 D:\home\apps\api\utils\stock_api.py:66 (get_stock_info)	| [SinaAPI] Response content: var hq_str_sz002390="信邦制药,3.150,3.150,3.170,3.190,3.150,3.170,3.180,8706734,27661236.710,827600,3.170,656000,3.160,795900,3.150,165500,3.140,226500,3.130,311700,3.180,1124600,3.190,1035700,3.200,30370
2026-05-19 10:30:59 I 136936 D:\home\apps\api\utils\stock_api.py:65 (get_stock_info)	| [SinaAPI] Request: http://hq.sinajs.cn/list=sz002378, Status: 200
2026-05-19 10:30:59 I 136936 D:\home\apps\api\utils\stock_api.py:66 (get_stock_info)	| [SinaAPI] Response content: var hq_str_sz002378="章源钨业,29.950,29.950,28.040,30.000,27.760,28.040,28.050,33831341,965624058.940,12500,28.040,2300,28.030,2600,28.020,4900,28.010,9300,28.000,3600,28.050,10100,28.060,200,28.070,7600,
2026-05-19 10:30:59 I 136936 D:\home\apps\api\utils\stock_api.py:65 (get_stock_info)	| [SinaAPI] Request: http://hq.sinajs.cn/list=sz002374, Status: 200
2026-05-19 10:30:59 I 136936 D:\home\apps\api\utils\stock_api.py:66 (get_stock_info)	| [SinaAPI] Response content: var hq_str_sz002374="中锐股份,3.700,3.910,3.840,3.970,3.660,3.830,3.840,80913543,309342726.590,26000,3.830,57034,3.820,361800,3.810,505900,3.800,517000,3.790,97100,3.840,440300,3.850,161900,3.860,65700,3.
2026-05-19 10:30:59 I 136936 D:\home\apps\api\utils\stock_api.py:65 (get_stock_info)	| [SinaAPI] Request: http://hq.sinajs.cn/list=sz002372, Status: 200
2026-05-19 10:30:59 I 136936 D:\home\apps\api\utils\stock_api.py:66 (get_stock_info)	| [SinaAPI] Response content: var hq_str_sz002372="伟星新材,10.210,10.210,10.200,10.260,10.150,10.200,10.210,2295700,23434301.000,3000,10.200,6500,10.190,15200,10.180,23300,10.170,30900,10.160,1000,10.210,13400,10.220,14100,10.230,143
2026-05-19 10:30:59 I 136936 D:\home\apps\api\utils\stock_api.py:65 (get_stock_info)	| [SinaAPI] Request: http://hq.sinajs.cn/list=sz002357, Status: 200
2026-05-19 10:30:59 I 136936 D:\home\apps\api\utils\stock_api.py:66 (get_stock_info)	| [SinaAPI] Response content: var hq_str_sz002357="富临运业,11.270,11.270,11.220,11.530,11.180,11.210,11.220,3506100,39770967.000,4900,11.210,16300,11.200,16400,11.190,4600,11.180,2400,11.170,900,11.220,400,11.230,16500,11.240,7600,11
2026-05-19 10:30:59 I 136936 D:\home\apps\api\utils\stock_api.py:65 (get_stock_info)	| [SinaAPI] Request: http://hq.sinajs.cn/list=sz002330, Status: 200
2026-05-19 10:30:59 I 136936 D:\home\apps\api\utils\stock_api.py:66 (get_stock_info)	| [SinaAPI] Response content: var hq_str_sz002330="得利斯,4.530,4.520,4.510,4.580,4.510,4.510,4.520,4927500,22420535.000,27500,4.510,298200,4.500,49500,4.490,219000,4.480,11200,4.470,56200,4.520,84900,4.530,20000,4.540,33300,4.550,59
2026-05-19 10:30:59 I 136936 D:\home\apps\api\utils\stock_api.py:65 (get_stock_info)	| [SinaAPI] Request: http://hq.sinajs.cn/list=sz002303, Status: 200
2026-05-19 10:30:59 I 136936 D:\home\apps\api\utils\stock_api.py:66 (get_stock_info)	| [SinaAPI] Response content: var hq_str_sz002303="美盈森,3.540,3.540,3.530,3.560,3.500,3.530,3.540,5949800,21030674.000,59200,3.530,414500,3.520,339800,3.510,600200,3.500,173200,3.490,179400,3.540,171800,3.550,547700,3.560,512100,3.
2026-05-19 10:30:59 I 136936 D:\home\apps\api\utils\stock_api.py:65 (get_stock_info)	| [SinaAPI] Request: http://hq.sinajs.cn/list=sz002282, Status: 200
2026-05-19 10:30:59 I 136936 D:\home\apps\api\utils\stock_api.py:66 (get_stock_info)	| [SinaAPI] Response content: var hq_str_sz002282="博深股份,6.500,6.460,6.550,6.610,6.470,6.540,6.550,2005800,13167914.000,38800,6.540,97000,6.530,69300,6.520,46300,6.510,24900,6.500,7200,6.550,13100,6.560,35120,6.570,37900,6.580,3820
2026-05-19 10:30:59 I 136936 D:\home\apps\api\utils\stock_api.py:65 (get_stock_info)	| [SinaAPI] Request: http://hq.sinajs.cn/list=sz002275, Status: 200
2026-05-19 10:30:59 I 136936 D:\home\apps\api\utils\stock_api.py:66 (get_stock_info)	| [SinaAPI] Response content: var hq_str_sz002275="桂林三金,13.750,13.750,13.860,13.910,13.710,13.850,13.870,814000,11271802.000,7500,13.850,3100,13.840,7300,13.830,4500,13.820,5000,13.810,1100,13.870,33800,13.880,2300,13.890,6700,13.
2026-05-19 10:30:59 I 136936 D:\home\apps\api\utils\stock_api.py:65 (get_stock_info)	| [SinaAPI] Request: http://hq.sinajs.cn/list=sz002264, Status: 200
2026-05-19 10:30:59 I 136936 D:\home\apps\api\utils\stock_api.py:66 (get_stock_info)	| [SinaAPI] Response content: var hq_str_sz002264="新 华 都,7.600,7.600,7.640,7.730,7.550,7.640,7.650,6544703,50165858.800,31500,7.640,33400,7.630,22800,7.620,89700,7.610,97000,7.600,69600,7.650,60500,7.660,14700,7.670,16800,7.680,70
2026-05-19 10:30:59 I 136936 D:\home\apps\api\utils\stock_api.py:65 (get_stock_info)	| [SinaAPI] Request: http://hq.sinajs.cn/list=sz002175, Status: 200
2026-05-19 10:30:59 I 136936 D:\home\apps\api\utils\stock_api.py:66 (get_stock_info)	| [SinaAPI] Response content: var hq_str_sz002175="*ST东智,2.680,2.820,2.680,2.680,2.680,0.000,2.680,11696200,31345816.000,0,0.000,0,0.000,0,0.000,0,0.000,0,0.000,58909043,2.680,79700,2.690,125800,2.700,157900,2.710,39700,2.720,2026
2026-05-19 10:30:59 I 136936 D:\home\apps\api\utils\stock_api.py:65 (get_stock_info)	| [SinaAPI] Request: http://hq.sinajs.cn/list=sz002174, Status: 200
2026-05-19 10:30:59 I 136936 D:\home\apps\api\utils\stock_api.py:66 (get_stock_info)	| [SinaAPI] Response content: var hq_str_sz002174="游族网络,11.710,11.760,11.750,12.090,11.620,11.740,11.750,22948100,271713728.210,3200,11.740,44700,11.730,21000,11.720,65600,11.710,185300,11.700,20200,11.750,7300,11.760,7700,11.770,
2026-05-19 10:30:59 I 136936 D:\home\apps\api\utils\stock_api.py:65 (get_stock_info)	| [SinaAPI] Request: http://hq.sinajs.cn/list=sz002157, Status: 200
2026-05-19 10:30:59 I 136936 D:\home\apps\api\utils\stock_api.py:66 (get_stock_info)	| [SinaAPI] Response content: var hq_str_sz002157="正邦科技,3.330,3.320,3.310,3.360,3.230,3.300,3.310,132818800,436101297.000,1702600,3.300,1087900,3.290,1145100,3.280,966700,3.270,1285300,3.260,372000,3.310,1274200,3.320,1001521,3.33
2026-05-19 10:30:59 I 136936 D:\home\apps\api\utils\stock_api.py:65 (get_stock_info)	| [SinaAPI] Request: http://hq.sinajs.cn/list=sz002129, Status: 200
2026-05-19 10:30:59 I 136936 D:\home\apps\api\utils\stock_api.py:66 (get_stock_info)	| [SinaAPI] Response content: var hq_str_sz002129="TCL中环,9.380,9.360,9.510,9.630,9.240,9.500,9.510,76949420,726188142.550,34000,9.500,76500,9.490,78800,9.480,52200,9.470,133500,9.460,75900,9.510,33200,9.520,126800,9.530,33700,9.54
2026-05-19 10:30:59 I 136936 D:\home\apps\api\utils\stock_api.py:65 (get_stock_info)	| [SinaAPI] Request: http://hq.sinajs.cn/list=sz002067, Status: 200
2026-05-19 10:30:59 I 136936 D:\home\apps\api\utils\stock_api.py:66 (get_stock_info)	| [SinaAPI] Response content: var hq_str_sz002067="景兴纸业,5.280,4.800,5.280,5.280,5.210,5.280,0.000,77017062,406586755.360,36583416,5.280,431300,5.270,223800,5.260,88900,5.250,138000,5.240,0,0.000,0,0.000,0,0.000,0,0.000,0,0.000,202
2026-05-19 10:30:59 I 136936 D:\home\apps\api\utils\stock_api.py:65 (get_stock_info)	| [SinaAPI] Request: http://hq.sinajs.cn/list=sz002044, Status: 200
2026-05-19 10:30:59 I 136936 D:\home\apps\api\utils\stock_api.py:66 (get_stock_info)	| [SinaAPI] Response content: var hq_str_sz002044="美年健康,6.140,6.120,6.390,6.730,6.120,6.390,6.400,290818406,1888235568.690,223400,6.390,429500,6.380,428900,6.370,769000,6.360,642500,6.350,222900,6.400,193720,6.410,255400,6.420,160
2026-05-19 10:30:59 I 136936 D:\home\apps\api\utils\stock_api.py:65 (get_stock_info)	| [SinaAPI] Request: http://hq.sinajs.cn/list=sz002043, Status: 200
2026-05-19 10:30:59 I 136936 D:\home\apps\api\utils\stock_api.py:66 (get_stock_info)	| [SinaAPI] Response content: var hq_str_sz002043="兔 宝 宝,13.500,13.720,13.850,13.890,13.330,13.840,13.850,6146943,84305209.810,12500,13.840,14600,13.830,700,13.820,19000,13.800,4000,13.790,9100,13.850,7600,13.860,4600,13.870,15200
2026-05-19 10:30:59 I 136936 D:\home\apps\api\utils\stock_api.py:65 (get_stock_info)	| [SinaAPI] Request: http://hq.sinajs.cn/list=sz000786, Status: 200
2026-05-19 10:30:59 I 136936 D:\home\apps\api\utils\stock_api.py:66 (get_stock_info)	| [SinaAPI] Response content: var hq_str_sz000786="北新建材,24.630,24.610,24.600,24.740,24.530,24.600,24.610,3894800,95911608.000,800,24.600,7900,24.590,47500,24.580,62200,24.570,37600,24.560,100,24.610,8500,24.620,13000,24.630,3900,2
2026-05-19 10:30:59 I 136936 D:\home\apps\api\utils\stock_api.py:65 (get_stock_info)	| [SinaAPI] Request: http://hq.sinajs.cn/list=sz000750, Status: 200
2026-05-19 10:30:59 I 136936 D:\home\apps\api\utils\stock_api.py:66 (get_stock_info)	| [SinaAPI] Response content: var hq_str_sz000750="国海证券,3.790,3.800,3.820,3.850,3.790,3.820,3.830,20788880,79519872.820,348200,3.820,1262500,3.810,1172000,3.800,1256900,3.790,1033900,3.780,846100,3.830,1094600,3.840,1422480,3.850,
2026-05-19 10:30:59 I 136936 D:\home\apps\api\utils\stock_api.py:65 (get_stock_info)	| [SinaAPI] Request: http://hq.sinajs.cn/list=sz000709, Status: 200
2026-05-19 10:30:59 I 136936 D:\home\apps\api\utils\stock_api.py:66 (get_stock_info)	| [SinaAPI] Response content: var hq_str_sz000709="河钢股份,2.240,2.240,2.240,2.260,2.230,2.240,2.250,27704025,62331544.730,11142303,2.240,5670900,2.230,6149000,2.220,2585200,2.210,3744700,2.200,1396800,2.250,7601410,2.260,5448797,2.2
2026-05-19 10:30:59 I 136936 D:\home\apps\api\utils\stock_api.py:65 (get_stock_info)	| [SinaAPI] Request: http://hq.sinajs.cn/list=sz000166, Status: 200
2026-05-19 10:30:59 I 136936 D:\home\apps\api\utils\stock_api.py:66 (get_stock_info)	| [SinaAPI] Response content: var hq_str_sz000166="申万宏源,4.460,4.470,4.490,4.520,4.450,4.490,4.500,36729144,165060650.010,2180420,4.490,1926400,4.480,1740700,4.470,935500,4.460,1709800,4.450,643000,4.500,2150600,4.510,2765250,4.520
2026-05-19 10:31:00 I 136936 D:\home\apps\api\utils\stock_api.py:65 (get_stock_info)	| [SinaAPI] Request: http://hq.sinajs.cn/list=sz000069, Status: 200
2026-05-19 10:31:00 I 136936 D:\home\apps\api\utils\stock_api.py:66 (get_stock_info)	| [SinaAPI] Response content: var hq_str_sz000069="华侨城Ａ,2.070,2.070,2.080,2.100,2.060,2.070,2.080,16469433,34199981.640,896900,2.070,1217400,2.060,1251500,2.050,956100,2.040,1258100,2.030,2125200,2.080,1762200,2.090,2019600,2.100,
2026-05-19 10:31:33 I 136936 D:\home\apps\api\utils\stock_api.py:65 (get_stock_info)	| [SinaAPI] Request: http://hq.sinajs.cn/list=sh601727, Status: 200
2026-05-19 10:31:33 I 136936 D:\home\apps\api\utils\stock_api.py:66 (get_stock_info)	| [SinaAPI] Response content: var hq_str_sh601727="上海电气,9.050,9.020,8.800,9.060,8.760,8.800,8.810,136013266,1204526254.000,67600,8.800,473000,8.790,2019700,8.780,1154400,8.770,2253650,8.760,2100,8.810,248517,8.820,162400,8.830,193
2026-05-19 10:31:33 I 136936 D:\home\apps\api\utils\stock_api.py:65 (get_stock_info)	| [SinaAPI] Request: http://hq.sinajs.cn/list=sh601588, Status: 200
2026-05-19 10:31:33 I 136936 D:\home\apps\api\utils\stock_api.py:66 (get_stock_info)	| [SinaAPI] Response content: var hq_str_sh601588="北辰实业,1.930,1.930,1.920,1.970,1.910,1.920,1.930,15663900,30387384.000,937600,1.920,644400,1.910,686600,1.900,457900,1.890,1157400,1.880,549200,1.930,636800,1.940,534100,1.950,28770
2026-05-19 10:31:33 I 136936 D:\home\apps\api\utils\stock_api.py:65 (get_stock_info)	| [SinaAPI] Request: http://hq.sinajs.cn/list=sh601100, Status: 200
2026-05-19 10:31:33 I 136936 D:\home\apps\api\utils\stock_api.py:66 (get_stock_info)	| [SinaAPI] Response content: var hq_str_sh601100="恒立液压,114.500,113.550,112.010,115.500,111.250,111.960,112.010,3610399,408117218.000,400,111.960,100,111.930,400,111.920,700,111.910,11000,111.900,200,112.010,1200,112.040,100,112.0
2026-05-19 10:31:33 I 136936 D:\home\apps\api\utils\stock_api.py:65 (get_stock_info)	| [SinaAPI] Request: http://hq.sinajs.cn/list=sh601059, Status: 200
2026-05-19 10:31:33 I 136936 D:\home\apps\api\utils\stock_api.py:66 (get_stock_info)	| [SinaAPI] Response content: var hq_str_sh601059="信达证券,17.200,16.670,17.100,17.200,17.010,17.100,17.110,16137870,276363351.000,43100,17.100,194200,17.090,130900,17.080,28500,17.070,135800,17.060,1200,17.110,55701,17.120,28000,17.
2026-05-19 10:31:33 I 136936 D:\home\apps\api\utils\stock_api.py:65 (get_stock_info)	| [SinaAPI] Request: http://hq.sinajs.cn/list=sh600999, Status: 200
2026-05-19 10:31:33 I 136936 D:\home\apps\api\utils\stock_api.py:66 (get_stock_info)	| [SinaAPI] Response content: var hq_str_sh600999="招商证券,16.090,16.180,16.340,16.460,16.050,16.340,16.350,36042454,588986570.000,57800,16.340,156700,16.330,118900,16.320,71300,16.310,138700,16.300,25900,16.350,37000,16.360,16700,16
2026-05-19 10:31:33 I 136936 D:\home\apps\api\utils\stock_api.py:65 (get_stock_info)	| [SinaAPI] Request: http://hq.sinajs.cn/list=sh600936, Status: 200
2026-05-19 10:31:33 I 136936 D:\home\apps\api\utils\stock_api.py:66 (get_stock_info)	| [SinaAPI] Response content: var hq_str_sh600936="北投科技,5.250,5.310,5.840,5.840,5.250,5.840,0.000,57464360,329694738.000,20388500,5.840,116800,5.830,12500,5.820,3900,5.810,112000,5.800,0,0.000,0,0.000,0,0.000,0,0.000,0,0.000,2026-
2026-05-19 10:31:33 I 136936 D:\home\apps\api\utils\stock_api.py:65 (get_stock_info)	| [SinaAPI] Request: http://hq.sinajs.cn/list=sh600392, Status: 200
2026-05-19 10:31:33 I 136936 D:\home\apps\api\utils\stock_api.py:66 (get_stock_info)	| [SinaAPI] Response content: var hq_str_sh600392="盛和资源,23.950,24.050,22.920,23.990,22.810,22.910,22.920,33774844,783923584.000,10300,22.910,29300,22.900,2900,22.890,9900,22.880,2400,22.870,11700,22.920,2800,22.930,3000,22.940,550
2026-05-19 10:31:33 I 136936 D:\home\apps\api\utils\stock_api.py:65 (get_stock_info)	| [SinaAPI] Request: http://hq.sinajs.cn/list=sh600369, Status: 200
2026-05-19 10:31:33 I 136936 D:\home\apps\api\utils\stock_api.py:66 (get_stock_info)	| [SinaAPI] Response content: var hq_str_sh600369="西南证券,4.050,4.040,4.080,4.110,4.040,4.070,4.080,17908500,73166004.000,1001000,4.070,617000,4.060,522500,4.050,369100,4.040,222300,4.030,129400,4.080,914400,4.090,1381000,4.100,1035
2026-05-19 10:31:33 I 136936 D:\home\apps\api\utils\stock_api.py:65 (get_stock_info)	| [SinaAPI] Request: http://hq.sinajs.cn/list=sh600362, Status: 200
2026-05-19 10:31:33 I 136936 D:\home\apps\api\utils\stock_api.py:66 (get_stock_info)	| [SinaAPI] Response content: var hq_str_sh600362="江西铜业,45.110,45.440,43.670,45.190,43.370,43.650,43.670,21604085,954377771.000,1500,43.650,2100,43.620,7200,43.610,13600,43.600,7500,43.590,1200,43.670,2500,43.680,3200,43.690,1300,
2026-05-19 10:31:33 I 136936 D:\home\apps\api\utils\stock_api.py:65 (get_stock_info)	| [SinaAPI] Request: http://hq.sinajs.cn/list=sh600256, Status: 200
2026-05-19 10:31:33 I 136936 D:\home\apps\api\utils\stock_api.py:66 (get_stock_info)	| [SinaAPI] Response content: var hq_str_sh600256="广汇能源,6.460,6.550,6.290,6.460,6.280,6.280,6.290,62138058,394653370.000,1492700,6.280,455000,6.270,613100,6.260,676200,6.250,519700,6.240,109300,6.290,463700,6.300,309200,6.310,1445
2026-05-19 10:31:33 I 136936 D:\home\apps\api\utils\stock_api.py:65 (get_stock_info)	| [SinaAPI] Request: http://hq.sinajs.cn/list=sh600121, Status: 200
2026-05-19 10:31:33 I 136936 D:\home\apps\api\utils\stock_api.py:66 (get_stock_info)	| [SinaAPI] Response content: var hq_str_sh600121="郑州煤电,4.270,4.280,4.310,4.370,4.200,4.300,4.310,30569361,132000750.000,224400,4.300,137500,4.290,105600,4.280,79600,4.270,170800,4.260,47900,4.310,43600,4.320,211200,4.330,376100,4
2026-05-19 10:31:33 I 136936 D:\home\apps\api\utils\stock_api.py:65 (get_stock_info)	| [SinaAPI] Request: http://hq.sinajs.cn/list=sh600116, Status: 200
2026-05-19 10:31:33 I 136936 D:\home\apps\api\utils\stock_api.py:66 (get_stock_info)	| [SinaAPI] Response content: var hq_str_sh600116="三峡水利,6.770,6.770,6.940,6.970,6.710,6.930,6.940,21481426,147894192.000,73300,6.930,96500,6.920,53200,6.910,84600,6.900,81400,6.890,70200,6.940,120100,6.950,287400,6.960,421200,6.97
2026-05-19 10:31:33 I 136936 D:\home\apps\api\utils\stock_api.py:65 (get_stock_info)	| [SinaAPI] Request: http://hq.sinajs.cn/list=sh600111, Status: 200
2026-05-19 10:31:33 I 136936 D:\home\apps\api\utils\stock_api.py:66 (get_stock_info)	| [SinaAPI] Response content: var hq_str_sh600111="北方稀土,51.200,51.700,49.700,51.580,49.500,49.700,49.720,60663232,3044330498.000,28900,49.700,1100,49.690,7300,49.680,3800,49.670,1700,49.660,3200,49.720,6600,49.730,56000,49.740,830
2026-05-19 10:31:33 I 136936 D:\home\apps\api\utils\stock_api.py:65 (get_stock_info)	| [SinaAPI] Request: http://hq.sinajs.cn/list=sh600082, Status: 200
2026-05-19 10:31:33 I 136936 D:\home\apps\api\utils\stock_api.py:66 (get_stock_info)	| [SinaAPI] Response content: var hq_str_sh600082="ST海泰,3.810,3.800,3.850,3.940,3.810,3.840,3.850,8632760,33470303.000,108100,3.840,148500,3.830,122100,3.820,182400,3.810,156300,3.800,45300,3.850,80400,3.860,68700,3.870,25200,3.88
2026-05-19 10:31:33 I 136936 D:\home\apps\api\utils\stock_api.py:65 (get_stock_info)	| [SinaAPI] Request: http://hq.sinajs.cn/list=sh600081, Status: 200
2026-05-19 10:31:33 I 136936 D:\home\apps\api\utils\stock_api.py:66 (get_stock_info)	| [SinaAPI] Response content: var hq_str_sh600081="东风科技,12.300,12.400,12.380,12.860,12.300,12.380,12.390,7039270,88133275.000,6700,12.380,12900,12.370,26700,12.360,28300,12.350,10100,12.340,1500,12.390,4100,12.400,11000,12.410,700
2026-05-19 10:31:33 I 136936 D:\home\apps\api\utils\stock_api.py:65 (get_stock_info)	| [SinaAPI] Request: http://hq.sinajs.cn/list=sh600031, Status: 200
2026-05-19 10:31:33 I 136936 D:\home\apps\api\utils\stock_api.py:66 (get_stock_info)	| [SinaAPI] Response content: var hq_str_sh600031="三一重工,19.520,19.390,19.050,19.560,19.020,19.050,19.060,32138930,617954208.000,14800,19.050,43900,19.040,82000,19.030,227300,19.020,503000,19.010,78400,19.060,60200,19.070,33500,19.
2026-05-19 10:31:34 I 136936 D:\home\apps\api\utils\stock_api.py:65 (get_stock_info)	| [SinaAPI] Request: http://hq.sinajs.cn/list=sz002441, Status: 200
2026-05-19 10:31:34 I 136936 D:\home\apps\api\utils\stock_api.py:66 (get_stock_info)	| [SinaAPI] Response content: var hq_str_sz002441="众业达,10.190,10.210,10.310,10.390,10.150,10.300,10.310,3322200,34237945.000,2200,10.300,2000,10.290,8200,10.280,10800,10.270,9800,10.260,2300,10.310,2100,10.320,2500,10.330,7300,10.
2026-05-19 10:31:34 I 136936 D:\home\apps\api\utils\stock_api.py:65 (get_stock_info)	| [SinaAPI] Request: http://hq.sinajs.cn/list=sz002424, Status: 200
2026-05-19 10:31:34 I 136936 D:\home\apps\api\utils\stock_api.py:66 (get_stock_info)	| [SinaAPI] Response content: var hq_str_sz002424="ST百灵,4.940,4.860,4.900,5.020,4.900,4.900,4.910,4461300,22054883.000,58700,4.900,202100,4.890,262300,4.880,117200,4.870,70700,4.860,45500,4.910,41800,4.920,87700,4.930,98900,4.940,
2026-05-19 10:31:34 I 136936 D:\home\apps\api\utils\stock_api.py:65 (get_stock_info)	| [SinaAPI] Request: http://hq.sinajs.cn/list=sz002408, Status: 200
2026-05-19 10:31:34 I 136936 D:\home\apps\api\utils\stock_api.py:66 (get_stock_info)	| [SinaAPI] Response content: var hq_str_sz002408="齐翔腾达,5.790,5.810,5.690,5.800,5.680,5.680,5.690,11335660,64898816.850,262400,5.680,136700,5.670,256500,5.660,300300,5.650,59300,5.640,4300,5.690,52200,5.700,44350,5.710,139000,5.72
2026-05-19 10:31:34 I 136936 D:\home\apps\api\utils\stock_api.py:65 (get_stock_info)	| [SinaAPI] Request: http://hq.sinajs.cn/list=sz002400, Status: 200
2026-05-19 10:31:34 I 136936 D:\home\apps\api\utils\stock_api.py:66 (get_stock_info)	| [SinaAPI] Response content: var hq_str_sz002400="省广集团,8.900,8.950,9.130,9.300,8.870,9.120,9.130,87239112,800133175.700,272100,9.120,313600,9.110,526400,9.100,249600,9.090,179400,9.080,47000,9.130,121600,9.140,83100,9.150,32900,9
2026-05-19 10:31:34 I 136936 D:\home\apps\api\utils\stock_api.py:65 (get_stock_info)	| [SinaAPI] Request: http://hq.sinajs.cn/list=sz002390, Status: 200
2026-05-19 10:31:34 I 136936 D:\home\apps\api\utils\stock_api.py:66 (get_stock_info)	| [SinaAPI] Response content: var hq_str_sz002390="信邦制药,3.150,3.150,3.180,3.190,3.150,3.170,3.180,8725134,27719635.710,817900,3.170,656000,3.160,795900,3.150,165500,3.140,226500,3.130,309900,3.180,1141700,3.190,1035700,3.200,30370
2026-05-19 10:31:34 I 136936 D:\home\apps\api\utils\stock_api.py:65 (get_stock_info)	| [SinaAPI] Request: http://hq.sinajs.cn/list=sz002378, Status: 200
2026-05-19 10:31:34 I 136936 D:\home\apps\api\utils\stock_api.py:66 (get_stock_info)	| [SinaAPI] Response content: var hq_str_sz002378="章源钨业,29.950,29.950,28.020,30.000,27.760,28.000,28.020,34045241,971620270.940,16900,28.000,4000,27.990,4700,27.980,800,27.970,500,27.960,4900,28.020,300,28.030,300,28.040,7000,28.0
2026-05-19 10:31:34 I 136936 D:\home\apps\api\utils\stock_api.py:65 (get_stock_info)	| [SinaAPI] Request: http://hq.sinajs.cn/list=sz002374, Status: 200
2026-05-19 10:31:34 I 136936 D:\home\apps\api\utils\stock_api.py:66 (get_stock_info)	| [SinaAPI] Response content: var hq_str_sz002374="中锐股份,3.700,3.910,3.820,3.970,3.660,3.820,3.830,81007343,309702058.590,81634,3.820,365600,3.810,508100,3.800,529100,3.790,126100,3.780,108300,3.830,108900,3.840,440900,3.850,161900
2026-05-19 10:31:34 I 136936 D:\home\apps\api\utils\stock_api.py:65 (get_stock_info)	| [SinaAPI] Request: http://hq.sinajs.cn/list=sz002372, Status: 200
2026-05-19 10:31:34 I 136936 D:\home\apps\api\utils\stock_api.py:66 (get_stock_info)	| [SinaAPI] Response content: var hq_str_sz002372="伟星新材,10.210,10.210,10.190,10.260,10.150,10.190,10.200,2300800,23486270.000,6700,10.190,15300,10.180,23300,10.170,30900,10.160,34700,10.150,2100,10.200,5300,10.210,13500,10.220,141
2026-05-19 10:31:34 I 136936 D:\home\apps\api\utils\stock_api.py:65 (get_stock_info)	| [SinaAPI] Request: http://hq.sinajs.cn/list=sz002357, Status: 200
2026-05-19 10:31:34 I 136936 D:\home\apps\api\utils\stock_api.py:66 (get_stock_info)	| [SinaAPI] Response content: var hq_str_sz002357="富临运业,11.270,11.270,11.200,11.530,11.180,11.190,11.200,3544500,40201116.000,17100,11.190,5100,11.180,2400,11.170,5600,11.160,4200,11.150,1900,11.200,33200,11.210,1000,11.220,400,11
2026-05-19 10:31:34 I 136936 D:\home\apps\api\utils\stock_api.py:65 (get_stock_info)	| [SinaAPI] Request: http://hq.sinajs.cn/list=sz002330, Status: 200
2026-05-19 10:31:34 I 136936 D:\home\apps\api\utils\stock_api.py:66 (get_stock_info)	| [SinaAPI] Response content: var hq_str_sz002330="得利斯,4.530,4.520,4.500,4.580,4.500,4.500,4.510,4956800,22552669.000,303800,4.500,47300,4.490,219000,4.480,11200,4.470,7600,4.460,51600,4.510,52700,4.520,84900,4.530,20000,4.540,333
2026-05-19 10:31:34 I 136936 D:\home\apps\api\utils\stock_api.py:65 (get_stock_info)	| [SinaAPI] Request: http://hq.sinajs.cn/list=sz002303, Status: 200
2026-05-19 10:31:34 I 136936 D:\home\apps\api\utils\stock_api.py:66 (get_stock_info)	| [SinaAPI] Response content: var hq_str_sz002303="美盈森,3.540,3.540,3.530,3.560,3.500,3.520,3.530,6010300,21244239.000,415700,3.520,339800,3.510,610300,3.500,173200,3.490,304100,3.480,3700,3.530,179500,3.540,188400,3.550,547700,3.5
2026-05-19 10:31:34 I 136936 D:\home\apps\api\utils\stock_api.py:65 (get_stock_info)	| [SinaAPI] Request: http://hq.sinajs.cn/list=sz002282, Status: 200
2026-05-19 10:31:34 I 136936 D:\home\apps\api\utils\stock_api.py:66 (get_stock_info)	| [SinaAPI] Response content: var hq_str_sz002282="博深股份,6.500,6.460,6.550,6.610,6.470,6.540,6.550,2005800,13167914.000,39100,6.540,98600,6.530,69300,6.520,46300,6.510,24900,6.500,11100,6.550,13100,6.560,35120,6.570,37900,6.580,382
2026-05-19 10:31:34 I 136936 D:\home\apps\api\utils\stock_api.py:65 (get_stock_info)	| [SinaAPI] Request: http://hq.sinajs.cn/list=sz002275, Status: 200
2026-05-19 10:31:34 I 136936 D:\home\apps\api\utils\stock_api.py:66 (get_stock_info)	| [SinaAPI] Response content: var hq_str_sz002275="桂林三金,13.750,13.750,13.850,13.910,13.710,13.850,13.870,822200,11385369.000,9000,13.850,3200,13.840,7300,13.830,3000,13.820,5000,13.810,1300,13.870,33500,13.880,2200,13.890,6700,13.
2026-05-19 10:31:34 I 136936 D:\home\apps\api\utils\stock_api.py:65 (get_stock_info)	| [SinaAPI] Request: http://hq.sinajs.cn/list=sz002264, Status: 200
2026-05-19 10:31:34 I 136936 D:\home\apps\api\utils\stock_api.py:66 (get_stock_info)	| [SinaAPI] Response content: var hq_str_sz002264="新 华 都,7.600,7.600,7.630,7.730,7.550,7.620,7.630,6615303,50704876.800,39700,7.620,89700,7.610,97500,7.600,22500,7.590,63600,7.580,6300,7.630,13500,7.640,49700,7.650,60400,7.660,147
2026-05-19 10:31:34 I 136936 D:\home\apps\api\utils\stock_api.py:65 (get_stock_info)	| [SinaAPI] Request: http://hq.sinajs.cn/list=sz002175, Status: 200
2026-05-19 10:31:34 I 136936 D:\home\apps\api\utils\stock_api.py:66 (get_stock_info)	| [SinaAPI] Response content: var hq_str_sz002175="*ST东智,2.680,2.820,2.680,2.680,2.680,0.000,2.680,11716300,31399684.000,0,0.000,0,0.000,0,0.000,0,0.000,0,0.000,58909343,2.680,79700,2.690,125800,2.700,147900,2.710,39700,2.720,2026
2026-05-19 10:31:34 I 136936 D:\home\apps\api\utils\stock_api.py:65 (get_stock_info)	| [SinaAPI] Request: http://hq.sinajs.cn/list=sz002174, Status: 200
2026-05-19 10:31:34 I 136936 D:\home\apps\api\utils\stock_api.py:66 (get_stock_info)	| [SinaAPI] Response content: var hq_str_sz002174="游族网络,11.710,11.760,11.730,12.090,11.620,11.730,11.740,23017400,272526819.210,18000,11.730,16000,11.720,66100,11.710,188600,11.700,13600,11.690,12800,11.740,14500,11.750,7800,11.76
2026-05-19 10:31:34 I 136936 D:\home\apps\api\utils\stock_api.py:65 (get_stock_info)	| [SinaAPI] Request: http://hq.sinajs.cn/list=sz002157, Status: 200
2026-05-19 10:31:34 I 136936 D:\home\apps\api\utils\stock_api.py:66 (get_stock_info)	| [SinaAPI] Response content: var hq_str_sz002157="正邦科技,3.330,3.320,3.290,3.360,3.230,3.290,3.300,136250400,447438645.000,1440500,3.290,1248100,3.280,1210300,3.270,1278500,3.260,1409400,3.250,553200,3.300,1108000,3.310,1321300,3.3
2026-05-19 10:31:34 I 136936 D:\home\apps\api\utils\stock_api.py:65 (get_stock_info)	| [SinaAPI] Request: http://hq.sinajs.cn/list=sz002129, Status: 200
2026-05-19 10:31:34 I 136936 D:\home\apps\api\utils\stock_api.py:66 (get_stock_info)	| [SinaAPI] Response content: var hq_str_sz002129="TCL中环,9.380,9.360,9.480,9.630,9.240,9.460,9.470,77487220,731292664.550,117600,9.460,98000,9.450,207600,9.440,66700,9.430,51300,9.420,300,9.470,28500,9.480,23500,9.490,36400,9.500,
2026-05-19 10:31:34 I 136936 D:\home\apps\api\utils\stock_api.py:65 (get_stock_info)	| [SinaAPI] Request: http://hq.sinajs.cn/list=sz002067, Status: 200
2026-05-19 10:31:34 I 136936 D:\home\apps\api\utils\stock_api.py:66 (get_stock_info)	| [SinaAPI] Response content: var hq_str_sz002067="景兴纸业,5.280,4.800,5.280,5.280,5.210,5.280,0.000,77052862,406775779.360,36596316,5.280,431300,5.270,223800,5.260,88100,5.250,138000,5.240,0,0.000,0,0.000,0,0.000,0,0.000,0,0.000,202
2026-05-19 10:31:34 I 136936 D:\home\apps\api\utils\stock_api.py:65 (get_stock_info)	| [SinaAPI] Request: http://hq.sinajs.cn/list=sz002044, Status: 200
2026-05-19 10:31:34 I 136936 D:\home\apps\api\utils\stock_api.py:66 (get_stock_info)	| [SinaAPI] Response content: var hq_str_sz002044="美年健康,6.140,6.120,6.390,6.730,6.120,6.390,6.400,292092706,1896386158.690,116700,6.390,466300,6.380,415200,6.370,726200,6.360,649500,6.350,188600,6.400,234720,6.410,287900,6.420,141
2026-05-19 10:31:34 I 136936 D:\home\apps\api\utils\stock_api.py:65 (get_stock_info)	| [SinaAPI] Request: http://hq.sinajs.cn/list=sz002043, Status: 200
2026-05-19 10:31:34 I 136936 D:\home\apps\api\utils\stock_api.py:66 (get_stock_info)	| [SinaAPI] Response content: var hq_str_sz002043="兔 宝 宝,13.500,13.720,13.820,13.890,13.330,13.810,13.820,6190143,84902858.810,1200,13.810,19700,13.800,4000,13.790,1600,13.780,3400,13.770,10500,13.820,1700,13.830,2000,13.840,10000
2026-05-19 10:31:34 I 136936 D:\home\apps\api\utils\stock_api.py:65 (get_stock_info)	| [SinaAPI] Request: http://hq.sinajs.cn/list=sz000786, Status: 200
2026-05-19 10:31:34 I 136936 D:\home\apps\api\utils\stock_api.py:66 (get_stock_info)	| [SinaAPI] Response content: var hq_str_sz000786="北新建材,24.630,24.610,24.590,24.740,24.530,24.590,24.600,3908000,96236231.000,12800,24.590,45500,24.580,62200,24.570,39600,24.560,85000,24.550,800,24.600,5900,24.610,7300,24.620,1180
2026-05-19 10:31:34 I 136936 D:\home\apps\api\utils\stock_api.py:65 (get_stock_info)	| [SinaAPI] Request: http://hq.sinajs.cn/list=sz000750, Status: 200
2026-05-19 10:31:34 I 136936 D:\home\apps\api\utils\stock_api.py:66 (get_stock_info)	| [SinaAPI] Response content: var hq_str_sz000750="国海证券,3.790,3.800,3.820,3.850,3.790,3.820,3.830,20838680,79710195.820,104100,3.820,1287700,3.810,1172100,3.800,1256900,3.790,1047900,3.780,857200,3.830,1106700,3.840,1432280,3.850,
2026-05-19 10:31:34 I 136936 D:\home\apps\api\utils\stock_api.py:65 (get_stock_info)	| [SinaAPI] Request: http://hq.sinajs.cn/list=sz000709, Status: 200
2026-05-19 10:31:34 I 136936 D:\home\apps\api\utils\stock_api.py:66 (get_stock_info)	| [SinaAPI] Response content: var hq_str_sz000709="河钢股份,2.240,2.240,2.240,2.260,2.230,2.240,2.250,27776956,62495356.170,11136872,2.240,5701400,2.230,6149000,2.220,2585200,2.210,3745700,2.200,1310700,2.250,7601410,2.260,5427897,2.2
2026-05-19 10:31:34 I 136936 D:\home\apps\api\utils\stock_api.py:65 (get_stock_info)	| [SinaAPI] Request: http://hq.sinajs.cn/list=sz000166, Status: 200
2026-05-19 10:31:34 I 136936 D:\home\apps\api\utils\stock_api.py:66 (get_stock_info)	| [SinaAPI] Response content: var hq_str_sz000166="申万宏源,4.460,4.470,4.500,4.520,4.450,4.490,4.500,36803744,165396228.010,2141420,4.490,1985700,4.480,1790700,4.470,941900,4.460,1713000,4.450,742100,4.500,2164900,4.510,2765250,4.520
2026-05-19 10:31:34 I 136936 D:\home\apps\api\utils\stock_api.py:65 (get_stock_info)	| [SinaAPI] Request: http://hq.sinajs.cn/list=sz000069, Status: 200
2026-05-19 10:31:34 I 136936 D:\home\apps\api\utils\stock_api.py:66 (get_stock_info)	| [SinaAPI] Response content: var hq_str_sz000069="华侨城Ａ,2.070,2.070,2.070,2.100,2.060,2.070,2.080,16479933,34221718.640,875200,2.070,1217400,2.060,1252000,2.050,956100,2.040,1256100,2.030,2138100,2.080,1772200,2.090,2019600,2.100,
2026-05-19 10:34:05 I 136936 D:\home\apps\api\utils\stock_api.py:65 (get_stock_info)	| [SinaAPI] Request: http://hq.sinajs.cn/list=sh601727, Status: 200
2026-05-19 10:34:05 I 136936 D:\home\apps\api\utils\stock_api.py:66 (get_stock_info)	| [SinaAPI] Response content: var hq_str_sh601727="上海电气,9.050,9.020,8.800,9.060,8.760,8.800,8.810,137267066,1215564966.000,125300,8.800,671500,8.790,2019900,8.780,1182800,8.770,2260550,8.760,264800,8.810,289117,8.820,177800,8.830,
2026-05-19 10:34:05 I 136936 D:\home\apps\api\utils\stock_api.py:65 (get_stock_info)	| [SinaAPI] Request: http://hq.sinajs.cn/list=sh601588, Status: 200
2026-05-19 10:34:05 I 136936 D:\home\apps\api\utils\stock_api.py:66 (get_stock_info)	| [SinaAPI] Response content: var hq_str_sh601588="北辰实业,1.930,1.930,1.930,1.970,1.910,1.920,1.930,15743500,30540461.000,1180700,1.920,621400,1.910,686600,1.900,467900,1.890,1158300,1.880,818900,1.930,636200,1.940,550400,1.950,2863
2026-05-19 10:34:05 I 136936 D:\home\apps\api\utils\stock_api.py:65 (get_stock_info)	| [SinaAPI] Request: http://hq.sinajs.cn/list=sh601100, Status: 200
2026-05-19 10:34:05 I 136936 D:\home\apps\api\utils\stock_api.py:66 (get_stock_info)	| [SinaAPI] Response content: var hq_str_sh601100="恒立液压,114.500,113.550,111.880,115.500,111.250,111.870,111.880,3660899,413766778.000,200,111.870,100,111.860,1300,111.840,800,111.830,800,111.820,1300,111.880,700,111.910,2100,112.0
2026-05-19 10:34:05 I 136936 D:\home\apps\api\utils\stock_api.py:65 (get_stock_info)	| [SinaAPI] Request: http://hq.sinajs.cn/list=sh601059, Status: 200
2026-05-19 10:34:05 I 136936 D:\home\apps\api\utils\stock_api.py:66 (get_stock_info)	| [SinaAPI] Response content: var hq_str_sh601059="信达证券,17.200,16.670,17.110,17.200,17.010,17.100,17.110,16212370,277637797.000,42500,17.100,197200,17.090,130200,17.080,32200,17.070,136400,17.060,29800,17.110,68301,17.120,72800,17
2026-05-19 10:34:05 I 136936 D:\home\apps\api\utils\stock_api.py:65 (get_stock_info)	| [SinaAPI] Request: http://hq.sinajs.cn/list=sh600999, Status: 200
2026-05-19 10:34:05 I 136936 D:\home\apps\api\utils\stock_api.py:66 (get_stock_info)	| [SinaAPI] Response content: var hq_str_sh600999="招商证券,16.090,16.180,16.350,16.460,16.050,16.350,16.360,36395354,594755006.000,31700,16.350,124100,16.340,181300,16.330,106400,16.320,62100,16.310,1800,16.360,24300,16.370,49100,16.
2026-05-19 10:34:05 I 136936 D:\home\apps\api\utils\stock_api.py:65 (get_stock_info)	| [SinaAPI] Request: http://hq.sinajs.cn/list=sh600936, Status: 200
2026-05-19 10:34:05 I 136936 D:\home\apps\api\utils\stock_api.py:66 (get_stock_info)	| [SinaAPI] Response content: var hq_str_sh600936="北投科技,5.250,5.310,5.840,5.840,5.250,5.840,0.000,57506360,329940018.000,20316400,5.840,123600,5.830,17500,5.820,4700,5.810,112200,5.800,0,0.000,0,0.000,0,0.000,0,0.000,0,0.000,2026-
2026-05-19 10:34:06 I 136936 D:\home\apps\api\utils\stock_api.py:65 (get_stock_info)	| [SinaAPI] Request: http://hq.sinajs.cn/list=sh600392, Status: 200
2026-05-19 10:34:06 I 136936 D:\home\apps\api\utils\stock_api.py:66 (get_stock_info)	| [SinaAPI] Response content: var hq_str_sh600392="盛和资源,23.950,24.050,22.920,23.990,22.810,22.900,22.920,34125244,791949830.000,15700,22.900,28300,22.890,39100,22.880,25700,22.870,47000,22.860,38800,22.920,2200,22.930,200,22.940,1
2026-05-19 10:34:06 I 136936 D:\home\apps\api\utils\stock_api.py:65 (get_stock_info)	| [SinaAPI] Request: http://hq.sinajs.cn/list=sh600369, Status: 200
2026-05-19 10:34:06 I 136936 D:\home\apps\api\utils\stock_api.py:66 (get_stock_info)	| [SinaAPI] Response content: var hq_str_sh600369="西南证券,4.050,4.040,4.080,4.110,4.040,4.070,4.080,17988700,73492595.000,992400,4.070,671700,4.060,530500,4.050,421800,4.040,232300,4.030,408200,4.080,900000,4.090,1252600,4.100,10107
2026-05-19 10:34:06 I 136936 D:\home\apps\api\utils\stock_api.py:65 (get_stock_info)	| [SinaAPI] Request: http://hq.sinajs.cn/list=sh600362, Status: 200
2026-05-19 10:34:06 I 136936 D:\home\apps\api\utils\stock_api.py:66 (get_stock_info)	| [SinaAPI] Response content: var hq_str_sh600362="江西铜业,45.110,45.440,43.660,45.190,43.370,43.600,43.660,22125785,977133679.000,12200,43.600,5000,43.590,16200,43.580,6400,43.570,1700,43.560,100,43.660,4300,43.670,2300,43.680,3200,
2026-05-19 10:34:06 I 136936 D:\home\apps\api\utils\stock_api.py:65 (get_stock_info)	| [SinaAPI] Request: http://hq.sinajs.cn/list=sh600256, Status: 200
2026-05-19 10:34:06 I 136936 D:\home\apps\api\utils\stock_api.py:66 (get_stock_info)	| [SinaAPI] Response content: var hq_str_sh600256="广汇能源,6.460,6.550,6.290,6.460,6.280,6.290,6.300,63010358,400138551.000,37300,6.290,1575200,6.280,447100,6.270,626300,6.260,696700,6.250,479600,6.300,309400,6.310,144500,6.320,24590
2026-05-19 10:34:06 I 136936 D:\home\apps\api\utils\stock_api.py:65 (get_stock_info)	| [SinaAPI] Request: http://hq.sinajs.cn/list=sh600121, Status: 200
2026-05-19 10:34:06 I 136936 D:\home\apps\api\utils\stock_api.py:66 (get_stock_info)	| [SinaAPI] Response content: var hq_str_sh600121="郑州煤电,4.270,4.280,4.320,4.370,4.200,4.320,4.330,31365661,135429691.000,38800,4.320,73600,4.310,182200,4.300,173800,4.290,268200,4.280,119200,4.330,262100,4.340,679000,4.350,796400,
2026-05-19 10:34:06 I 136936 D:\home\apps\api\utils\stock_api.py:65 (get_stock_info)	| [SinaAPI] Request: http://hq.sinajs.cn/list=sh600116, Status: 200
2026-05-19 10:34:06 I 136936 D:\home\apps\api\utils\stock_api.py:66 (get_stock_info)	| [SinaAPI] Response content: var hq_str_sh600116="三峡水利,6.770,6.770,6.940,6.970,6.710,6.940,6.950,21985826,151390056.000,77700,6.940,31300,6.930,64100,6.920,49800,6.910,89700,6.900,304000,6.950,226800,6.960,410100,6.970,540200,6.9
2026-05-19 10:34:06 I 136936 D:\home\apps\api\utils\stock_api.py:65 (get_stock_info)	| [SinaAPI] Request: http://hq.sinajs.cn/list=sh600111, Status: 200
2026-05-19 10:34:06 I 136936 D:\home\apps\api\utils\stock_api.py:66 (get_stock_info)	| [SinaAPI] Response content: var hq_str_sh600111="北方稀土,51.200,51.700,49.660,51.580,49.500,49.690,49.700,61896232,3105572492.000,1100,49.690,700,49.680,11000,49.660,13100,49.650,31200,49.640,13100,49.700,5200,49.720,9300,49.730,19
2026-05-19 10:34:06 I 136936 D:\home\apps\api\utils\stock_api.py:65 (get_stock_info)	| [SinaAPI] Request: http://hq.sinajs.cn/list=sh600082, Status: 200
2026-05-19 10:34:06 I 136936 D:\home\apps\api\utils\stock_api.py:66 (get_stock_info)	| [SinaAPI] Response content: var hq_str_sh600082="ST海泰,3.810,3.800,3.850,3.940,3.810,3.840,3.850,8731660,33850761.000,83600,3.840,158400,3.830,122100,3.820,179600,3.810,156300,3.800,4700,3.850,84400,3.860,61800,3.870,25200,3.880,
2026-05-19 10:34:06 I 136936 D:\home\apps\api\utils\stock_api.py:65 (get_stock_info)	| [SinaAPI] Request: http://hq.sinajs.cn/list=sh600081, Status: 200
2026-05-19 10:34:06 I 136936 D:\home\apps\api\utils\stock_api.py:66 (get_stock_info)	| [SinaAPI] Response content: var hq_str_sh600081="东风科技,12.300,12.400,12.410,12.860,12.300,12.410,12.420,7230270,90498534.000,13200,12.410,5400,12.400,11200,12.390,4800,12.380,1000,12.370,10300,12.420,1000,12.430,3200,12.440,3200,
2026-05-19 10:34:06 I 136936 D:\home\apps\api\utils\stock_api.py:65 (get_stock_info)	| [SinaAPI] Request: http://hq.sinajs.cn/list=sh600031, Status: 200
2026-05-19 10:34:06 I 136936 D:\home\apps\api\utils\stock_api.py:66 (get_stock_info)	| [SinaAPI] Response content: var hq_str_sh600031="三一重工,19.520,19.390,19.040,19.560,19.020,19.040,19.050,32620430,627125156.000,48700,19.040,126600,19.030,298500,19.020,529400,19.010,1325800,19.000,61800,19.050,53600,19.060,11000,
2026-05-19 10:34:06 I 136936 D:\home\apps\api\utils\stock_api.py:65 (get_stock_info)	| [SinaAPI] Request: http://hq.sinajs.cn/list=sz002441, Status: 200
2026-05-19 10:34:06 I 136936 D:\home\apps\api\utils\stock_api.py:66 (get_stock_info)	| [SinaAPI] Response content: var hq_str_sz002441="众业达,10.190,10.210,10.300,10.390,10.150,10.300,10.310,3365200,34680998.000,400,10.300,13600,10.290,8700,10.280,10100,10.270,10300,10.260,3900,10.310,400,10.320,2500,10.330,7600,10.
2026-05-19 10:34:06 I 136936 D:\home\apps\api\utils\stock_api.py:65 (get_stock_info)	| [SinaAPI] Request: http://hq.sinajs.cn/list=sz002424, Status: 200
2026-05-19 10:34:06 I 136936 D:\home\apps\api\utils\stock_api.py:66 (get_stock_info)	| [SinaAPI] Response content: var hq_str_sz002424="ST百灵,4.940,4.860,4.910,5.020,4.900,4.900,4.910,4476500,22129485.000,65700,4.900,202100,4.890,262300,4.880,117200,4.870,66800,4.860,26700,4.910,41900,4.920,91900,4.930,95900,4.940,
2026-05-19 10:34:06 I 136936 D:\home\apps\api\utils\stock_api.py:65 (get_stock_info)	| [SinaAPI] Request: http://hq.sinajs.cn/list=sz002408, Status: 200
2026-05-19 10:34:06 I 136936 D:\home\apps\api\utils\stock_api.py:66 (get_stock_info)	| [SinaAPI] Response content: var hq_str_sz002408="齐翔腾达,5.790,5.810,5.690,5.800,5.680,5.680,5.690,11517860,65935112.850,244100,5.680,156500,5.670,272700,5.660,334000,5.650,62300,5.640,34900,5.690,70600,5.700,50950,5.710,139000,5.7
2026-05-19 10:34:06 I 136936 D:\home\apps\api\utils\stock_api.py:65 (get_stock_info)	| [SinaAPI] Request: http://hq.sinajs.cn/list=sz002400, Status: 200
2026-05-19 10:34:06 I 136936 D:\home\apps\api\utils\stock_api.py:66 (get_stock_info)	| [SinaAPI] Response content: var hq_str_sz002400="省广集团,8.900,8.950,9.140,9.300,8.870,9.130,9.140,87870912,805899669.700,21600,9.130,372000,9.120,395600,9.110,534700,9.100,173000,9.090,87000,9.140,90400,9.150,33200,9.160,58800,9.1
2026-05-19 10:34:06 I 136936 D:\home\apps\api\utils\stock_api.py:65 (get_stock_info)	| [SinaAPI] Request: http://hq.sinajs.cn/list=sz002390, Status: 200
2026-05-19 10:34:06 I 136936 D:\home\apps\api\utils\stock_api.py:66 (get_stock_info)	| [SinaAPI] Response content: var hq_str_sz002390="信邦制药,3.150,3.150,3.190,3.190,3.150,3.180,3.190,9159534,29100899.710,258200,3.180,816900,3.170,658100,3.160,664200,3.150,166300,3.140,1273000,3.190,1024700,3.200,303700,3.210,17570
2026-05-19 10:34:06 I 136936 D:\home\apps\api\utils\stock_api.py:65 (get_stock_info)	| [SinaAPI] Request: http://hq.sinajs.cn/list=sz002378, Status: 200
2026-05-19 10:34:06 I 136936 D:\home\apps\api\utils\stock_api.py:66 (get_stock_info)	| [SinaAPI] Response content: var hq_str_sz002378="章源钨业,29.950,29.950,27.940,30.000,27.760,27.930,27.950,34454141,983046563.940,7000,27.930,5800,27.920,7300,27.910,17900,27.900,13500,27.890,200,27.950,1100,27.970,6100,27.980,1000,
2026-05-19 10:34:06 I 136936 D:\home\apps\api\utils\stock_api.py:65 (get_stock_info)	| [SinaAPI] Request: http://hq.sinajs.cn/list=sz002374, Status: 200
2026-05-19 10:34:06 I 136936 D:\home\apps\api\utils\stock_api.py:66 (get_stock_info)	| [SinaAPI] Response content: var hq_str_sz002374="中锐股份,3.700,3.910,3.820,3.970,3.660,3.810,3.820,82851377,316730980.470,85100,3.810,375800,3.800,535400,3.790,91000,3.780,81500,3.770,358666,3.820,195100,3.830,55500,3.840,336700,3.
2026-05-19 10:34:06 I 136936 D:\home\apps\api\utils\stock_api.py:65 (get_stock_info)	| [SinaAPI] Request: http://hq.sinajs.cn/list=sz002372, Status: 200
2026-05-19 10:34:06 I 136936 D:\home\apps\api\utils\stock_api.py:66 (get_stock_info)	| [SinaAPI] Response content: var hq_str_sz002372="伟星新材,10.210,10.210,10.190,10.260,10.150,10.190,10.200,2322700,23709626.000,13400,10.190,16100,10.180,23800,10.170,31000,10.160,35000,10.150,1200,10.200,5500,10.210,14400,10.220,15
2026-05-19 10:34:06 I 136936 D:\home\apps\api\utils\stock_api.py:65 (get_stock_info)	| [SinaAPI] Request: http://hq.sinajs.cn/list=sz002357, Status: 200
2026-05-19 10:34:06 I 136936 D:\home\apps\api\utils\stock_api.py:66 (get_stock_info)	| [SinaAPI] Response content: var hq_str_sz002357="富临运业,11.270,11.270,11.190,11.530,11.180,11.180,11.190,3615900,41000485.000,13900,11.180,4300,11.170,5000,11.160,4200,11.150,1900,11.140,6800,11.190,6400,11.200,27100,11.210,1000,1
2026-05-19 10:34:06 I 136936 D:\home\apps\api\utils\stock_api.py:65 (get_stock_info)	| [SinaAPI] Request: http://hq.sinajs.cn/list=sz002330, Status: 200
2026-05-19 10:34:06 I 136936 D:\home\apps\api\utils\stock_api.py:66 (get_stock_info)	| [SinaAPI] Response content: var hq_str_sz002330="得利斯,4.530,4.520,4.510,4.580,4.500,4.500,4.510,4999100,22743134.000,288600,4.500,49500,4.490,218900,4.480,22000,4.470,89100,4.460,75700,4.510,34500,4.520,84900,4.530,19900,4.540,37
2026-05-19 10:34:06 I 136936 D:\home\apps\api\utils\stock_api.py:65 (get_stock_info)	| [SinaAPI] Request: http://hq.sinajs.cn/list=sz002303, Status: 200
2026-05-19 10:34:06 I 136936 D:\home\apps\api\utils\stock_api.py:66 (get_stock_info)	| [SinaAPI] Response content: var hq_str_sz002303="美盈森,3.540,3.540,3.520,3.560,3.500,3.520,3.530,6075300,21473605.000,488200,3.520,316800,3.510,615300,3.500,401000,3.490,304100,3.480,107000,3.530,183700,3.540,197900,3.550,584000,3
2026-05-19 10:34:06 I 136936 D:\home\apps\api\utils\stock_api.py:65 (get_stock_info)	| [SinaAPI] Request: http://hq.sinajs.cn/list=sz002282, Status: 200
2026-05-19 10:34:06 I 136936 D:\home\apps\api\utils\stock_api.py:66 (get_stock_info)	| [SinaAPI] Response content: var hq_str_sz002282="博深股份,6.500,6.460,6.540,6.610,6.470,6.530,6.540,2057200,13504090.000,88300,6.530,69300,6.520,46300,6.510,25900,6.500,2900,6.490,39500,6.540,30300,6.550,23100,6.560,34920,6.570,3770
2026-05-19 10:34:06 I 136936 D:\home\apps\api\utils\stock_api.py:65 (get_stock_info)	| [SinaAPI] Request: http://hq.sinajs.cn/list=sz002275, Status: 200
2026-05-19 10:34:06 I 136936 D:\home\apps\api\utils\stock_api.py:66 (get_stock_info)	| [SinaAPI] Response content: var hq_str_sz002275="桂林三金,13.750,13.750,13.860,13.910,13.710,13.860,13.880,824800,11421416.000,6300,13.860,8700,13.850,2500,13.840,7300,13.830,3000,13.820,33700,13.880,2200,13.890,6700,13.900,10100,13
2026-05-19 10:34:07 I 136936 D:\home\apps\api\utils\stock_api.py:65 (get_stock_info)	| [SinaAPI] Request: http://hq.sinajs.cn/list=sz002264, Status: 200
2026-05-19 10:34:07 I 136936 D:\home\apps\api\utils\stock_api.py:66 (get_stock_info)	| [SinaAPI] Response content: var hq_str_sz002264="新 华 都,7.600,7.600,7.630,7.730,7.550,7.620,7.630,6674803,51158392.800,20200,7.620,93800,7.610,102800,7.600,23300,7.590,65600,7.580,108800,7.630,11900,7.640,33000,7.650,60400,7.660,
2026-05-19 10:34:07 I 136936 D:\home\apps\api\utils\stock_api.py:65 (get_stock_info)	| [SinaAPI] Request: http://hq.sinajs.cn/list=sz002175, Status: 200
2026-05-19 10:34:07 I 136936 D:\home\apps\api\utils\stock_api.py:66 (get_stock_info)	| [SinaAPI] Response content: var hq_str_sz002175="*ST东智,2.680,2.820,2.680,2.680,2.680,0.000,2.680,11746000,31479280.000,0,0.000,0,0.000,0,0.000,0,0.000,0,0.000,59052843,2.680,79700,2.690,125800,2.700,147900,2.710,39700,2.720,2026
2026-05-19 10:34:07 I 136936 D:\home\apps\api\utils\stock_api.py:65 (get_stock_info)	| [SinaAPI] Request: http://hq.sinajs.cn/list=sz002174, Status: 200
2026-05-19 10:34:07 I 136936 D:\home\apps\api\utils\stock_api.py:66 (get_stock_info)	| [SinaAPI] Response content: var hq_str_sz002174="游族网络,11.710,11.760,11.710,12.090,11.620,11.710,11.720,23557500,278850004.210,5900,11.710,16300,11.700,12000,11.690,50900,11.680,43000,11.670,30000,11.720,10100,11.730,8600,11.740,
2026-05-19 10:34:07 I 136936 D:\home\apps\api\utils\stock_api.py:65 (get_stock_info)	| [SinaAPI] Request: http://hq.sinajs.cn/list=sz002157, Status: 200
2026-05-19 10:34:07 I 136936 D:\home\apps\api\utils\stock_api.py:66 (get_stock_info)	| [SinaAPI] Response content: var hq_str_sz002157="正邦科技,3.330,3.320,3.290,3.360,3.230,3.280,3.290,138132300,453630030.000,1405700,3.280,1453200,3.270,1382100,3.260,1925200,3.250,2830200,3.240,299578,3.290,852500,3.300,1842100,3.31
2026-05-19 10:34:07 I 136936 D:\home\apps\api\utils\stock_api.py:65 (get_stock_info)	| [SinaAPI] Request: http://hq.sinajs.cn/list=sz002129, Status: 200
2026-05-19 10:34:07 I 136936 D:\home\apps\api\utils\stock_api.py:66 (get_stock_info)	| [SinaAPI] Response content: var hq_str_sz002129="TCL中环,9.380,9.360,9.460,9.630,9.240,9.460,9.470,78690320,742680008.550,89300,9.460,53200,9.450,212900,9.440,83700,9.430,54400,9.420,168500,9.470,21200,9.480,10100,9.490,39100,9.50
2026-05-19 10:34:07 I 136936 D:\home\apps\api\utils\stock_api.py:65 (get_stock_info)	| [SinaAPI] Request: http://hq.sinajs.cn/list=sz002067, Status: 200
2026-05-19 10:34:07 I 136936 D:\home\apps\api\utils\stock_api.py:66 (get_stock_info)	| [SinaAPI] Response content: var hq_str_sz002067="景兴纸业,5.280,4.800,5.280,5.280,5.210,5.280,0.000,77297362,408066739.360,36614916,5.280,431300,5.270,223500,5.260,97400,5.250,138100,5.240,0,0.000,0,0.000,0,0.000,0,0.000,0,0.000,202
2026-05-19 10:34:07 I 136936 D:\home\apps\api\utils\stock_api.py:65 (get_stock_info)	| [SinaAPI] Request: http://hq.sinajs.cn/list=sz002044, Status: 200
2026-05-19 10:34:07 I 136936 D:\home\apps\api\utils\stock_api.py:66 (get_stock_info)	| [SinaAPI] Response content: var hq_str_sz002044="美年健康,6.140,6.120,6.400,6.730,6.120,6.390,6.400,294615606,1912548703.920,286200,6.390,314600,6.380,362900,6.370,635600,6.360,644800,6.350,56600,6.400,125000,6.410,324277,6.420,1540
2026-05-19 10:34:07 I 136936 D:\home\apps\api\utils\stock_api.py:65 (get_stock_info)	| [SinaAPI] Request: http://hq.sinajs.cn/list=sz002043, Status: 200
2026-05-19 10:34:07 I 136936 D:\home\apps\api\utils\stock_api.py:66 (get_stock_info)	| [SinaAPI] Response content: var hq_str_sz002043="兔 宝 宝,13.500,13.720,13.820,13.890,13.330,13.810,13.820,6246143,85676565.810,2300,13.810,40000,13.800,1200,13.790,1300,13.780,4300,13.770,7300,13.820,2400,13.830,5200,13.840,9100,1
2026-05-19 10:34:07 I 136936 D:\home\apps\api\utils\stock_api.py:65 (get_stock_info)	| [SinaAPI] Request: http://hq.sinajs.cn/list=sz000786, Status: 200
2026-05-19 10:34:07 I 136936 D:\home\apps\api\utils\stock_api.py:66 (get_stock_info)	| [SinaAPI] Response content: var hq_str_sz000786="北新建材,24.630,24.610,24.590,24.740,24.530,24.590,24.600,3936600,96939881.000,18400,24.590,50900,24.580,64200,24.570,37200,24.560,85100,24.550,1400,24.600,6200,24.610,1100,24.620,123
2026-05-19 10:34:07 I 136936 D:\home\apps\api\utils\stock_api.py:65 (get_stock_info)	| [SinaAPI] Request: http://hq.sinajs.cn/list=sz000750, Status: 200
2026-05-19 10:34:07 I 136936 D:\home\apps\api\utils\stock_api.py:66 (get_stock_info)	| [SinaAPI] Response content: var hq_str_sz000750="国海证券,3.790,3.800,3.820,3.850,3.790,3.820,3.830,21153080,80911138.820,2200,3.820,1492900,3.810,1184600,3.800,1257900,3.790,1048600,3.780,1135000,3.830,1097600,3.840,1560180,3.850,9
2026-05-19 10:34:07 I 136936 D:\home\apps\api\utils\stock_api.py:65 (get_stock_info)	| [SinaAPI] Request: http://hq.sinajs.cn/list=sz000709, Status: 200
2026-05-19 10:34:07 I 136936 D:\home\apps\api\utils\stock_api.py:66 (get_stock_info)	| [SinaAPI] Response content: var hq_str_sz000709="河钢股份,2.240,2.240,2.240,2.260,2.230,2.240,2.250,28012356,63023994.170,11201272,2.240,5610800,2.230,6188700,2.220,2580200,2.210,3722600,2.200,1290900,2.250,7619810,2.260,5427897,2.2
2026-05-19 10:34:07 I 136936 D:\home\apps\api\utils\stock_api.py:65 (get_stock_info)	| [SinaAPI] Request: http://hq.sinajs.cn/list=sz000166, Status: 200
2026-05-19 10:34:07 I 136936 D:\home\apps\api\utils\stock_api.py:66 (get_stock_info)	| [SinaAPI] Response content: var hq_str_sz000166="申万宏源,4.460,4.470,4.490,4.520,4.450,4.490,4.500,36949844,166052698.010,2216020,4.490,1987200,4.480,1751600,4.470,960000,4.460,1816200,4.450,1388300,4.500,2216400,4.510,2549650,4.52
2026-05-19 10:34:07 I 136936 D:\home\apps\api\utils\stock_api.py:65 (get_stock_info)	| [SinaAPI] Request: http://hq.sinajs.cn/list=sz000069, Status: 200
2026-05-19 10:34:07 I 136936 D:\home\apps\api\utils\stock_api.py:66 (get_stock_info)	| [SinaAPI] Response content: var hq_str_sz000069="华侨城Ａ,2.070,2.070,2.070,2.100,2.060,2.070,2.080,16613233,34498201.640,828300,2.070,1226600,2.060,1247000,2.050,961100,2.040,1256100,2.030,2059400,2.080,1873200,2.090,2015200,2.100,
2026-05-19 10:39:12 I 136936 D:\home\apps\api\utils\stock_api.py:65 (get_stock_info)	| [SinaAPI] Request: http://hq.sinajs.cn/list=sh601727, Status: 200
2026-05-19 10:39:12 I 136936 D:\home\apps\api\utils\stock_api.py:66 (get_stock_info)	| [SinaAPI] Response content: var hq_str_sh601727="上海电气,9.050,9.020,8.790,9.060,8.760,8.790,8.800,140832666,1246964300.000,947200,8.790,2067400,8.780,1206600,8.770,2261750,8.760,1543800,8.750,76300,8.800,236100,8.810,256100,8.820,
2026-05-19 10:39:12 I 136936 D:\home\apps\api\utils\stock_api.py:65 (get_stock_info)	| [SinaAPI] Request: http://hq.sinajs.cn/list=sh601588, Status: 200
2026-05-19 10:39:12 I 136936 D:\home\apps\api\utils\stock_api.py:66 (get_stock_info)	| [SinaAPI] Response content: var hq_str_sh601588="北辰实业,1.930,1.930,1.930,1.970,1.910,1.920,1.930,16134600,31292285.000,1284400,1.920,620300,1.910,686600,1.900,465600,1.890,1153300,1.880,898800,1.930,607300,1.940,519200,1.950,2822
2026-05-19 10:39:12 I 136936 D:\home\apps\api\utils\stock_api.py:65 (get_stock_info)	| [SinaAPI] Request: http://hq.sinajs.cn/list=sh601100, Status: 200
2026-05-19 10:39:12 I 136936 D:\home\apps\api\utils\stock_api.py:66 (get_stock_info)	| [SinaAPI] Response content: var hq_str_sh601100="恒立液压,114.500,113.550,112.040,115.500,111.250,111.990,112.040,3748302,423550619.000,700,111.990,100,111.970,500,111.960,100,111.940,600,111.930,200,112.040,300,112.050,100,112.180,
2026-05-19 10:39:12 I 136936 D:\home\apps\api\utils\stock_api.py:65 (get_stock_info)	| [SinaAPI] Request: http://hq.sinajs.cn/list=sh601059, Status: 200
2026-05-19 10:39:12 I 136936 D:\home\apps\api\utils\stock_api.py:66 (get_stock_info)	| [SinaAPI] Response content: var hq_str_sh601059="信达证券,17.200,16.670,17.110,17.200,17.010,17.100,17.110,16463370,281932060.000,46900,17.100,183800,17.090,132300,17.080,28500,17.070,137000,17.060,25800,17.110,86701,17.120,83500,17
2026-05-19 10:39:12 I 136936 D:\home\apps\api\utils\stock_api.py:65 (get_stock_info)	| [SinaAPI] Request: http://hq.sinajs.cn/list=sh600999, Status: 200
2026-05-19 10:39:12 I 136936 D:\home\apps\api\utils\stock_api.py:66 (get_stock_info)	| [SinaAPI] Response content: var hq_str_sh600999="招商证券,16.090,16.180,16.380,16.460,16.050,16.380,16.390,37343054,610269033.000,300,16.380,33600,16.370,52700,16.360,58000,16.350,82000,16.340,54200,16.390,84050,16.400,70900,16.410,
2026-05-19 10:39:12 I 136936 D:\home\apps\api\utils\stock_api.py:65 (get_stock_info)	| [SinaAPI] Request: http://hq.sinajs.cn/list=sh600936, Status: 200
2026-05-19 10:39:12 I 136936 D:\home\apps\api\utils\stock_api.py:66 (get_stock_info)	| [SinaAPI] Response content: var hq_str_sh600936="北投科技,5.250,5.310,5.840,5.840,5.250,5.840,0.000,57691060,331018666.000,19968400,5.840,75000,5.830,17500,5.820,4700,5.810,114200,5.800,0,0.000,0,0.000,0,0.000,0,0.000,0,0.000,2026-0
2026-05-19 10:39:12 I 136936 D:\home\apps\api\utils\stock_api.py:65 (get_stock_info)	| [SinaAPI] Request: http://hq.sinajs.cn/list=sh600392, Status: 200
2026-05-19 10:39:12 I 136936 D:\home\apps\api\utils\stock_api.py:66 (get_stock_info)	| [SinaAPI] Response content: var hq_str_sh600392="盛和资源,23.950,24.050,23.020,23.990,22.810,22.970,23.020,34991144,811850928.000,100,22.970,800,22.960,10600,22.950,7600,22.940,6700,22.930,16488,23.020,7800,23.030,7600,23.040,21200,
2026-05-19 10:39:12 I 136936 D:\home\apps\api\utils\stock_api.py:65 (get_stock_info)	| [SinaAPI] Request: http://hq.sinajs.cn/list=sh600369, Status: 200
2026-05-19 10:39:12 I 136936 D:\home\apps\api\utils\stock_api.py:66 (get_stock_info)	| [SinaAPI] Response content: var hq_str_sh600369="西南证券,4.050,4.040,4.070,4.110,4.040,4.070,4.080,18218300,74427657.000,1045700,4.070,720600,4.060,560500,4.050,396800,4.040,242000,4.030,819700,4.080,858600,4.090,1241300,4.100,1018
2026-05-19 10:39:12 I 136936 D:\home\apps\api\utils\stock_api.py:65 (get_stock_info)	| [SinaAPI] Request: http://hq.sinajs.cn/list=sh600362, Status: 200
2026-05-19 10:39:12 I 136936 D:\home\apps\api\utils\stock_api.py:66 (get_stock_info)	| [SinaAPI] Response content: var hq_str_sh600362="江西铜业,45.110,45.440,43.820,45.190,43.370,43.820,43.840,22776385,1005618950.000,1400,43.820,3000,43.810,3200,43.800,1400,43.790,11100,43.780,1100,43.840,11300,43.850,1900,43.860,100
2026-05-19 10:39:12 I 136936 D:\home\apps\api\utils\stock_api.py:65 (get_stock_info)	| [SinaAPI] Request: http://hq.sinajs.cn/list=sh600256, Status: 200
2026-05-19 10:39:12 I 136936 D:\home\apps\api\utils\stock_api.py:66 (get_stock_info)	| [SinaAPI] Response content: var hq_str_sh600256="广汇能源,6.460,6.550,6.290,6.460,6.280,6.290,6.300,64960858,412401657.000,230100,6.290,1127700,6.280,476000,6.270,624700,6.260,676500,6.250,474000,6.300,310200,6.310,145600,6.320,2456
2026-05-19 10:39:12 I 136936 D:\home\apps\api\utils\stock_api.py:65 (get_stock_info)	| [SinaAPI] Request: http://hq.sinajs.cn/list=sh600121, Status: 200
2026-05-19 10:39:12 I 136936 D:\home\apps\api\utils\stock_api.py:66 (get_stock_info)	| [SinaAPI] Response content: var hq_str_sh600121="郑州煤电,4.270,4.280,4.330,4.370,4.200,4.320,4.330,33799661,145924178.000,5900,4.320,32700,4.310,295700,4.300,197800,4.290,268600,4.280,274200,4.330,233600,4.340,715100,4.350,778300,4
2026-05-19 10:39:12 I 136936 D:\home\apps\api\utils\stock_api.py:65 (get_stock_info)	| [SinaAPI] Request: http://hq.sinajs.cn/list=sh600116, Status: 200
2026-05-19 10:39:12 I 136936 D:\home\apps\api\utils\stock_api.py:66 (get_stock_info)	| [SinaAPI] Response content: var hq_str_sh600116="三峡水利,6.770,6.770,6.940,6.970,6.710,6.930,6.940,22463826,154703607.000,37700,6.930,141000,6.920,110100,6.910,172000,6.900,82200,6.890,92300,6.940,357200,6.950,244000,6.960,394900,6
2026-05-19 10:39:12 I 136936 D:\home\apps\api\utils\stock_api.py:65 (get_stock_info)	| [SinaAPI] Request: http://hq.sinajs.cn/list=sh600111, Status: 200
2026-05-19 10:39:12 I 136936 D:\home\apps\api\utils\stock_api.py:66 (get_stock_info)	| [SinaAPI] Response content: var hq_str_sh600111="北方稀土,51.200,51.700,49.890,51.580,49.500,49.890,49.900,63485632,3184763073.000,4500,49.890,600,49.880,5500,49.870,3800,49.860,8700,49.850,4700,49.900,10100,49.910,15000,49.920,1200
2026-05-19 10:39:12 I 136936 D:\home\apps\api\utils\stock_api.py:65 (get_stock_info)	| [SinaAPI] Request: http://hq.sinajs.cn/list=sh600082, Status: 200
2026-05-19 10:39:12 I 136936 D:\home\apps\api\utils\stock_api.py:66 (get_stock_info)	| [SinaAPI] Response content: var hq_str_sh600082="ST海泰,3.810,3.800,3.810,3.940,3.800,3.810,3.820,9944260,38484582.000,9800,3.810,217000,3.800,207100,3.790,59800,3.780,54100,3.770,14600,3.820,14000,3.830,13900,3.840,12900,3.850,24
2026-05-19 10:39:12 I 136936 D:\home\apps\api\utils\stock_api.py:65 (get_stock_info)	| [SinaAPI] Request: http://hq.sinajs.cn/list=sh600081, Status: 200
2026-05-19 10:39:12 I 136936 D:\home\apps\api\utils\stock_api.py:66 (get_stock_info)	| [SinaAPI] Response content: var hq_str_sh600081="东风科技,12.300,12.400,12.410,12.860,12.300,12.400,12.410,7376470,92312812.000,4200,12.400,12500,12.390,9100,12.380,4900,12.370,20700,12.360,5400,12.410,3800,12.420,7300,12.430,3500,1
2026-05-19 10:39:13 I 136936 D:\home\apps\api\utils\stock_api.py:65 (get_stock_info)	| [SinaAPI] Request: http://hq.sinajs.cn/list=sh600031, Status: 200
2026-05-19 10:39:13 I 136936 D:\home\apps\api\utils\stock_api.py:66 (get_stock_info)	| [SinaAPI] Response content: var hq_str_sh600031="三一重工,19.520,19.390,19.090,19.560,19.020,19.080,19.090,33364030,641306962.000,25000,19.080,34200,19.070,62000,19.060,113800,19.050,134600,19.040,26300,19.090,32400,19.100,24100,19.
2026-05-19 10:39:13 I 136936 D:\home\apps\api\utils\stock_api.py:65 (get_stock_info)	| [SinaAPI] Request: http://hq.sinajs.cn/list=sz002441, Status: 200
2026-05-19 10:39:13 I 136936 D:\home\apps\api\utils\stock_api.py:66 (get_stock_info)	| [SinaAPI] Response content: var hq_str_sz002441="众业达,10.190,10.210,10.300,10.390,10.150,10.290,10.300,3427500,35322437.000,5000,10.290,16200,10.280,10100,10.270,9800,10.260,10100,10.250,3400,10.300,2800,10.310,100,10.320,1400,10
2026-05-19 10:39:13 I 136936 D:\home\apps\api\utils\stock_api.py:65 (get_stock_info)	| [SinaAPI] Request: http://hq.sinajs.cn/list=sz002424, Status: 200
2026-05-19 10:39:13 I 136936 D:\home\apps\api\utils\stock_api.py:66 (get_stock_info)	| [SinaAPI] Response content: var hq_str_sz002424="ST百灵,4.940,4.860,4.900,5.020,4.900,4.900,4.910,4559300,22535677.000,99600,4.900,196700,4.890,274700,4.880,116200,4.870,60200,4.860,25200,4.910,38900,4.920,91700,4.930,100900,4.940
2026-05-19 10:39:13 I 136936 D:\home\apps\api\utils\stock_api.py:65 (get_stock_info)	| [SinaAPI] Request: http://hq.sinajs.cn/list=sz002408, Status: 200
2026-05-19 10:39:13 I 136936 D:\home\apps\api\utils\stock_api.py:66 (get_stock_info)	| [SinaAPI] Response content: var hq_str_sz002408="齐翔腾达,5.790,5.810,5.710,5.800,5.680,5.700,5.710,11793560,67505785.850,28700,5.700,154600,5.690,385000,5.680,154600,5.670,281700,5.660,49850,5.710,139800,5.720,188500,5.730,94000,5.
2026-05-19 10:39:13 I 136936 D:\home\apps\api\utils\stock_api.py:65 (get_stock_info)	| [SinaAPI] Request: http://hq.sinajs.cn/list=sz002400, Status: 200
2026-05-19 10:39:13 I 136936 D:\home\apps\api\utils\stock_api.py:66 (get_stock_info)	| [SinaAPI] Response content: var hq_str_sz002400="省广集团,8.900,8.950,9.130,9.300,8.870,9.120,9.130,89661612,822267364.700,500900,9.120,335100,9.110,552900,9.100,187500,9.090,138300,9.080,54600,9.130,44400,9.140,45200,9.150,73900,9.
2026-05-19 10:39:13 I 136936 D:\home\apps\api\utils\stock_api.py:65 (get_stock_info)	| [SinaAPI] Request: http://hq.sinajs.cn/list=sz002390, Status: 200
2026-05-19 10:39:13 I 136936 D:\home\apps\api\utils\stock_api.py:66 (get_stock_info)	| [SinaAPI] Response content: var hq_str_sz002390="信邦制药,3.150,3.150,3.170,3.190,3.150,3.170,3.180,9583634,30448665.710,776300,3.170,663300,3.160,706600,3.150,166300,3.140,256200,3.130,462600,3.180,1223700,3.190,954700,3.200,303700
2026-05-19 10:39:13 I 136936 D:\home\apps\api\utils\stock_api.py:65 (get_stock_info)	| [SinaAPI] Request: http://hq.sinajs.cn/list=sz002378, Status: 200
2026-05-19 10:39:13 I 136936 D:\home\apps\api\utils\stock_api.py:66 (get_stock_info)	| [SinaAPI] Response content: var hq_str_sz002378="章源钨业,29.950,29.950,28.030,30.000,27.760,28.020,28.030,35223641,1004630153.940,7500,28.020,11200,28.010,38100,28.000,2600,27.990,8500,27.980,6200,28.030,500,28.040,3000,28.050,1100
2026-05-19 10:39:13 I 136936 D:\home\apps\api\utils\stock_api.py:65 (get_stock_info)	| [SinaAPI] Request: http://hq.sinajs.cn/list=sz002374, Status: 200
2026-05-19 10:39:13 I 136936 D:\home\apps\api\utils\stock_api.py:66 (get_stock_info)	| [SinaAPI] Response content: var hq_str_sz002374="中锐股份,3.700,3.910,3.810,3.970,3.660,3.810,3.820,86038643,328897179.270,179900,3.810,223334,3.800,540000,3.790,101600,3.780,98600,3.770,81600,3.820,37400,3.830,160000,3.840,319800,3
2026-05-19 10:39:13 I 136936 D:\home\apps\api\utils\stock_api.py:65 (get_stock_info)	| [SinaAPI] Request: http://hq.sinajs.cn/list=sz002372, Status: 200
2026-05-19 10:39:13 I 136936 D:\home\apps\api\utils\stock_api.py:66 (get_stock_info)	| [SinaAPI] Response content: var hq_str_sz002372="伟星新材,10.210,10.210,10.180,10.260,10.150,10.180,10.190,2382800,24321888.000,15000,10.180,24100,10.170,32300,10.160,35800,10.150,13300,10.140,5200,10.190,8500,10.200,21000,10.210,14
2026-05-19 10:39:13 I 136936 D:\home\apps\api\utils\stock_api.py:65 (get_stock_info)	| [SinaAPI] Request: http://hq.sinajs.cn/list=sz002357, Status: 200
2026-05-19 10:39:13 I 136936 D:\home\apps\api\utils\stock_api.py:66 (get_stock_info)	| [SinaAPI] Response content: var hq_str_sz002357="富临运业,11.270,11.270,11.190,11.530,11.170,11.180,11.190,3711400,42068779.000,38900,11.180,20200,11.170,15000,11.160,6500,11.150,2200,11.140,7200,11.190,22700,11.200,27100,11.210,100
2026-05-19 10:39:13 I 136936 D:\home\apps\api\utils\stock_api.py:65 (get_stock_info)	| [SinaAPI] Request: http://hq.sinajs.cn/list=sz002330, Status: 200
2026-05-19 10:39:13 I 136936 D:\home\apps\api\utils\stock_api.py:66 (get_stock_info)	| [SinaAPI] Response content: var hq_str_sz002330="得利斯,4.530,4.520,4.490,4.580,4.480,4.480,4.490,5476300,24888395.000,197200,4.480,46000,4.470,16400,4.460,153300,4.450,9200,4.440,170200,4.490,66500,4.500,53600,4.510,20700,4.520,84
2026-05-19 10:39:13 I 136936 D:\home\apps\api\utils\stock_api.py:65 (get_stock_info)	| [SinaAPI] Request: http://hq.sinajs.cn/list=sz002303, Status: 200
2026-05-19 10:39:13 I 136936 D:\home\apps\api\utils\stock_api.py:66 (get_stock_info)	| [SinaAPI] Response content: var hq_str_sz002303="美盈森,3.540,3.540,3.520,3.560,3.500,3.520,3.530,6205000,21931028.000,462000,3.520,334500,3.510,619900,3.500,401000,3.490,307100,3.480,102700,3.530,161800,3.540,203700,3.550,601100,3
2026-05-19 10:39:13 I 136936 D:\home\apps\api\utils\stock_api.py:65 (get_stock_info)	| [SinaAPI] Request: http://hq.sinajs.cn/list=sz002282, Status: 200
2026-05-19 10:39:13 I 136936 D:\home\apps\api\utils\stock_api.py:66 (get_stock_info)	| [SinaAPI] Response content: var hq_str_sz002282="博深股份,6.500,6.460,6.520,6.610,6.470,6.520,6.530,2240300,14698935.000,1000,6.520,47900,6.510,19800,6.500,5900,6.490,35700,6.480,27400,6.530,37000,6.540,22500,6.550,22500,6.560,34920
2026-05-19 10:39:13 I 136936 D:\home\apps\api\utils\stock_api.py:65 (get_stock_info)	| [SinaAPI] Request: http://hq.sinajs.cn/list=sz002275, Status: 200
2026-05-19 10:39:13 I 136936 D:\home\apps\api\utils\stock_api.py:66 (get_stock_info)	| [SinaAPI] Response content: var hq_str_sz002275="桂林三金,13.750,13.750,13.860,13.910,13.710,13.860,13.880,836400,11582223.000,9000,13.860,11700,13.850,3600,13.840,7300,13.830,3000,13.820,41000,13.880,2200,13.890,4800,13.900,10600,1
2026-05-19 10:39:13 I 136936 D:\home\apps\api\utils\stock_api.py:65 (get_stock_info)	| [SinaAPI] Request: http://hq.sinajs.cn/list=sz002264, Status: 200
2026-05-19 10:39:13 I 136936 D:\home\apps\api\utils\stock_api.py:66 (get_stock_info)	| [SinaAPI] Response content: var hq_str_sz002264="新 华 都,7.600,7.600,7.620,7.730,7.550,7.610,7.620,6840303,52419171.800,106900,7.610,112500,7.600,29200,7.590,71200,7.580,33900,7.570,91200,7.620,46300,7.630,9200,7.640,24000,7.650,6
2026-05-19 10:39:13 I 136936 D:\home\apps\api\utils\stock_api.py:65 (get_stock_info)	| [SinaAPI] Request: http://hq.sinajs.cn/list=sz002175, Status: 200
2026-05-19 10:39:13 I 136936 D:\home\apps\api\utils\stock_api.py:66 (get_stock_info)	| [SinaAPI] Response content: var hq_str_sz002175="*ST东智,2.680,2.820,2.680,2.680,2.680,0.000,2.680,11752100,31495628.000,0,0.000,0,0.000,0,0.000,0,0.000,0,0.000,59148143,2.680,83200,2.690,125800,2.700,147900,2.710,39700,2.720,2026
2026-05-19 10:39:13 I 136936 D:\home\apps\api\utils\stock_api.py:65 (get_stock_info)	| [SinaAPI] Request: http://hq.sinajs.cn/list=sz002174, Status: 200
2026-05-19 10:39:13 I 136936 D:\home\apps\api\utils\stock_api.py:66 (get_stock_info)	| [SinaAPI] Response content: var hq_str_sz002174="游族网络,11.710,11.760,11.680,12.090,11.620,11.670,11.680,24446200,289237487.210,400,11.670,37600,11.660,63400,11.650,16700,11.640,42200,11.630,7700,11.680,33800,11.690,31400,11.700,5
2026-05-19 10:39:13 I 136936 D:\home\apps\api\utils\stock_api.py:65 (get_stock_info)	| [SinaAPI] Request: http://hq.sinajs.cn/list=sz002157, Status: 200
2026-05-19 10:39:13 I 136936 D:\home\apps\api\utils\stock_api.py:66 (get_stock_info)	| [SinaAPI] Response content: var hq_str_sz002157="正邦科技,3.330,3.320,3.280,3.360,3.230,3.280,3.290,140060500,459963394.000,971400,3.280,1302100,3.270,1460800,3.260,2562100,3.250,3057700,3.240,1523378,3.290,1484500,3.300,1839000,3.3
2026-05-19 10:39:13 I 136936 D:\home\apps\api\utils\stock_api.py:65 (get_stock_info)	| [SinaAPI] Request: http://hq.sinajs.cn/list=sz002129, Status: 200
2026-05-19 10:39:13 I 136936 D:\home\apps\api\utils\stock_api.py:66 (get_stock_info)	| [SinaAPI] Response content: var hq_str_sz002129="TCL中环,9.380,9.360,9.440,9.630,9.240,9.440,9.450,80989820,764442653.550,98100,9.440,91900,9.430,76800,9.420,167900,9.410,164700,9.400,80600,9.450,56800,9.460,50900,9.470,184500,9.4
2026-05-19 10:39:13 I 136936 D:\home\apps\api\utils\stock_api.py:65 (get_stock_info)	| [SinaAPI] Request: http://hq.sinajs.cn/list=sz002067, Status: 200
2026-05-19 10:39:13 I 136936 D:\home\apps\api\utils\stock_api.py:66 (get_stock_info)	| [SinaAPI] Response content: var hq_str_sz002067="景兴纸业,5.280,4.800,5.280,5.280,5.210,5.280,0.000,77489962,409083667.360,35862316,5.280,430500,5.270,223400,5.260,97400,5.250,138100,5.240,0,0.000,0,0.000,0,0.000,0,0.000,0,0.000,202
2026-05-19 10:39:13 I 136936 D:\home\apps\api\utils\stock_api.py:65 (get_stock_info)	| [SinaAPI] Request: http://hq.sinajs.cn/list=sz002044, Status: 200
2026-05-19 10:39:13 I 136936 D:\home\apps\api\utils\stock_api.py:66 (get_stock_info)	| [SinaAPI] Response content: var hq_str_sz002044="美年健康,6.140,6.120,6.370,6.730,6.120,6.360,6.370,297283206,1929574945.920,643400,6.360,616200,6.350,283200,6.340,663200,6.330,461800,6.320,109100,6.370,197800,6.380,447400,6.390,366
2026-05-19 10:39:13 I 136936 D:\home\apps\api\utils\stock_api.py:65 (get_stock_info)	| [SinaAPI] Request: http://hq.sinajs.cn/list=sz002043, Status: 200
2026-05-19 10:39:13 I 136936 D:\home\apps\api\utils\stock_api.py:66 (get_stock_info)	| [SinaAPI] Response content: var hq_str_sz002043="兔 宝 宝,13.500,13.720,13.800,13.890,13.330,13.800,13.820,6522743,89497796.810,21300,13.800,1000,13.790,4300,13.780,5000,13.770,35100,13.760,6500,13.820,6300,13.830,3100,13.840,3300,
2026-05-19 10:39:13 I 136936 D:\home\apps\api\utils\stock_api.py:65 (get_stock_info)	| [SinaAPI] Request: http://hq.sinajs.cn/list=sz000786, Status: 200
2026-05-19 10:39:13 I 136936 D:\home\apps\api\utils\stock_api.py:66 (get_stock_info)	| [SinaAPI] Response content: var hq_str_sz000786="北新建材,24.630,24.610,24.630,24.740,24.530,24.620,24.630,4042900,99556489.000,3700,24.620,3400,24.610,4400,24.600,22800,24.590,55900,24.580,2100,24.630,2100,24.640,11500,24.650,13300
2026-05-19 10:39:13 I 136936 D:\home\apps\api\utils\stock_api.py:65 (get_stock_info)	| [SinaAPI] Request: http://hq.sinajs.cn/list=sz000750, Status: 200
2026-05-19 10:39:13 I 136936 D:\home\apps\api\utils\stock_api.py:66 (get_stock_info)	| [SinaAPI] Response content: var hq_str_sz000750="国海证券,3.790,3.800,3.820,3.850,3.790,3.820,3.830,21499680,82236015.820,432100,3.820,1632800,3.810,1052400,3.800,1307300,3.790,1076800,3.780,1085700,3.830,1111100,3.840,1559580,3.850
2026-05-19 10:39:13 I 136936 D:\home\apps\api\utils\stock_api.py:65 (get_stock_info)	| [SinaAPI] Request: http://hq.sinajs.cn/list=sz000709, Status: 200
2026-05-19 10:39:13 I 136936 D:\home\apps\api\utils\stock_api.py:66 (get_stock_info)	| [SinaAPI] Response content: var hq_str_sz000709="河钢股份,2.240,2.240,2.250,2.260,2.230,2.240,2.250,28575456,64287751.170,11747372,2.240,5607500,2.230,6178700,2.220,2624200,2.210,3708100,2.200,2515400,2.250,8168510,2.260,5429797,2.2
2026-05-19 10:39:13 I 136936 D:\home\apps\api\utils\stock_api.py:65 (get_stock_info)	| [SinaAPI] Request: http://hq.sinajs.cn/list=sz000166, Status: 200
2026-05-19 10:39:13 I 136936 D:\home\apps\api\utils\stock_api.py:66 (get_stock_info)	| [SinaAPI] Response content: var hq_str_sz000166="申万宏源,4.460,4.470,4.490,4.520,4.450,4.490,4.500,37456604,168329779.410,1608960,4.490,2257300,4.480,1804000,4.470,1083600,4.460,1842700,4.450,1761100,4.500,2286600,4.510,2755350,4.5
2026-05-19 10:39:13 I 136936 D:\home\apps\api\utils\stock_api.py:65 (get_stock_info)	| [SinaAPI] Request: http://hq.sinajs.cn/list=sz000069, Status: 200
2026-05-19 10:39:13 I 136936 D:\home\apps\api\utils\stock_api.py:66 (get_stock_info)	| [SinaAPI] Response content: var hq_str_sz000069="华侨城Ａ,2.070,2.070,2.080,2.100,2.060,2.070,2.080,16840733,34970027.640,978200,2.070,1177400,2.060,1208200,2.050,903500,2.040,1256000,2.030,2264600,2.080,1545200,2.090,2020200,2.100,
2026-05-19 10:51:08 I 136936 D:\home\apps\api\utils\stock_api.py:65 (get_stock_info)	| [SinaAPI] Request: http://hq.sinajs.cn/list=sh601727, Status: 200
2026-05-19 10:51:08 I 136936 D:\home\apps\api\utils\stock_api.py:66 (get_stock_info)	| [SinaAPI] Response content: var hq_str_sh601727="上海电气,9.050,9.020,8.840,9.060,8.760,8.840,8.850,146930871,1300748050.000,164400,8.840,192700,8.830,162695,8.820,223900,8.810,635900,8.800,4300,8.850,355316,8.860,259900,8.870,29770
2026-05-19 10:51:08 I 136936 D:\home\apps\api\utils\stock_api.py:65 (get_stock_info)	| [SinaAPI] Request: http://hq.sinajs.cn/list=sh601588, Status: 200
2026-05-19 10:51:08 I 136936 D:\home\apps\api\utils\stock_api.py:66 (get_stock_info)	| [SinaAPI] Response content: var hq_str_sh601588="北辰实业,1.930,1.930,1.920,1.970,1.910,1.920,1.930,16867000,32701013.000,1094600,1.920,718600,1.910,711900,1.900,478600,1.890,1271800,1.880,1159300,1.930,573900,1.940,534600,1.950,282
2026-05-19 10:51:08 I 136936 D:\home\apps\api\utils\stock_api.py:65 (get_stock_info)	| [SinaAPI] Request: http://hq.sinajs.cn/list=sh601100, Status: 200
2026-05-19 10:51:08 I 136936 D:\home\apps\api\utils\stock_api.py:66 (get_stock_info)	| [SinaAPI] Response content: var hq_str_sh601100="恒立液压,114.500,113.550,112.060,115.500,111.250,112.060,112.070,3921002,442921284.000,600,112.060,200,112.050,600,112.020,800,112.010,4700,112.000,1100,112.070,1300,112.080,900,112.1
2026-05-19 10:51:08 I 136936 D:\home\apps\api\utils\stock_api.py:65 (get_stock_info)	| [SinaAPI] Request: http://hq.sinajs.cn/list=sh601059, Status: 200
2026-05-19 10:51:08 I 136936 D:\home\apps\api\utils\stock_api.py:66 (get_stock_info)	| [SinaAPI] Response content: var hq_str_sh601059="信达证券,17.200,16.670,17.090,17.200,17.010,17.090,17.100,17153170,293726567.000,323200,17.090,154500,17.080,49200,17.070,137000,17.060,59200,17.050,32600,17.100,117300,17.110,88800,1
2026-05-19 10:51:08 I 136936 D:\home\apps\api\utils\stock_api.py:65 (get_stock_info)	| [SinaAPI] Request: http://hq.sinajs.cn/list=sh600999, Status: 200
2026-05-19 10:51:08 I 136936 D:\home\apps\api\utils\stock_api.py:66 (get_stock_info)	| [SinaAPI] Response content: var hq_str_sh600999="招商证券,16.090,16.180,16.330,16.460,16.050,16.320,16.330,39372654,643458141.000,134500,16.320,114100,16.310,130800,16.300,18100,16.290,71800,16.280,22900,16.330,47041,16.340,31600,16
2026-05-19 10:51:08 I 136936 D:\home\apps\api\utils\stock_api.py:65 (get_stock_info)	| [SinaAPI] Request: http://hq.sinajs.cn/list=sh600936, Status: 200
2026-05-19 10:51:08 I 136936 D:\home\apps\api\utils\stock_api.py:66 (get_stock_info)	| [SinaAPI] Response content: var hq_str_sh600936="北投科技,5.250,5.310,5.840,5.840,5.250,5.840,0.000,58032660,333013610.000,19607300,5.840,95400,5.830,18000,5.820,5400,5.810,113400,5.800,0,0.000,0,0.000,0,0.000,0,0.000,0,0.000,2026-0
2026-05-19 10:51:08 I 136936 D:\home\apps\api\utils\stock_api.py:65 (get_stock_info)	| [SinaAPI] Request: http://hq.sinajs.cn/list=sh600392, Status: 200
2026-05-19 10:51:08 I 136936 D:\home\apps\api\utils\stock_api.py:66 (get_stock_info)	| [SinaAPI] Response content: var hq_str_sh600392="盛和资源,23.950,24.050,23.060,23.990,22.810,23.060,23.070,36572732,848270713.000,8500,23.060,2500,23.050,3400,23.040,6800,23.030,700,23.020,47400,23.070,14900,23.080,9400,23.090,34700
2026-05-19 10:51:08 I 136936 D:\home\apps\api\utils\stock_api.py:65 (get_stock_info)	| [SinaAPI] Request: http://hq.sinajs.cn/list=sh600369, Status: 200
2026-05-19 10:51:08 I 136936 D:\home\apps\api\utils\stock_api.py:66 (get_stock_info)	| [SinaAPI] Response content: var hq_str_sh600369="西南证券,4.050,4.040,4.070,4.110,4.040,4.070,4.080,18799500,76795645.000,712600,4.070,846200,4.060,588400,4.050,425000,4.040,200100,4.030,812400,4.080,763300,4.090,1214800,4.100,99960
2026-05-19 10:51:08 I 136936 D:\home\apps\api\utils\stock_api.py:65 (get_stock_info)	| [SinaAPI] Request: http://hq.sinajs.cn/list=sh600362, Status: 200
2026-05-19 10:51:08 I 136936 D:\home\apps\api\utils\stock_api.py:66 (get_stock_info)	| [SinaAPI] Response content: var hq_str_sh600362="江西铜业,45.110,45.440,43.800,45.190,43.370,43.800,43.810,23626066,1042846372.000,6500,43.800,27999,43.790,3600,43.780,3200,43.770,3700,43.760,1300,43.810,5600,43.820,4000,43.830,3900
2026-05-19 10:51:08 I 136936 D:\home\apps\api\utils\stock_api.py:65 (get_stock_info)	| [SinaAPI] Request: http://hq.sinajs.cn/list=sh600256, Status: 200
2026-05-19 10:51:08 I 136936 D:\home\apps\api\utils\stock_api.py:66 (get_stock_info)	| [SinaAPI] Response content: var hq_str_sh600256="广汇能源,6.460,6.550,6.290,6.460,6.280,6.280,6.290,68134558,432359593.000,1561300,6.280,525000,6.270,643500,6.260,721000,6.250,461200,6.240,128500,6.290,392100,6.300,309000,6.310,1493
2026-05-19 10:51:08 I 136936 D:\home\apps\api\utils\stock_api.py:65 (get_stock_info)	| [SinaAPI] Request: http://hq.sinajs.cn/list=sh600121, Status: 200
2026-05-19 10:51:08 I 136936 D:\home\apps\api\utils\stock_api.py:66 (get_stock_info)	| [SinaAPI] Response content: var hq_str_sh600121="郑州煤电,4.270,4.280,4.300,4.370,4.200,4.300,4.310,35394861,152807676.000,189100,4.300,213200,4.290,354000,4.280,104800,4.270,173100,4.260,16800,4.310,63240,4.320,285600,4.330,454200,
2026-05-19 10:51:08 I 136936 D:\home\apps\api\utils\stock_api.py:65 (get_stock_info)	| [SinaAPI] Request: http://hq.sinajs.cn/list=sh600116, Status: 200
2026-05-19 10:51:08 I 136936 D:\home\apps\api\utils\stock_api.py:66 (get_stock_info)	| [SinaAPI] Response content: var hq_str_sh600116="三峡水利,6.770,6.770,6.920,6.970,6.710,6.920,6.930,23319326,160632093.000,74300,6.920,117200,6.910,185700,6.900,82700,6.890,104900,6.880,162500,6.930,245900,6.940,440600,6.950,298100,
2026-05-19 10:51:08 I 136936 D:\home\apps\api\utils\stock_api.py:65 (get_stock_info)	| [SinaAPI] Request: http://hq.sinajs.cn/list=sh600111, Status: 200
2026-05-19 10:51:08 I 136936 D:\home\apps\api\utils\stock_api.py:66 (get_stock_info)	| [SinaAPI] Response content: var hq_str_sh600111="北方稀土,51.200,51.700,49.950,51.580,49.500,49.950,49.960,66053932,3312875677.000,4300,49.950,800,49.940,1600,49.930,1400,49.920,900,49.910,3400,49.960,14700,49.970,15700,49.980,67400
2026-05-19 10:51:08 I 136936 D:\home\apps\api\utils\stock_api.py:65 (get_stock_info)	| [SinaAPI] Request: http://hq.sinajs.cn/list=sh600082, Status: 200
2026-05-19 10:51:08 I 136936 D:\home\apps\api\utils\stock_api.py:66 (get_stock_info)	| [SinaAPI] Response content: var hq_str_sh600082="ST海泰,3.810,3.800,3.810,3.940,3.800,3.800,3.810,10264460,39704176.000,220400,3.800,220800,3.790,53400,3.780,40400,3.770,93500,3.760,22900,3.810,17500,3.830,23300,3.840,31800,3.850,
2026-05-19 10:51:08 I 136936 D:\home\apps\api\utils\stock_api.py:65 (get_stock_info)	| [SinaAPI] Request: http://hq.sinajs.cn/list=sh600081, Status: 200
2026-05-19 10:51:08 I 136936 D:\home\apps\api\utils\stock_api.py:66 (get_stock_info)	| [SinaAPI] Response content: var hq_str_sh600081="东风科技,12.300,12.400,12.370,12.860,12.300,12.360,12.370,7650970,95712702.000,23800,12.360,29900,12.350,10100,12.340,5400,12.330,14800,12.320,600,12.370,25800,12.380,9300,12.390,7400
2026-05-19 10:51:08 I 136936 D:\home\apps\api\utils\stock_api.py:65 (get_stock_info)	| [SinaAPI] Request: http://hq.sinajs.cn/list=sh600031, Status: 200
2026-05-19 10:51:08 I 136936 D:\home\apps\api\utils\stock_api.py:66 (get_stock_info)	| [SinaAPI] Response content: var hq_str_sh600031="三一重工,19.520,19.390,19.080,19.560,19.020,19.070,19.080,35144830,675311052.000,35900,19.070,127900,19.060,136000,19.050,152300,19.040,161500,19.030,7900,19.080,80100,19.090,34300,19
2026-05-19 10:51:08 I 136936 D:\home\apps\api\utils\stock_api.py:65 (get_stock_info)	| [SinaAPI] Request: http://hq.sinajs.cn/list=sz002441, Status: 200
2026-05-19 10:51:08 I 136936 D:\home\apps\api\utils\stock_api.py:66 (get_stock_info)	| [SinaAPI] Response content: var hq_str_sz002441="众业达,10.190,10.210,10.300,10.390,10.150,10.300,10.310,3646500,37577197.000,100,10.300,9200,10.290,12300,10.280,14200,10.270,9800,10.260,9800,10.310,4100,10.320,5500,10.330,6100,10.
2026-05-19 10:51:08 I 136936 D:\home\apps\api\utils\stock_api.py:65 (get_stock_info)	| [SinaAPI] Request: http://hq.sinajs.cn/list=sz002424, Status: 200
2026-05-19 10:51:08 I 136936 D:\home\apps\api\utils\stock_api.py:66 (get_stock_info)	| [SinaAPI] Response content: var hq_str_sz002424="ST百灵,4.940,4.860,4.900,5.020,4.900,4.900,4.910,4757800,23510349.000,114800,4.900,210700,4.890,272600,4.880,135500,4.870,60200,4.860,23000,4.910,54000,4.920,99600,4.930,100900,4.94
2026-05-19 10:51:08 I 136936 D:\home\apps\api\utils\stock_api.py:65 (get_stock_info)	| [SinaAPI] Request: http://hq.sinajs.cn/list=sz002408, Status: 200
2026-05-19 10:51:08 I 136936 D:\home\apps\api\utils\stock_api.py:66 (get_stock_info)	| [SinaAPI] Response content: var hq_str_sz002408="齐翔腾达,5.790,5.810,5.700,5.800,5.680,5.690,5.700,12327700,70548587.450,97760,5.690,559400,5.680,148100,5.670,268400,5.660,378200,5.650,92300,5.700,192350,5.710,142200,5.720,26700,5.
2026-05-19 10:51:08 I 136936 D:\home\apps\api\utils\stock_api.py:65 (get_stock_info)	| [SinaAPI] Request: http://hq.sinajs.cn/list=sz002400, Status: 200
2026-05-19 10:51:08 I 136936 D:\home\apps\api\utils\stock_api.py:66 (get_stock_info)	| [SinaAPI] Response content: var hq_str_sz002400="省广集团,8.900,8.950,9.110,9.300,8.870,9.100,9.110,94997090,870873667.940,111800,9.100,242199,9.090,189323,9.080,150600,9.070,167300,9.060,62900,9.110,102600,9.120,85400,9.130,26100,9
2026-05-19 10:51:08 I 136936 D:\home\apps\api\utils\stock_api.py:65 (get_stock_info)	| [SinaAPI] Request: http://hq.sinajs.cn/list=sz002390, Status: 200
2026-05-19 10:51:08 I 136936 D:\home\apps\api\utils\stock_api.py:66 (get_stock_info)	| [SinaAPI] Response content: var hq_str_sz002390="信邦制药,3.150,3.150,3.160,3.190,3.150,3.160,3.170,10958734,34806589.710,707900,3.160,841100,3.150,559600,3.140,300300,3.130,402900,3.120,280900,3.170,679200,3.180,1125700,3.190,10537
2026-05-19 10:51:08 I 136936 D:\home\apps\api\utils\stock_api.py:65 (get_stock_info)	| [SinaAPI] Request: http://hq.sinajs.cn/list=sz002378, Status: 200
2026-05-19 10:51:08 I 136936 D:\home\apps\api\utils\stock_api.py:66 (get_stock_info)	| [SinaAPI] Response content: var hq_str_sz002378="章源钨业,29.950,29.950,28.150,30.000,27.760,28.150,28.160,36733741,1047055416.940,5400,28.150,1100,28.140,1700,28.130,200,28.120,6000,28.110,1500,28.160,1000,28.170,200,28.180,6100,28
2026-05-19 10:51:08 I 136936 D:\home\apps\api\utils\stock_api.py:65 (get_stock_info)	| [SinaAPI] Request: http://hq.sinajs.cn/list=sz002374, Status: 200
2026-05-19 10:51:08 I 136936 D:\home\apps\api\utils\stock_api.py:66 (get_stock_info)	| [SinaAPI] Response content: var hq_str_sz002374="中锐股份,3.700,3.910,3.750,3.970,3.660,3.750,3.760,91415777,349224560.470,6100,3.750,50200,3.740,135700,3.730,178000,3.720,232200,3.710,134700,3.760,89800,3.770,23900,3.780,97800,3.79
2026-05-19 10:51:08 I 136936 D:\home\apps\api\utils\stock_api.py:65 (get_stock_info)	| [SinaAPI] Request: http://hq.sinajs.cn/list=sz002372, Status: 200
2026-05-19 10:51:08 I 136936 D:\home\apps\api\utils\stock_api.py:66 (get_stock_info)	| [SinaAPI] Response content: var hq_str_sz002372="伟星新材,10.210,10.210,10.160,10.260,10.150,10.160,10.170,2590500,26434241.000,1900,10.160,48300,10.150,26700,10.140,53500,10.130,62400,10.120,6200,10.170,23100,10.180,21800,10.190,76
2026-05-19 10:51:09 I 136936 D:\home\apps\api\utils\stock_api.py:65 (get_stock_info)	| [SinaAPI] Request: http://hq.sinajs.cn/list=sz002357, Status: 200
2026-05-19 10:51:09 I 136936 D:\home\apps\api\utils\stock_api.py:66 (get_stock_info)	| [SinaAPI] Response content: var hq_str_sz002357="富临运业,11.270,11.270,11.150,11.530,11.130,11.140,11.150,4066400,46031379.000,13900,11.140,6600,11.130,8300,11.120,20400,11.110,14400,11.100,24100,11.150,9600,11.160,6300,11.170,3400
2026-05-19 10:51:09 I 136936 D:\home\apps\api\utils\stock_api.py:65 (get_stock_info)	| [SinaAPI] Request: http://hq.sinajs.cn/list=sz002330, Status: 200
2026-05-19 10:51:09 I 136936 D:\home\apps\api\utils\stock_api.py:66 (get_stock_info)	| [SinaAPI] Response content: var hq_str_sz002330="得利斯,4.530,4.520,4.470,4.580,4.460,4.460,4.470,6199800,28124799.000,55500,4.460,158000,4.450,38900,4.440,50400,4.430,50700,4.420,92800,4.470,35200,4.480,43600,4.490,10900,4.500,223
2026-05-19 10:51:09 I 136936 D:\home\apps\api\utils\stock_api.py:65 (get_stock_info)	| [SinaAPI] Request: http://hq.sinajs.cn/list=sz002303, Status: 200
2026-05-19 10:51:09 I 136936 D:\home\apps\api\utils\stock_api.py:66 (get_stock_info)	| [SinaAPI] Response content: var hq_str_sz002303="美盈森,3.540,3.540,3.520,3.560,3.500,3.510,3.520,7083400,25022582.000,351400,3.510,651000,3.500,415700,3.490,331000,3.480,39500,3.470,5100,3.520,179700,3.530,166200,3.540,277700,3.55
2026-05-19 10:51:09 I 136936 D:\home\apps\api\utils\stock_api.py:65 (get_stock_info)	| [SinaAPI] Request: http://hq.sinajs.cn/list=sz002282, Status: 200
2026-05-19 10:51:09 I 136936 D:\home\apps\api\utils\stock_api.py:66 (get_stock_info)	| [SinaAPI] Response content: var hq_str_sz002282="博深股份,6.500,6.460,6.520,6.610,6.470,6.510,6.520,2409900,15805157.000,48600,6.510,23200,6.500,10000,6.490,5300,6.480,11600,6.470,9600,6.520,14000,6.530,41500,6.540,12500,6.550,16800
2026-05-19 10:51:09 I 136936 D:\home\apps\api\utils\stock_api.py:65 (get_stock_info)	| [SinaAPI] Request: http://hq.sinajs.cn/list=sz002275, Status: 200
2026-05-19 10:51:09 I 136936 D:\home\apps\api\utils\stock_api.py:66 (get_stock_info)	| [SinaAPI] Response content: var hq_str_sz002275="桂林三金,13.750,13.750,13.870,13.910,13.710,13.850,13.860,910200,12605305.000,4600,13.850,4900,13.840,7000,13.830,3000,13.820,5000,13.810,1000,13.860,3000,13.870,29100,13.880,2800,13.
2026-05-19 10:51:09 I 136936 D:\home\apps\api\utils\stock_api.py:65 (get_stock_info)	| [SinaAPI] Request: http://hq.sinajs.cn/list=sz002264, Status: 200
2026-05-19 10:51:09 I 136936 D:\home\apps\api\utils\stock_api.py:66 (get_stock_info)	| [SinaAPI] Response content: var hq_str_sz002264="新 华 都,7.600,7.600,7.580,7.730,7.550,7.570,7.580,7620003,58338671.800,115600,7.570,57600,7.560,95800,7.550,16800,7.540,29200,7.530,38000,7.580,19100,7.590,16500,7.600,22900,7.610,1
2026-05-19 10:51:09 I 136936 D:\home\apps\api\utils\stock_api.py:65 (get_stock_info)	| [SinaAPI] Request: http://hq.sinajs.cn/list=sz002175, Status: 200
2026-05-19 10:51:09 I 136936 D:\home\apps\api\utils\stock_api.py:66 (get_stock_info)	| [SinaAPI] Response content: var hq_str_sz002175="*ST东智,2.680,2.820,2.680,2.680,2.680,0.000,2.680,11781800,31575224.000,0,0.000,0,0.000,0,0.000,0,0.000,0,0.000,59199643,2.680,99900,2.690,126100,2.700,147900,2.710,78900,2.720,2026
2026-05-19 10:51:09 I 136936 D:\home\apps\api\utils\stock_api.py:65 (get_stock_info)	| [SinaAPI] Request: http://hq.sinajs.cn/list=sz002174, Status: 200
2026-05-19 10:51:09 I 136936 D:\home\apps\api\utils\stock_api.py:66 (get_stock_info)	| [SinaAPI] Response content: var hq_str_sz002174="游族网络,11.710,11.760,11.600,12.090,11.600,11.600,11.610,26790300,316521089.210,64200,11.600,7500,11.590,55100,11.580,20200,11.570,63400,11.560,18800,11.610,27200,11.620,30900,11.630
2026-05-19 10:51:09 I 136936 D:\home\apps\api\utils\stock_api.py:65 (get_stock_info)	| [SinaAPI] Request: http://hq.sinajs.cn/list=sz002157, Status: 200
2026-05-19 10:51:09 I 136936 D:\home\apps\api\utils\stock_api.py:66 (get_stock_info)	| [SinaAPI] Response content: var hq_str_sz002157="正邦科技,3.330,3.320,3.270,3.360,3.230,3.270,3.280,145620300,478192650.000,1993200,3.270,2492800,3.260,3136700,3.250,3398000,3.240,5153900,3.230,164400,3.280,1129678,3.290,1632200,3.3
2026-05-19 10:51:09 I 136936 D:\home\apps\api\utils\stock_api.py:65 (get_stock_info)	| [SinaAPI] Request: http://hq.sinajs.cn/list=sz002129, Status: 200
2026-05-19 10:51:09 I 136936 D:\home\apps\api\utils\stock_api.py:66 (get_stock_info)	| [SinaAPI] Response content: var hq_str_sz002129="TCL中环,9.380,9.360,9.550,9.650,9.240,9.550,9.560,94993145,898498339.330,33200,9.550,29900,9.540,40300,9.530,71100,9.520,104500,9.510,103100,9.560,146700,9.570,121200,9.580,65100,9.
2026-05-19 10:51:09 I 136936 D:\home\apps\api\utils\stock_api.py:65 (get_stock_info)	| [SinaAPI] Request: http://hq.sinajs.cn/list=sz002067, Status: 200
2026-05-19 10:51:09 I 136936 D:\home\apps\api\utils\stock_api.py:66 (get_stock_info)	| [SinaAPI] Response content: var hq_str_sz002067="景兴纸业,5.280,4.800,5.280,5.280,5.210,5.280,0.000,78035962,411966547.360,33919916,5.280,435400,5.270,229700,5.260,99500,5.250,138700,5.240,0,0.000,0,0.000,0,0.000,0,0.000,0,0.000,202
2026-05-19 10:51:09 I 136936 D:\home\apps\api\utils\stock_api.py:65 (get_stock_info)	| [SinaAPI] Request: http://hq.sinajs.cn/list=sz002044, Status: 200
2026-05-19 10:51:09 I 136936 D:\home\apps\api\utils\stock_api.py:66 (get_stock_info)	| [SinaAPI] Response content: var hq_str_sz002044="美年健康,6.140,6.120,6.360,6.730,6.120,6.350,6.360,303770726,1970832488.920,471980,6.350,564400,6.340,612500,6.330,400900,6.320,844300,6.310,339900,6.360,564200,6.370,142040,6.380,399
2026-05-19 10:51:09 I 136936 D:\home\apps\api\utils\stock_api.py:65 (get_stock_info)	| [SinaAPI] Request: http://hq.sinajs.cn/list=sz002043, Status: 200
2026-05-19 10:51:09 I 136936 D:\home\apps\api\utils\stock_api.py:66 (get_stock_info)	| [SinaAPI] Response content: var hq_str_sz002043="兔 宝 宝,13.500,13.720,13.710,13.890,13.330,13.710,13.720,7169043,98389958.810,8300,13.710,19400,13.700,5200,13.690,1200,13.680,400,13.670,16300,13.720,4300,13.730,33500,13.740,1900,
2026-05-19 10:51:09 I 136936 D:\home\apps\api\utils\stock_api.py:65 (get_stock_info)	| [SinaAPI] Request: http://hq.sinajs.cn/list=sz000786, Status: 200
2026-05-19 10:51:09 I 136936 D:\home\apps\api\utils\stock_api.py:66 (get_stock_info)	| [SinaAPI] Response content: var hq_str_sz000786="北新建材,24.630,24.610,24.610,24.740,24.530,24.600,24.610,4406800,108512692.000,23000,24.600,26900,24.590,51700,24.580,63600,24.570,42100,24.560,9000,24.610,10600,24.620,9700,24.630,1
2026-05-19 10:51:09 I 136936 D:\home\apps\api\utils\stock_api.py:65 (get_stock_info)	| [SinaAPI] Request: http://hq.sinajs.cn/list=sz000750, Status: 200
2026-05-19 10:51:09 I 136936 D:\home\apps\api\utils\stock_api.py:66 (get_stock_info)	| [SinaAPI] Response content: var hq_str_sz000750="国海证券,3.790,3.800,3.810,3.850,3.790,3.810,3.820,23089480,88304918.570,1266900,3.810,1665900,3.800,1349300,3.790,1096000,3.780,997500,3.770,437400,3.820,1053400,3.830,1136100,3.840,
2026-05-19 10:51:09 I 136936 D:\home\apps\api\utils\stock_api.py:65 (get_stock_info)	| [SinaAPI] Request: http://hq.sinajs.cn/list=sz000709, Status: 200
2026-05-19 10:51:09 I 136936 D:\home\apps\api\utils\stock_api.py:66 (get_stock_info)	| [SinaAPI] Response content: var hq_str_sz000709="河钢股份,2.240,2.240,2.240,2.260,2.230,2.240,2.250,29492418,66346430.050,11374110,2.240,5613000,2.230,6261700,2.220,2650400,2.210,3715200,2.200,3431100,2.250,8029410,2.260,5433597,2.2
2026-05-19 10:51:09 I 136936 D:\home\apps\api\utils\stock_api.py:65 (get_stock_info)	| [SinaAPI] Request: http://hq.sinajs.cn/list=sz000166, Status: 200
2026-05-19 10:51:09 I 136936 D:\home\apps\api\utils\stock_api.py:66 (get_stock_info)	| [SinaAPI] Response content: var hq_str_sz000166="申万宏源,4.460,4.470,4.470,4.520,4.450,4.470,4.480,43565964,195703132.810,1829600,4.470,1388600,4.460,1555900,4.450,898100,4.440,774500,4.430,928000,4.480,1342640,4.490,2074900,4.500,
2026-05-19 10:51:09 I 136936 D:\home\apps\api\utils\stock_api.py:65 (get_stock_info)	| [SinaAPI] Request: http://hq.sinajs.cn/list=sz000069, Status: 200
2026-05-19 10:51:09 I 136936 D:\home\apps\api\utils\stock_api.py:66 (get_stock_info)	| [SinaAPI] Response content: var hq_str_sz000069="华侨城Ａ,2.070,2.070,2.070,2.100,2.060,2.060,2.070,18329933,38050737.640,1203900,2.060,1286900,2.050,958200,2.040,1283400,2.030,589600,2.020,927404,2.070,1892400,2.080,1438800,2.090,2
2026-05-19 10:51:18 I 136936 D:\home\apps\api\utils\stock_api.py:65 (get_stock_info)	| [SinaAPI] Request: http://hq.sinajs.cn/list=sh601727, Status: 200
2026-05-19 10:51:18 I 136936 D:\home\apps\api\utils\stock_api.py:66 (get_stock_info)	| [SinaAPI] Response content: var hq_str_sh601727="上海电气,9.050,9.020,8.840,9.060,8.760,8.840,8.850,146996071,1301324974.000,214300,8.840,194100,8.830,165095,8.820,226200,8.810,634600,8.800,59100,8.850,368516,8.860,264700,8.870,2850
2026-05-19 10:51:18 I 136936 D:\home\apps\api\utils\stock_api.py:65 (get_stock_info)	| [SinaAPI] Request: http://hq.sinajs.cn/list=sh601588, Status: 200
2026-05-19 10:51:18 I 136936 D:\home\apps\api\utils\stock_api.py:66 (get_stock_info)	| [SinaAPI] Response content: var hq_str_sh601588="北辰实业,1.930,1.930,1.920,1.970,1.910,1.920,1.930,16871000,32708693.000,1099000,1.920,718600,1.910,711900,1.900,478600,1.890,1271800,1.880,1146000,1.930,573900,1.940,534600,1.950,282
2026-05-19 10:51:18 I 136936 D:\home\apps\api\utils\stock_api.py:65 (get_stock_info)	| [SinaAPI] Request: http://hq.sinajs.cn/list=sh601100, Status: 200
2026-05-19 10:51:18 I 136936 D:\home\apps\api\utils\stock_api.py:66 (get_stock_info)	| [SinaAPI] Response content: var hq_str_sh601100="恒立液压,114.500,113.550,112.080,115.500,111.250,112.050,112.060,3924502,443313514.000,200,112.050,600,112.020,800,112.010,4800,112.000,1000,111.990,600,112.060,1400,112.070,600,112.0
2026-05-19 10:51:18 I 136936 D:\home\apps\api\utils\stock_api.py:65 (get_stock_info)	| [SinaAPI] Request: http://hq.sinajs.cn/list=sh601059, Status: 200
2026-05-19 10:51:18 I 136936 D:\home\apps\api\utils\stock_api.py:66 (get_stock_info)	| [SinaAPI] Response content: var hq_str_sh601059="信达证券,17.200,16.670,17.090,17.200,17.010,17.090,17.100,17157270,293796636.000,319100,17.090,154500,17.080,48200,17.070,137000,17.060,59200,17.050,33300,17.100,117300,17.110,88500,1
2026-05-19 10:51:18 I 136936 D:\home\apps\api\utils\stock_api.py:65 (get_stock_info)	| [SinaAPI] Request: http://hq.sinajs.cn/list=sh600999, Status: 200
2026-05-19 10:51:18 I 136936 D:\home\apps\api\utils\stock_api.py:66 (get_stock_info)	| [SinaAPI] Response content: var hq_str_sh600999="招商证券,16.090,16.180,16.320,16.460,16.050,16.320,16.330,39392754,643786186.000,124100,16.320,114100,16.310,130800,16.300,18100,16.290,71800,16.280,29900,16.330,46341,16.340,31600,16
2026-05-19 10:51:18 I 136936 D:\home\apps\api\utils\stock_api.py:65 (get_stock_info)	| [SinaAPI] Request: http://hq.sinajs.cn/list=sh600936, Status: 200
2026-05-19 10:51:18 I 136936 D:\home\apps\api\utils\stock_api.py:66 (get_stock_info)	| [SinaAPI] Response content: var hq_str_sh600936="北投科技,5.250,5.310,5.840,5.840,5.250,5.840,0.000,58036660,333036970.000,19603800,5.840,95400,5.830,18000,5.820,5400,5.810,113400,5.800,0,0.000,0,0.000,0,0.000,0,0.000,0,0.000,2026-0
2026-05-19 10:51:18 I 136936 D:\home\apps\api\utils\stock_api.py:65 (get_stock_info)	| [SinaAPI] Request: http://hq.sinajs.cn/list=sh600392, Status: 200
2026-05-19 10:51:18 I 136936 D:\home\apps\api\utils\stock_api.py:66 (get_stock_info)	| [SinaAPI] Response content: var hq_str_sh600392="盛和资源,23.950,24.050,23.060,23.990,22.810,23.050,23.060,36583532,848519735.000,500,23.050,2100,23.040,6800,23.030,700,23.020,9900,23.010,9600,23.060,43500,23.070,9400,23.080,9900,23
2026-05-19 10:51:18 I 136936 D:\home\apps\api\utils\stock_api.py:65 (get_stock_info)	| [SinaAPI] Request: http://hq.sinajs.cn/list=sh600369, Status: 200
2026-05-19 10:51:18 I 136936 D:\home\apps\api\utils\stock_api.py:66 (get_stock_info)	| [SinaAPI] Response content: var hq_str_sh600369="西南证券,4.050,4.040,4.070,4.110,4.040,4.070,4.080,18799500,76795645.000,713000,4.070,846200,4.060,588400,4.050,425000,4.040,200100,4.030,812500,4.080,763300,4.090,1214800,4.100,99960
2026-05-19 10:51:18 I 136936 D:\home\apps\api\utils\stock_api.py:65 (get_stock_info)	| [SinaAPI] Request: http://hq.sinajs.cn/list=sh600362, Status: 200
2026-05-19 10:51:18 I 136936 D:\home\apps\api\utils\stock_api.py:66 (get_stock_info)	| [SinaAPI] Response content: var hq_str_sh600362="江西铜业,45.110,45.440,43.790,45.190,43.370,43.790,43.800,23644666,1043660988.000,21099,43.790,3600,43.780,3200,43.770,3700,43.760,24700,43.750,2900,43.800,3800,43.810,5300,43.820,250
2026-05-19 10:51:18 I 136936 D:\home\apps\api\utils\stock_api.py:65 (get_stock_info)	| [SinaAPI] Request: http://hq.sinajs.cn/list=sh600256, Status: 200
2026-05-19 10:51:18 I 136936 D:\home\apps\api\utils\stock_api.py:66 (get_stock_info)	| [SinaAPI] Response content: var hq_str_sh600256="广汇能源,6.460,6.550,6.280,6.460,6.280,6.280,6.290,68169958,432581905.000,1561100,6.280,523000,6.270,642600,6.260,729500,6.250,461200,6.240,211800,6.290,392200,6.300,308900,6.310,1493
2026-05-19 10:51:18 I 136936 D:\home\apps\api\utils\stock_api.py:65 (get_stock_info)	| [SinaAPI] Request: http://hq.sinajs.cn/list=sh600121, Status: 200
2026-05-19 10:51:18 I 136936 D:\home\apps\api\utils\stock_api.py:66 (get_stock_info)	| [SinaAPI] Response content: var hq_str_sh600121="郑州煤电,4.270,4.280,4.300,4.370,4.200,4.300,4.310,35400761,152833046.000,313400,4.300,213200,4.290,354000,4.280,104800,4.270,172600,4.260,22800,4.310,62840,4.320,285600,4.330,452200,
2026-05-19 10:51:18 I 136936 D:\home\apps\api\utils\stock_api.py:65 (get_stock_info)	| [SinaAPI] Request: http://hq.sinajs.cn/list=sh600116, Status: 200
2026-05-19 10:51:18 I 136936 D:\home\apps\api\utils\stock_api.py:66 (get_stock_info)	| [SinaAPI] Response content: var hq_str_sh600116="三峡水利,6.770,6.770,6.920,6.970,6.710,6.920,6.930,23319326,160632093.000,75300,6.920,117200,6.910,186200,6.900,82700,6.890,104900,6.880,162500,6.930,243900,6.940,440600,6.950,297600,
2026-05-19 10:51:18 I 136936 D:\home\apps\api\utils\stock_api.py:65 (get_stock_info)	| [SinaAPI] Request: http://hq.sinajs.cn/list=sh600111, Status: 200
2026-05-19 10:51:18 I 136936 D:\home\apps\api\utils\stock_api.py:66 (get_stock_info)	| [SinaAPI] Response content: var hq_str_sh600111="北方稀土,51.200,51.700,49.940,51.580,49.500,49.930,49.940,66066832,3313520020.000,2100,49.930,1000,49.920,900,49.910,7900,49.900,600,49.890,69400,49.940,4600,49.950,3800,49.960,16600,
2026-05-19 10:51:18 I 136936 D:\home\apps\api\utils\stock_api.py:65 (get_stock_info)	| [SinaAPI] Request: http://hq.sinajs.cn/list=sh600082, Status: 200
2026-05-19 10:51:18 I 136936 D:\home\apps\api\utils\stock_api.py:66 (get_stock_info)	| [SinaAPI] Response content: var hq_str_sh600082="ST海泰,3.810,3.800,3.810,3.940,3.800,3.800,3.810,10264460,39704176.000,220400,3.800,220800,3.790,53400,3.780,40400,3.770,93500,3.760,22900,3.810,17500,3.830,23300,3.840,31800,3.850,
2026-05-19 10:51:18 I 136936 D:\home\apps\api\utils\stock_api.py:65 (get_stock_info)	| [SinaAPI] Request: http://hq.sinajs.cn/list=sh600081, Status: 200
2026-05-19 10:51:18 I 136936 D:\home\apps\api\utils\stock_api.py:66 (get_stock_info)	| [SinaAPI] Response content: var hq_str_sh600081="东风科技,12.300,12.400,12.370,12.860,12.300,12.360,12.370,7651770,95722598.000,26700,12.360,29900,12.350,10100,12.340,5400,12.330,14800,12.320,100,12.370,25900,12.380,9300,12.390,7400
2026-05-19 10:51:18 I 136936 D:\home\apps\api\utils\stock_api.py:65 (get_stock_info)	| [SinaAPI] Request: http://hq.sinajs.cn/list=sh600031, Status: 200
2026-05-19 10:51:18 I 136936 D:\home\apps\api\utils\stock_api.py:66 (get_stock_info)	| [SinaAPI] Response content: var hq_str_sh600031="三一重工,19.520,19.390,19.080,19.560,19.020,19.070,19.080,35158730,675576173.000,31200,19.070,127900,19.060,136000,19.050,152300,19.040,160500,19.030,10100,19.080,72700,19.090,32900,1
2026-05-19 10:51:18 I 136936 D:\home\apps\api\utils\stock_api.py:65 (get_stock_info)	| [SinaAPI] Request: http://hq.sinajs.cn/list=sz002441, Status: 200
2026-05-19 10:51:18 I 136936 D:\home\apps\api\utils\stock_api.py:66 (get_stock_info)	| [SinaAPI] Response content: var hq_str_sz002441="众业达,10.190,10.210,10.300,10.390,10.150,10.300,10.310,3646500,37577197.000,3700,10.300,14100,10.290,12300,10.280,14200,10.270,9800,10.260,12400,10.310,4100,10.320,5500,10.330,11100
2026-05-19 10:51:18 I 136936 D:\home\apps\api\utils\stock_api.py:65 (get_stock_info)	| [SinaAPI] Request: http://hq.sinajs.cn/list=sz002424, Status: 200
2026-05-19 10:51:18 I 136936 D:\home\apps\api\utils\stock_api.py:66 (get_stock_info)	| [SinaAPI] Response content: var hq_str_sz002424="ST百灵,4.940,4.860,4.900,5.020,4.900,4.900,4.910,4757800,23510349.000,114800,4.900,210700,4.890,272600,4.880,135500,4.870,60200,4.860,23000,4.910,54000,4.920,99600,4.930,100900,4.94
2026-05-19 10:51:18 I 136936 D:\home\apps\api\utils\stock_api.py:65 (get_stock_info)	| [SinaAPI] Request: http://hq.sinajs.cn/list=sz002408, Status: 200
2026-05-19 10:51:18 I 136936 D:\home\apps\api\utils\stock_api.py:66 (get_stock_info)	| [SinaAPI] Response content: var hq_str_sz002408="齐翔腾达,5.790,5.810,5.700,5.800,5.680,5.690,5.700,12367300,70774204.450,88200,5.690,577400,5.680,148100,5.670,268400,5.660,378200,5.650,81700,5.700,192350,5.710,142200,5.720,26700,5.
2026-05-19 10:51:18 I 136936 D:\home\apps\api\utils\stock_api.py:65 (get_stock_info)	| [SinaAPI] Request: http://hq.sinajs.cn/list=sz002400, Status: 200
2026-05-19 10:51:18 I 136936 D:\home\apps\api\utils\stock_api.py:66 (get_stock_info)	| [SinaAPI] Response content: var hq_str_sz002400="省广集团,8.900,8.950,9.110,9.300,8.870,9.100,9.110,95006990,870963816.940,128700,9.100,241499,9.090,190323,9.080,150600,9.070,167300,9.060,62400,9.110,98600,9.120,85400,9.130,26100,9.
2026-05-19 10:51:18 I 136936 D:\home\apps\api\utils\stock_api.py:65 (get_stock_info)	| [SinaAPI] Request: http://hq.sinajs.cn/list=sz002390, Status: 200
2026-05-19 10:51:18 I 136936 D:\home\apps\api\utils\stock_api.py:66 (get_stock_info)	| [SinaAPI] Response content: var hq_str_sz002390="信邦制药,3.150,3.150,3.160,3.190,3.150,3.160,3.170,10959234,34808169.710,709400,3.160,842100,3.150,559600,3.140,300300,3.130,402900,3.120,294900,3.170,679200,3.180,1125700,3.190,10537
2026-05-19 10:51:18 I 136936 D:\home\apps\api\utils\stock_api.py:65 (get_stock_info)	| [SinaAPI] Request: http://hq.sinajs.cn/list=sz002378, Status: 200
2026-05-19 10:51:18 I 136936 D:\home\apps\api\utils\stock_api.py:66 (get_stock_info)	| [SinaAPI] Response content: var hq_str_sz002378="章源钨业,29.950,29.950,28.150,30.000,27.760,28.140,28.150,36741641,1047277807.940,300,28.140,900,28.130,700,28.120,7000,28.110,12200,28.100,4900,28.150,800,28.160,1100,28.170,700,28.1
2026-05-19 10:51:18 I 136936 D:\home\apps\api\utils\stock_api.py:65 (get_stock_info)	| [SinaAPI] Request: http://hq.sinajs.cn/list=sz002374, Status: 200
2026-05-19 10:51:18 I 136936 D:\home\apps\api\utils\stock_api.py:66 (get_stock_info)	| [SinaAPI] Response content: var hq_str_sz002374="中锐股份,3.700,3.910,3.750,3.970,3.660,3.740,3.750,91456077,349375362.470,28500,3.740,141400,3.730,182500,3.720,233200,3.710,557000,3.700,12100,3.750,138700,3.760,89800,3.770,23900,3.
2026-05-19 10:51:19 I 136936 D:\home\apps\api\utils\stock_api.py:65 (get_stock_info)	| [SinaAPI] Request: http://hq.sinajs.cn/list=sz002372, Status: 200
2026-05-19 10:51:19 I 136936 D:\home\apps\api\utils\stock_api.py:66 (get_stock_info)	| [SinaAPI] Response content: var hq_str_sz002372="伟星新材,10.210,10.210,10.160,10.260,10.150,10.160,10.170,2591000,26439321.000,2200,10.160,73000,10.150,26700,10.140,53500,10.130,62400,10.120,6200,10.170,23100,10.180,21800,10.190,76
2026-05-19 10:51:19 I 136936 D:\home\apps\api\utils\stock_api.py:65 (get_stock_info)	| [SinaAPI] Request: http://hq.sinajs.cn/list=sz002357, Status: 200
2026-05-19 10:51:19 I 136936 D:\home\apps\api\utils\stock_api.py:66 (get_stock_info)	| [SinaAPI] Response content: var hq_str_sz002357="富临运业,11.270,11.270,11.150,11.530,11.130,11.140,11.150,4067400,46042529.000,16600,11.140,6600,11.130,8300,11.120,20400,11.110,14400,11.100,23100,11.150,9400,11.160,6300,11.170,3400
2026-05-19 10:51:19 I 136936 D:\home\apps\api\utils\stock_api.py:65 (get_stock_info)	| [SinaAPI] Request: http://hq.sinajs.cn/list=sz002330, Status: 200
2026-05-19 10:51:19 I 136936 D:\home\apps\api\utils\stock_api.py:66 (get_stock_info)	| [SinaAPI] Response content: var hq_str_sz002330="得利斯,4.530,4.520,4.470,4.580,4.460,4.460,4.470,6199800,28124799.000,64700,4.460,158000,4.450,38900,4.440,50400,4.430,50700,4.420,96800,4.470,35200,4.480,43600,4.490,10700,4.500,220
2026-05-19 10:51:19 I 136936 D:\home\apps\api\utils\stock_api.py:65 (get_stock_info)	| [SinaAPI] Request: http://hq.sinajs.cn/list=sz002303, Status: 200
2026-05-19 10:51:19 I 136936 D:\home\apps\api\utils\stock_api.py:66 (get_stock_info)	| [SinaAPI] Response content: var hq_str_sz002303="美盈森,3.540,3.540,3.520,3.560,3.500,3.510,3.520,7083700,25023638.000,351400,3.510,649000,3.500,409800,3.490,325200,3.480,39500,3.470,16400,3.520,179700,3.530,166200,3.540,277700,3.5
2026-05-19 10:51:19 I 136936 D:\home\apps\api\utils\stock_api.py:65 (get_stock_info)	| [SinaAPI] Request: http://hq.sinajs.cn/list=sz002282, Status: 200
2026-05-19 10:51:19 I 136936 D:\home\apps\api\utils\stock_api.py:66 (get_stock_info)	| [SinaAPI] Response content: var hq_str_sz002282="博深股份,6.500,6.460,6.520,6.610,6.470,6.510,6.520,2410100,15806461.000,48600,6.510,23200,6.500,10000,6.490,5300,6.480,11600,6.470,14100,6.520,13600,6.530,41500,6.540,12500,6.550,1680
2026-05-19 10:51:19 I 136936 D:\home\apps\api\utils\stock_api.py:65 (get_stock_info)	| [SinaAPI] Request: http://hq.sinajs.cn/list=sz002275, Status: 200
2026-05-19 10:51:19 I 136936 D:\home\apps\api\utils\stock_api.py:66 (get_stock_info)	| [SinaAPI] Response content: var hq_str_sz002275="桂林三金,13.750,13.750,13.870,13.910,13.710,13.850,13.860,910200,12605305.000,3300,13.850,4900,13.840,7000,13.830,3000,13.820,5000,13.810,1000,13.860,3000,13.870,29100,13.880,2800,13.
2026-05-19 10:51:19 I 136936 D:\home\apps\api\utils\stock_api.py:65 (get_stock_info)	| [SinaAPI] Request: http://hq.sinajs.cn/list=sz002264, Status: 200
2026-05-19 10:51:19 I 136936 D:\home\apps\api\utils\stock_api.py:66 (get_stock_info)	| [SinaAPI] Response content: var hq_str_sz002264="新 华 都,7.600,7.600,7.580,7.730,7.550,7.570,7.580,7622003,58353830.800,115200,7.570,58100,7.560,99800,7.550,16800,7.540,29200,7.530,54800,7.580,19100,7.590,16500,7.600,22900,7.610,1
2026-05-19 10:51:19 I 136936 D:\home\apps\api\utils\stock_api.py:65 (get_stock_info)	| [SinaAPI] Request: http://hq.sinajs.cn/list=sz002175, Status: 200
2026-05-19 10:51:19 I 136936 D:\home\apps\api\utils\stock_api.py:66 (get_stock_info)	| [SinaAPI] Response content: var hq_str_sz002175="*ST东智,2.680,2.820,2.680,2.680,2.680,0.000,2.680,11782800,31577904.000,0,0.000,0,0.000,0,0.000,0,0.000,0,0.000,59209843,2.680,93000,2.690,126100,2.700,147900,2.710,39700,2.720,2026
2026-05-19 10:51:19 I 136936 D:\home\apps\api\utils\stock_api.py:65 (get_stock_info)	| [SinaAPI] Request: http://hq.sinajs.cn/list=sz002174, Status: 200
2026-05-19 10:51:19 I 136936 D:\home\apps\api\utils\stock_api.py:66 (get_stock_info)	| [SinaAPI] Response content: var hq_str_sz002174="游族网络,11.710,11.760,11.600,12.090,11.600,11.590,11.600,26930500,318147587.210,17000,11.590,55100,11.580,20200,11.570,63500,11.560,93800,11.550,37800,11.600,35500,11.610,26300,11.62
2026-05-19 10:51:19 I 136936 D:\home\apps\api\utils\stock_api.py:65 (get_stock_info)	| [SinaAPI] Request: http://hq.sinajs.cn/list=sz002157, Status: 200
2026-05-19 10:51:19 I 136936 D:\home\apps\api\utils\stock_api.py:66 (get_stock_info)	| [SinaAPI] Response content: var hq_str_sz002157="正邦科技,3.330,3.320,3.270,3.360,3.230,3.270,3.280,145685400,478406118.000,2018800,3.270,2463700,3.260,3143700,3.250,3398000,3.240,5153900,3.230,169000,3.280,1129678,3.290,1599400,3.3
2026-05-19 10:51:19 I 136936 D:\home\apps\api\utils\stock_api.py:65 (get_stock_info)	| [SinaAPI] Request: http://hq.sinajs.cn/list=sz002129, Status: 200
2026-05-19 10:51:19 I 136936 D:\home\apps\api\utils\stock_api.py:66 (get_stock_info)	| [SinaAPI] Response content: var hq_str_sz002129="TCL中环,9.380,9.360,9.550,9.650,9.240,9.540,9.550,95080545,899333080.330,23100,9.540,34000,9.530,83200,9.520,104500,9.510,339700,9.500,75500,9.550,144400,9.560,146700,9.570,121200,9
2026-05-19 10:51:19 I 136936 D:\home\apps\api\utils\stock_api.py:65 (get_stock_info)	| [SinaAPI] Request: http://hq.sinajs.cn/list=sz002067, Status: 200
2026-05-19 10:51:19 I 136936 D:\home\apps\api\utils\stock_api.py:66 (get_stock_info)	| [SinaAPI] Response content: var hq_str_sz002067="景兴纸业,5.280,4.800,5.280,5.280,5.210,5.280,0.000,78042862,412002979.360,33901516,5.280,435400,5.270,229700,5.260,99500,5.250,138700,5.240,0,0.000,0,0.000,0,0.000,0,0.000,0,0.000,202
2026-05-19 10:51:19 I 136936 D:\home\apps\api\utils\stock_api.py:65 (get_stock_info)	| [SinaAPI] Request: http://hq.sinajs.cn/list=sz002044, Status: 200
2026-05-19 10:51:19 I 136936 D:\home\apps\api\utils\stock_api.py:66 (get_stock_info)	| [SinaAPI] Response content: var hq_str_sz002044="美年健康,6.140,6.120,6.350,6.730,6.120,6.350,6.360,303892426,1971606194.920,445480,6.350,568200,6.340,612500,6.330,400900,6.320,844300,6.310,397300,6.360,566200,6.370,142040,6.380,399
2026-05-19 10:51:19 I 136936 D:\home\apps\api\utils\stock_api.py:65 (get_stock_info)	| [SinaAPI] Request: http://hq.sinajs.cn/list=sz002043, Status: 200
2026-05-19 10:51:19 I 136936 D:\home\apps\api\utils\stock_api.py:66 (get_stock_info)	| [SinaAPI] Response content: var hq_str_sz002043="兔 宝 宝,13.500,13.720,13.710,13.890,13.330,13.710,13.720,7169843,98400933.810,11300,13.710,19600,13.700,5200,13.690,1200,13.680,400,13.670,19200,13.720,4300,13.730,33500,13.740,1900
2026-05-19 10:51:19 I 136936 D:\home\apps\api\utils\stock_api.py:65 (get_stock_info)	| [SinaAPI] Request: http://hq.sinajs.cn/list=sz000786, Status: 200
2026-05-19 10:51:19 I 136936 D:\home\apps\api\utils\stock_api.py:66 (get_stock_info)	| [SinaAPI] Response content: var hq_str_sz000786="北新建材,24.630,24.610,24.600,24.740,24.530,24.600,24.610,4407200,108522532.000,26600,24.600,26900,24.590,51700,24.580,63600,24.570,42100,24.560,9900,24.610,10600,24.620,9700,24.630,1
2026-05-19 10:51:20 I 136936 D:\home\apps\api\utils\stock_api.py:65 (get_stock_info)	| [SinaAPI] Request: http://hq.sinajs.cn/list=sz000750, Status: 200
2026-05-19 10:51:20 I 136936 D:\home\apps\api\utils\stock_api.py:66 (get_stock_info)	| [SinaAPI] Response content: var hq_str_sz000750="国海证券,3.790,3.800,3.820,3.850,3.790,3.810,3.820,23170880,88615251.570,1181700,3.810,1665900,3.800,1349300,3.790,1096000,3.780,997500,3.770,480400,3.820,1053400,3.830,1136100,3.840,
2026-05-19 10:51:20 I 136936 D:\home\apps\api\utils\stock_api.py:65 (get_stock_info)	| [SinaAPI] Request: http://hq.sinajs.cn/list=sz000709, Status: 200
2026-05-19 10:51:20 I 136936 D:\home\apps\api\utils\stock_api.py:66 (get_stock_info)	| [SinaAPI] Response content: var hq_str_sz000709="河钢股份,2.240,2.240,2.240,2.260,2.230,2.240,2.250,29504918,66374439.050,11386110,2.240,5617900,2.230,6269000,2.220,2650400,2.210,3715200,2.200,3431200,2.250,8029410,2.260,5434197,2.2
2026-05-19 10:51:20 I 136936 D:\home\apps\api\utils\stock_api.py:65 (get_stock_info)	| [SinaAPI] Request: http://hq.sinajs.cn/list=sz000166, Status: 200
2026-05-19 10:51:20 I 136936 D:\home\apps\api\utils\stock_api.py:66 (get_stock_info)	| [SinaAPI] Response content: var hq_str_sz000166="申万宏源,4.460,4.470,4.470,4.520,4.450,4.470,4.480,43601464,195861901.810,1669700,4.470,1388600,4.460,1555900,4.450,898100,4.440,784500,4.430,1026700,4.480,1352640,4.490,2074900,4.500
2026-05-19 10:51:20 I 136936 D:\home\apps\api\utils\stock_api.py:65 (get_stock_info)	| [SinaAPI] Request: http://hq.sinajs.cn/list=sz000069, Status: 200
2026-05-19 10:51:20 I 136936 D:\home\apps\api\utils\stock_api.py:66 (get_stock_info)	| [SinaAPI] Response content: var hq_str_sz000069="华侨城Ａ,2.070,2.070,2.060,2.100,2.060,2.060,2.070,18330533,38051973.640,1203300,2.060,1286900,2.050,958200,2.040,1283400,2.030,589600,2.020,927904,2.070,1891900,2.080,1438800,2.090,2
2026-05-19 10:51:28 I 136936 D:\home\apps\api\utils\stock_api.py:65 (get_stock_info)	| [SinaAPI] Request: http://hq.sinajs.cn/list=sh601727, Status: 200
2026-05-19 10:51:28 I 136936 D:\home\apps\api\utils\stock_api.py:66 (get_stock_info)	| [SinaAPI] Response content: var hq_str_sh601727="上海电气,9.050,9.020,8.840,9.060,8.760,8.830,8.840,147298571,1303998978.000,182200,8.830,167595,8.820,229000,8.810,640000,8.800,949100,8.790,258700,8.840,117300,8.850,370116,8.860,193
2026-05-19 10:51:28 I 136936 D:\home\apps\api\utils\stock_api.py:65 (get_stock_info)	| [SinaAPI] Request: http://hq.sinajs.cn/list=sh601588, Status: 200
2026-05-19 10:51:28 I 136936 D:\home\apps\api\utils\stock_api.py:66 (get_stock_info)	| [SinaAPI] Response content: var hq_str_sh601588="北辰实业,1.930,1.930,1.920,1.970,1.910,1.920,1.930,16876900,32720077.000,1098800,1.920,718600,1.910,717700,1.900,478600,1.890,1271800,1.880,1142100,1.930,573900,1.940,534600,1.950,282
2026-05-19 10:51:28 I 136936 D:\home\apps\api\utils\stock_api.py:65 (get_stock_info)	| [SinaAPI] Request: http://hq.sinajs.cn/list=sh601100, Status: 200
2026-05-19 10:51:28 I 136936 D:\home\apps\api\utils\stock_api.py:66 (get_stock_info)	| [SinaAPI] Response content: var hq_str_sh601100="恒立液压,114.500,113.550,112.020,115.500,111.250,112.010,112.030,3925602,443436744.000,800,112.010,4800,112.000,1000,111.990,8100,111.980,100,111.970,800,112.030,1000,112.040,700,112.
2026-05-19 10:51:28 I 136936 D:\home\apps\api\utils\stock_api.py:65 (get_stock_info)	| [SinaAPI] Request: http://hq.sinajs.cn/list=sh601059, Status: 200
2026-05-19 10:51:28 I 136936 D:\home\apps\api\utils\stock_api.py:66 (get_stock_info)	| [SinaAPI] Response content: var hq_str_sh601059="信达证券,17.200,16.670,17.100,17.200,17.010,17.090,17.100,17286570,296006449.000,197000,17.090,154500,17.080,48200,17.070,137000,17.060,59200,17.050,53700,17.100,117100,17.110,88500,1
2026-05-19 10:51:28 I 136936 D:\home\apps\api\utils\stock_api.py:65 (get_stock_info)	| [SinaAPI] Request: http://hq.sinajs.cn/list=sh600999, Status: 200
2026-05-19 10:51:28 I 136936 D:\home\apps\api\utils\stock_api.py:66 (get_stock_info)	| [SinaAPI] Response content: var hq_str_sh600999="招商证券,16.090,16.180,16.310,16.460,16.050,16.310,16.320,39551554,646377466.000,86500,16.310,130800,16.300,18100,16.290,71800,16.280,90100,16.270,11600,16.320,47400,16.330,42941,16.3
2026-05-19 10:51:28 I 136936 D:\home\apps\api\utils\stock_api.py:65 (get_stock_info)	| [SinaAPI] Request: http://hq.sinajs.cn/list=sh600936, Status: 200
2026-05-19 10:51:28 I 136936 D:\home\apps\api\utils\stock_api.py:66 (get_stock_info)	| [SinaAPI] Response content: var hq_str_sh600936="北投科技,5.250,5.310,5.840,5.840,5.250,5.840,0.000,58037160,333039890.000,19603300,5.840,95400,5.830,18000,5.820,5400,5.810,113400,5.800,0,0.000,0,0.000,0,0.000,0,0.000,0,0.000,2026-0
2026-05-19 10:51:28 I 136936 D:\home\apps\api\utils\stock_api.py:65 (get_stock_info)	| [SinaAPI] Request: http://hq.sinajs.cn/list=sh600392, Status: 200
2026-05-19 10:51:28 I 136936 D:\home\apps\api\utils\stock_api.py:66 (get_stock_info)	| [SinaAPI] Response content: var hq_str_sh600392="盛和资源,23.950,24.050,23.050,23.990,22.810,23.030,23.040,36591332,848699490.000,6300,23.030,4300,23.020,9900,23.010,53200,23.000,7800,22.990,2000,23.040,23400,23.050,2900,23.060,4370
2026-05-19 10:51:28 I 136936 D:\home\apps\api\utils\stock_api.py:65 (get_stock_info)	| [SinaAPI] Request: http://hq.sinajs.cn/list=sh600369, Status: 200
2026-05-19 10:51:28 I 136936 D:\home\apps\api\utils\stock_api.py:66 (get_stock_info)	| [SinaAPI] Response content: var hq_str_sh600369="西南证券,4.050,4.040,4.080,4.110,4.040,4.070,4.080,18801100,76802159.000,679100,4.070,846200,4.060,588400,4.050,425000,4.040,200100,4.030,839500,4.080,763300,4.090,1214800,4.100,99960
2026-05-19 10:51:28 I 136936 D:\home\apps\api\utils\stock_api.py:65 (get_stock_info)	| [SinaAPI] Request: http://hq.sinajs.cn/list=sh600362, Status: 200
2026-05-19 10:51:28 I 136936 D:\home\apps\api\utils\stock_api.py:66 (get_stock_info)	| [SinaAPI] Response content: var hq_str_sh600362="江西铜业,45.110,45.440,43.770,45.190,43.370,43.770,43.780,23680065,1045210999.000,1400,43.770,3700,43.760,20200,43.750,700,43.740,3600,43.730,3200,43.780,4100,43.790,5100,43.800,4300,
2026-05-19 10:51:28 I 136936 D:\home\apps\api\utils\stock_api.py:65 (get_stock_info)	| [SinaAPI] Request: http://hq.sinajs.cn/list=sh600256, Status: 200
2026-05-19 10:51:28 I 136936 D:\home\apps\api\utils\stock_api.py:66 (get_stock_info)	| [SinaAPI] Response content: var hq_str_sh600256="广汇能源,6.460,6.550,6.290,6.460,6.280,6.280,6.290,68197858,432757206.000,1537900,6.280,522900,6.270,643200,6.260,729600,6.250,461200,6.240,223100,6.290,392300,6.300,308900,6.310,1493
2026-05-19 10:51:28 I 136936 D:\home\apps\api\utils\stock_api.py:65 (get_stock_info)	| [SinaAPI] Request: http://hq.sinajs.cn/list=sh600121, Status: 200
2026-05-19 10:51:28 I 136936 D:\home\apps\api\utils\stock_api.py:66 (get_stock_info)	| [SinaAPI] Response content: var hq_str_sh600121="郑州煤电,4.270,4.280,4.310,4.370,4.200,4.300,4.310,35438361,152994931.000,291900,4.300,213200,4.290,374700,4.280,104800,4.270,172600,4.260,5100,4.310,67840,4.320,289000,4.330,450300,4
2026-05-19 10:51:29 I 136936 D:\home\apps\api\utils\stock_api.py:65 (get_stock_info)	| [SinaAPI] Request: http://hq.sinajs.cn/list=sh600116, Status: 200
2026-05-19 10:51:29 I 136936 D:\home\apps\api\utils\stock_api.py:66 (get_stock_info)	| [SinaAPI] Response content: var hq_str_sh600116="三峡水利,6.770,6.770,6.920,6.970,6.710,6.920,6.930,23319326,160632093.000,79500,6.920,118200,6.910,186200,6.900,82700,6.890,104800,6.880,109900,6.930,244400,6.940,440400,6.950,297600,
2026-05-19 10:51:29 I 136936 D:\home\apps\api\utils\stock_api.py:65 (get_stock_info)	| [SinaAPI] Request: http://hq.sinajs.cn/list=sh600111, Status: 200
2026-05-19 10:51:29 I 136936 D:\home\apps\api\utils\stock_api.py:66 (get_stock_info)	| [SinaAPI] Response content: var hq_str_sh600111="北方稀土,51.200,51.700,49.890,51.580,49.500,49.890,49.910,66087432,3314548235.000,400,49.890,7600,49.880,2500,49.870,1600,49.860,13400,49.850,100,49.910,11500,49.920,1600,49.930,66600
2026-05-19 10:51:29 I 136936 D:\home\apps\api\utils\stock_api.py:65 (get_stock_info)	| [SinaAPI] Request: http://hq.sinajs.cn/list=sh600082, Status: 200
2026-05-19 10:51:29 I 136936 D:\home\apps\api\utils\stock_api.py:66 (get_stock_info)	| [SinaAPI] Response content: var hq_str_sh600082="ST海泰,3.810,3.800,3.810,3.940,3.800,3.800,3.810,10266660,39712558.000,219700,3.800,220800,3.790,53400,3.780,40400,3.770,93500,3.760,28300,3.810,17500,3.830,23300,3.840,31800,3.850,
2026-05-19 10:51:29 I 136936 D:\home\apps\api\utils\stock_api.py:65 (get_stock_info)	| [SinaAPI] Request: http://hq.sinajs.cn/list=sh600081, Status: 200
2026-05-19 10:51:29 I 136936 D:\home\apps\api\utils\stock_api.py:66 (get_stock_info)	| [SinaAPI] Response content: var hq_str_sh600081="东风科技,12.300,12.400,12.370,12.860,12.300,12.360,12.380,7680970,96083516.000,5000,12.360,30200,12.350,10100,12.340,5400,12.330,14800,12.320,21900,12.380,9100,12.390,7400,12.400,2900
2026-05-19 10:51:29 I 136936 D:\home\apps\api\utils\stock_api.py:65 (get_stock_info)	| [SinaAPI] Request: http://hq.sinajs.cn/list=sh600031, Status: 200
2026-05-19 10:51:29 I 136936 D:\home\apps\api\utils\stock_api.py:66 (get_stock_info)	| [SinaAPI] Response content: var hq_str_sh600031="三一重工,19.520,19.390,19.080,19.560,19.020,19.070,19.080,35186530,676106562.000,33500,19.070,129000,19.060,135500,19.050,152300,19.040,160500,19.030,10300,19.080,63700,19.090,32900,1
2026-05-19 10:51:29 I 136936 D:\home\apps\api\utils\stock_api.py:65 (get_stock_info)	| [SinaAPI] Request: http://hq.sinajs.cn/list=sz002441, Status: 200
2026-05-19 10:51:29 I 136936 D:\home\apps\api\utils\stock_api.py:66 (get_stock_info)	| [SinaAPI] Response content: var hq_str_sz002441="众业达,10.190,10.210,10.300,10.390,10.150,10.300,10.310,3648600,37598837.000,5600,10.300,12400,10.290,12300,10.280,14200,10.270,9800,10.260,10900,10.310,4100,10.320,5500,10.330,11100
2026-05-19 10:51:29 I 136936 D:\home\apps\api\utils\stock_api.py:65 (get_stock_info)	| [SinaAPI] Request: http://hq.sinajs.cn/list=sz002424, Status: 200
2026-05-19 10:51:29 I 136936 D:\home\apps\api\utils\stock_api.py:66 (get_stock_info)	| [SinaAPI] Response content: var hq_str_sz002424="ST百灵,4.940,4.860,4.900,5.020,4.900,4.900,4.910,4757800,23510349.000,114800,4.900,210700,4.890,272600,4.880,135500,4.870,60200,4.860,23000,4.910,54000,4.920,99600,4.930,100900,4.94
2026-05-19 10:51:29 I 136936 D:\home\apps\api\utils\stock_api.py:65 (get_stock_info)	| [SinaAPI] Request: http://hq.sinajs.cn/list=sz002408, Status: 200
2026-05-19 10:51:29 I 136936 D:\home\apps\api\utils\stock_api.py:66 (get_stock_info)	| [SinaAPI] Response content: var hq_str_sz002408="齐翔腾达,5.790,5.810,5.700,5.800,5.680,5.690,5.700,12371000,70795284.450,81700,5.690,566600,5.680,148100,5.670,268400,5.660,378200,5.650,79900,5.700,192350,5.710,142200,5.720,26700,5.
2026-05-19 10:51:29 I 136936 D:\home\apps\api\utils\stock_api.py:65 (get_stock_info)	| [SinaAPI] Request: http://hq.sinajs.cn/list=sz002400, Status: 200
2026-05-19 10:51:29 I 136936 D:\home\apps\api\utils\stock_api.py:66 (get_stock_info)	| [SinaAPI] Response content: var hq_str_sz002400="省广集团,8.900,8.950,9.120,9.300,8.870,9.110,9.120,95076590,871597942.940,11400,9.110,219200,9.100,244099,9.090,190023,9.080,150600,9.070,127100,9.120,85400,9.130,26100,9.140,94000,9.
2026-05-19 10:51:29 I 136936 D:\home\apps\api\utils\stock_api.py:65 (get_stock_info)	| [SinaAPI] Request: http://hq.sinajs.cn/list=sz002390, Status: 200
2026-05-19 10:51:29 I 136936 D:\home\apps\api\utils\stock_api.py:66 (get_stock_info)	| [SinaAPI] Response content: var hq_str_sz002390="信邦制药,3.150,3.150,3.160,3.190,3.150,3.160,3.170,10959234,34808169.710,767000,3.160,842100,3.150,559600,3.140,300300,3.130,402900,3.120,298900,3.170,679200,3.180,1125700,3.190,10537
2026-05-19 10:51:29 I 136936 D:\home\apps\api\utils\stock_api.py:65 (get_stock_info)	| [SinaAPI] Request: http://hq.sinajs.cn/list=sz002378, Status: 200
2026-05-19 10:51:29 I 136936 D:\home\apps\api\utils\stock_api.py:66 (get_stock_info)	| [SinaAPI] Response content: var hq_str_sz002378="章源钨业,29.950,29.950,28.130,30.000,27.760,28.110,28.130,36745441,1047384703.940,8800,28.110,13600,28.100,300,28.090,5800,28.080,3700,28.070,1100,28.130,3000,28.140,6000,28.150,300,2
2026-05-19 10:51:29 I 136936 D:\home\apps\api\utils\stock_api.py:65 (get_stock_info)	| [SinaAPI] Request: http://hq.sinajs.cn/list=sz002374, Status: 200
2026-05-19 10:51:29 I 136936 D:\home\apps\api\utils\stock_api.py:66 (get_stock_info)	| [SinaAPI] Response content: var hq_str_sz002374="中锐股份,3.700,3.910,3.760,3.970,3.660,3.760,3.770,91853777,350868965.470,33800,3.760,6300,3.750,85300,3.740,145300,3.730,182500,3.720,96200,3.770,74800,3.780,97800,3.790,135200,3.800
2026-05-19 10:51:29 I 136936 D:\home\apps\api\utils\stock_api.py:65 (get_stock_info)	| [SinaAPI] Request: http://hq.sinajs.cn/list=sz002372, Status: 200
2026-05-19 10:51:29 I 136936 D:\home\apps\api\utils\stock_api.py:66 (get_stock_info)	| [SinaAPI] Response content: var hq_str_sz002372="伟星新材,10.210,10.210,10.160,10.260,10.150,10.160,10.170,2593100,26460657.000,100,10.160,74600,10.150,27700,10.140,53500,10.130,62400,10.120,6200,10.170,23100,10.180,21800,10.190,760
2026-05-19 10:51:29 I 136936 D:\home\apps\api\utils\stock_api.py:65 (get_stock_info)	| [SinaAPI] Request: http://hq.sinajs.cn/list=sz002357, Status: 200
2026-05-19 10:51:29 I 136936 D:\home\apps\api\utils\stock_api.py:66 (get_stock_info)	| [SinaAPI] Response content: var hq_str_sz002357="富临运业,11.270,11.270,11.140,11.530,11.130,11.130,11.140,4084700,46235251.000,8400,11.130,8700,11.120,20400,11.110,14400,11.100,400,11.090,8300,11.140,800,11.150,7600,11.160,6300,11.
2026-05-19 10:51:29 I 136936 D:\home\apps\api\utils\stock_api.py:65 (get_stock_info)	| [SinaAPI] Request: http://hq.sinajs.cn/list=sz002330, Status: 200
2026-05-19 10:51:29 I 136936 D:\home\apps\api\utils\stock_api.py:66 (get_stock_info)	| [SinaAPI] Response content: var hq_str_sz002330="得利斯,4.530,4.520,4.460,4.580,4.460,4.460,4.470,6200100,28126137.000,69900,4.460,158000,4.450,38900,4.440,50400,4.430,54000,4.420,50200,4.470,35200,4.480,43600,4.490,10600,4.500,215
2026-05-19 10:51:29 I 136936 D:\home\apps\api\utils\stock_api.py:65 (get_stock_info)	| [SinaAPI] Request: http://hq.sinajs.cn/list=sz002303, Status: 200
2026-05-19 10:51:29 I 136936 D:\home\apps\api\utils\stock_api.py:66 (get_stock_info)	| [SinaAPI] Response content: var hq_str_sz002303="美盈森,3.540,3.540,3.520,3.560,3.500,3.510,3.520,7083700,25023638.000,352300,3.510,649000,3.500,409800,3.490,325200,3.480,39500,3.470,17500,3.520,179700,3.530,166200,3.540,277700,3.5
2026-05-19 10:51:29 I 136936 D:\home\apps\api\utils\stock_api.py:65 (get_stock_info)	| [SinaAPI] Request: http://hq.sinajs.cn/list=sz002282, Status: 200
2026-05-19 10:51:29 I 136936 D:\home\apps\api\utils\stock_api.py:66 (get_stock_info)	| [SinaAPI] Response content: var hq_str_sz002282="博深股份,6.500,6.460,6.520,6.610,6.470,6.510,6.520,2415200,15839713.000,64100,6.510,23200,6.500,10000,6.490,5300,6.480,11600,6.470,12700,6.520,13600,6.530,41500,6.540,12500,6.550,1680
2026-05-19 10:51:29 I 136936 D:\home\apps\api\utils\stock_api.py:65 (get_stock_info)	| [SinaAPI] Request: http://hq.sinajs.cn/list=sz002275, Status: 200
2026-05-19 10:51:29 I 136936 D:\home\apps\api\utils\stock_api.py:66 (get_stock_info)	| [SinaAPI] Response content: var hq_str_sz002275="桂林三金,13.750,13.750,13.870,13.910,13.710,13.850,13.860,910200,12605305.000,3300,13.850,4900,13.840,7000,13.830,3000,13.820,5000,13.810,1000,13.860,3000,13.870,29100,13.880,2800,13.
2026-05-19 10:51:29 I 136936 D:\home\apps\api\utils\stock_api.py:65 (get_stock_info)	| [SinaAPI] Request: http://hq.sinajs.cn/list=sz002264, Status: 200
2026-05-19 10:51:29 I 136936 D:\home\apps\api\utils\stock_api.py:66 (get_stock_info)	| [SinaAPI] Response content: var hq_str_sz002264="新 华 都,7.600,7.600,7.570,7.730,7.550,7.570,7.580,7622203,58355344.800,114600,7.570,58200,7.560,100000,7.550,16800,7.540,29200,7.530,55700,7.580,19100,7.590,16500,7.600,22900,7.610,
2026-05-19 10:51:29 I 136936 D:\home\apps\api\utils\stock_api.py:65 (get_stock_info)	| [SinaAPI] Request: http://hq.sinajs.cn/list=sz002175, Status: 200
2026-05-19 10:51:29 I 136936 D:\home\apps\api\utils\stock_api.py:66 (get_stock_info)	| [SinaAPI] Response content: var hq_str_sz002175="*ST东智,2.680,2.820,2.680,2.680,2.680,0.000,2.680,11817800,31671704.000,0,0.000,0,0.000,0,0.000,0,0.000,0,0.000,59161443,2.680,93000,2.690,126100,2.700,147900,2.710,39700,2.720,2026
2026-05-19 10:51:29 I 136936 D:\home\apps\api\utils\stock_api.py:65 (get_stock_info)	| [SinaAPI] Request: http://hq.sinajs.cn/list=sz002174, Status: 200
2026-05-19 10:51:29 I 136936 D:\home\apps\api\utils\stock_api.py:66 (get_stock_info)	| [SinaAPI] Response content: var hq_str_sz002174="游族网络,11.710,11.760,11.590,12.090,11.590,11.590,11.600,26999300,318945378.210,3200,11.590,55100,11.580,21200,11.570,63500,11.560,93800,11.550,85500,11.600,40300,11.610,24000,11.620
2026-05-19 10:51:30 I 136936 D:\home\apps\api\utils\stock_api.py:65 (get_stock_info)	| [SinaAPI] Request: http://hq.sinajs.cn/list=sz002157, Status: 200
2026-05-19 10:51:30 I 136936 D:\home\apps\api\utils\stock_api.py:66 (get_stock_info)	| [SinaAPI] Response content: var hq_str_sz002157="正邦科技,3.330,3.320,3.270,3.360,3.230,3.270,3.280,145711900,478492798.000,2029100,3.270,2463700,3.260,3138700,3.250,3398000,3.240,5160200,3.230,185400,3.280,1131678,3.290,1601700,3.3
2026-05-19 10:51:30 I 136936 D:\home\apps\api\utils\stock_api.py:65 (get_stock_info)	| [SinaAPI] Request: http://hq.sinajs.cn/list=sz002129, Status: 200
2026-05-19 10:51:30 I 136936 D:\home\apps\api\utils\stock_api.py:66 (get_stock_info)	| [SinaAPI] Response content: var hq_str_sz002129="TCL中环,9.380,9.360,9.540,9.650,9.240,9.540,9.550,95103645,899553589.330,15200,9.540,35500,9.530,83200,9.520,104500,9.510,338100,9.500,71900,9.550,144700,9.560,146700,9.570,98100,9.
2026-05-19 10:51:30 I 136936 D:\home\apps\api\utils\stock_api.py:65 (get_stock_info)	| [SinaAPI] Request: http://hq.sinajs.cn/list=sz002067, Status: 200
2026-05-19 10:51:30 I 136936 D:\home\apps\api\utils\stock_api.py:66 (get_stock_info)	| [SinaAPI] Response content: var hq_str_sz002067="景兴纸业,5.280,4.800,5.280,5.280,5.210,5.280,0.000,78076562,412180915.360,33867516,5.280,435400,5.270,229700,5.260,99500,5.250,138700,5.240,0,0.000,0,0.000,0,0.000,0,0.000,0,0.000,202
2026-05-19 10:51:30 I 136936 D:\home\apps\api\utils\stock_api.py:65 (get_stock_info)	| [SinaAPI] Request: http://hq.sinajs.cn/list=sz002044, Status: 200
2026-05-19 10:51:30 I 136936 D:\home\apps\api\utils\stock_api.py:66 (get_stock_info)	| [SinaAPI] Response content: var hq_str_sz002044="美年健康,6.140,6.120,6.350,6.730,6.120,6.350,6.360,304364126,1974601570.920,4580,6.350,570700,6.340,612700,6.330,400900,6.320,843300,6.310,207500,6.360,576200,6.370,138040,6.380,39940
2026-05-19 10:51:30 I 136936 D:\home\apps\api\utils\stock_api.py:65 (get_stock_info)	| [SinaAPI] Request: http://hq.sinajs.cn/list=sz002043, Status: 200
2026-05-19 10:51:30 I 136936 D:\home\apps\api\utils\stock_api.py:66 (get_stock_info)	| [SinaAPI] Response content: var hq_str_sz002043="兔 宝 宝,13.500,13.720,13.720,13.890,13.330,13.710,13.720,7177343,98503795.810,8500,13.710,19600,13.700,5200,13.690,1200,13.680,400,13.670,16100,13.720,4800,13.730,33500,13.740,1900,
2026-05-19 10:51:30 I 136936 D:\home\apps\api\utils\stock_api.py:65 (get_stock_info)	| [SinaAPI] Request: http://hq.sinajs.cn/list=sz000786, Status: 200
2026-05-19 10:51:30 I 136936 D:\home\apps\api\utils\stock_api.py:66 (get_stock_info)	| [SinaAPI] Response content: var hq_str_sz000786="北新建材,24.630,24.610,24.600,24.740,24.530,24.600,24.610,4407900,108539756.000,26000,24.600,26900,24.590,52700,24.580,63600,24.570,42100,24.560,10000,24.610,10600,24.620,9700,24.630,
2026-05-19 10:51:30 I 136936 D:\home\apps\api\utils\stock_api.py:65 (get_stock_info)	| [SinaAPI] Request: http://hq.sinajs.cn/list=sz000750, Status: 200
2026-05-19 10:51:30 I 136936 D:\home\apps\api\utils\stock_api.py:66 (get_stock_info)	| [SinaAPI] Response content: var hq_str_sz000750="国海证券,3.790,3.800,3.810,3.850,3.790,3.810,3.820,23184980,88668972.570,1166700,3.810,1669500,3.800,1349400,3.790,1096000,3.780,997500,3.770,490400,3.820,1053400,3.830,1136100,3.840,
2026-05-19 10:51:30 I 136936 D:\home\apps\api\utils\stock_api.py:65 (get_stock_info)	| [SinaAPI] Request: http://hq.sinajs.cn/list=sz000709, Status: 200
2026-05-19 10:51:30 I 136936 D:\home\apps\api\utils\stock_api.py:66 (get_stock_info)	| [SinaAPI] Response content: var hq_str_sz000709="河钢股份,2.240,2.240,2.250,2.260,2.230,2.240,2.250,29522618,66414131.050,11364810,2.240,5527100,2.230,6269000,2.220,2650400,2.210,3715200,2.200,3443600,2.250,8018710,2.260,5434197,2.2
2026-05-19 10:51:30 I 136936 D:\home\apps\api\utils\stock_api.py:65 (get_stock_info)	| [SinaAPI] Request: http://hq.sinajs.cn/list=sz000166, Status: 200
2026-05-19 10:51:30 I 136936 D:\home\apps\api\utils\stock_api.py:66 (get_stock_info)	| [SinaAPI] Response content: var hq_str_sz000166="申万宏源,4.460,4.470,4.470,4.520,4.450,4.470,4.480,43709564,196345109.810,1413700,4.470,1395800,4.460,1599000,4.450,899100,4.440,811100,4.430,955600,4.480,1134240,4.490,2074900,4.500,
2026-05-19 10:51:30 I 136936 D:\home\apps\api\utils\stock_api.py:65 (get_stock_info)	| [SinaAPI] Request: http://hq.sinajs.cn/list=sz000069, Status: 200
2026-05-19 10:51:30 I 136936 D:\home\apps\api\utils\stock_api.py:66 (get_stock_info)	| [SinaAPI] Response content: var hq_str_sz000069="华侨城Ａ,2.070,2.070,2.060,2.100,2.060,2.060,2.070,18331333,38053621.640,1202500,2.060,1291900,2.050,958200,2.040,1283400,2.030,589600,2.020,944604,2.070,1891900,2.080,1438800,2.090,2
2026-05-19 10:51:38 I 136936 D:\home\apps\api\utils\stock_api.py:65 (get_stock_info)	| [SinaAPI] Request: http://hq.sinajs.cn/list=sh601727, Status: 200
2026-05-19 10:51:38 I 136936 D:\home\apps\api\utils\stock_api.py:66 (get_stock_info)	| [SinaAPI] Response content: var hq_str_sh601727="上海电气,9.050,9.020,8.830,9.060,8.760,8.830,8.840,147474671,1305555209.000,181000,8.830,166695,8.820,217400,8.810,642200,8.800,948300,8.790,137000,8.840,204000,8.850,339016,8.860,194
2026-05-19 10:51:38 I 136936 D:\home\apps\api\utils\stock_api.py:65 (get_stock_info)	| [SinaAPI] Request: http://hq.sinajs.cn/list=sh601588, Status: 200
2026-05-19 10:51:38 I 136936 D:\home\apps\api\utils\stock_api.py:66 (get_stock_info)	| [SinaAPI] Response content: var hq_str_sh601588="北辰实业,1.930,1.930,1.930,1.970,1.910,1.920,1.930,16886100,32737814.000,1090500,1.920,718600,1.910,717700,1.900,478600,1.890,1271800,1.880,1134800,1.930,573900,1.940,534600,1.950,282
2026-05-19 10:51:38 I 136936 D:\home\apps\api\utils\stock_api.py:65 (get_stock_info)	| [SinaAPI] Request: http://hq.sinajs.cn/list=sh601100, Status: 200
2026-05-19 10:51:38 I 136936 D:\home\apps\api\utils\stock_api.py:66 (get_stock_info)	| [SinaAPI] Response content: var hq_str_sh601100="恒立液压,114.500,113.550,111.930,115.500,111.250,111.910,111.930,3942102,445284550.000,300,111.910,400,111.900,100,111.890,200,111.880,200,111.870,4900,111.930,400,111.970,600,111.980
2026-05-19 10:51:38 I 136936 D:\home\apps\api\utils\stock_api.py:65 (get_stock_info)	| [SinaAPI] Request: http://hq.sinajs.cn/list=sh601059, Status: 200
2026-05-19 10:51:38 I 136936 D:\home\apps\api\utils\stock_api.py:66 (get_stock_info)	| [SinaAPI] Response content: var hq_str_sh601059="信达证券,17.200,16.670,17.090,17.200,17.010,17.090,17.100,17287370,296020121.000,196200,17.090,154500,17.080,48200,17.070,137000,17.060,59200,17.050,68500,17.100,117100,17.110,88500,1
2026-05-19 10:51:38 I 136936 D:\home\apps\api\utils\stock_api.py:65 (get_stock_info)	| [SinaAPI] Request: http://hq.sinajs.cn/list=sh600999, Status: 200
2026-05-19 10:51:38 I 136936 D:\home\apps\api\utils\stock_api.py:66 (get_stock_info)	| [SinaAPI] Response content: var hq_str_sh600999="招商证券,16.090,16.180,16.310,16.460,16.050,16.310,16.320,39559254,646503057.000,111100,16.310,105800,16.300,18100,16.290,73700,16.280,90100,16.270,15600,16.320,47600,16.330,42941,16.
2026-05-19 10:51:38 I 136936 D:\home\apps\api\utils\stock_api.py:65 (get_stock_info)	| [SinaAPI] Request: http://hq.sinajs.cn/list=sh600936, Status: 200
2026-05-19 10:51:38 I 136936 D:\home\apps\api\utils\stock_api.py:66 (get_stock_info)	| [SinaAPI] Response content: var hq_str_sh600936="北投科技,5.250,5.310,5.840,5.840,5.250,5.840,0.000,58037660,333042810.000,19606300,5.840,95400,5.830,18000,5.820,5400,5.810,113400,5.800,0,0.000,0,0.000,0,0.000,0,0.000,0,0.000,2026-0
2026-05-19 10:51:38 I 136936 D:\home\apps\api\utils\stock_api.py:65 (get_stock_info)	| [SinaAPI] Request: http://hq.sinajs.cn/list=sh600392, Status: 200
2026-05-19 10:51:38 I 136936 D:\home\apps\api\utils\stock_api.py:66 (get_stock_info)	| [SinaAPI] Response content: var hq_str_sh600392="盛和资源,23.950,24.050,23.040,23.990,22.810,23.030,23.040,36592732,848731735.000,7800,23.030,5000,23.020,10900,23.010,54300,23.000,7800,22.990,9200,23.040,20700,23.050,2900,23.060,437
2026-05-19 10:51:38 I 136936 D:\home\apps\api\utils\stock_api.py:65 (get_stock_info)	| [SinaAPI] Request: http://hq.sinajs.cn/list=sh600369, Status: 200
2026-05-19 10:51:38 I 136936 D:\home\apps\api\utils\stock_api.py:66 (get_stock_info)	| [SinaAPI] Response content: var hq_str_sh600369="西南证券,4.050,4.040,4.070,4.110,4.040,4.070,4.080,18803600,76812334.000,656800,4.070,846200,4.060,588400,4.050,425000,4.040,200100,4.030,839500,4.080,763300,4.090,1214800,4.100,99960
2026-05-19 10:51:38 I 136936 D:\home\apps\api\utils\stock_api.py:65 (get_stock_info)	| [SinaAPI] Request: http://hq.sinajs.cn/list=sh600362, Status: 200
2026-05-19 10:51:38 I 136936 D:\home\apps\api\utils\stock_api.py:66 (get_stock_info)	| [SinaAPI] Response content: var hq_str_sh600362="江西铜业,45.110,45.440,43.760,45.190,43.370,43.760,43.770,23685565,1045451709.000,4400,43.760,19900,43.750,700,43.740,3600,43.730,1500,43.720,22300,43.770,1800,43.780,3600,43.790,2700
2026-05-19 10:51:39 I 136936 D:\home\apps\api\utils\stock_api.py:65 (get_stock_info)	| [SinaAPI] Request: http://hq.sinajs.cn/list=sh600256, Status: 200
2026-05-19 10:51:39 I 136936 D:\home\apps\api\utils\stock_api.py:66 (get_stock_info)	| [SinaAPI] Response content: var hq_str_sh600256="广汇能源,6.460,6.550,6.280,6.460,6.280,6.280,6.290,68208958,432826957.000,1543100,6.280,525900,6.270,643700,6.260,731000,6.250,461200,6.240,265500,6.290,369900,6.300,308800,6.310,1493
2026-05-19 10:51:39 I 136936 D:\home\apps\api\utils\stock_api.py:65 (get_stock_info)	| [SinaAPI] Request: http://hq.sinajs.cn/list=sh600121, Status: 200
2026-05-19 10:51:39 I 136936 D:\home\apps\api\utils\stock_api.py:66 (get_stock_info)	| [SinaAPI] Response content: var hq_str_sh600121="郑州煤电,4.270,4.280,4.300,4.370,4.200,4.300,4.310,35445561,153025931.000,292800,4.300,212500,4.290,374700,4.280,104800,4.270,172600,4.260,12700,4.310,92540,4.320,291900,4.330,443200,
2026-05-19 10:51:39 I 136936 D:\home\apps\api\utils\stock_api.py:65 (get_stock_info)	| [SinaAPI] Request: http://hq.sinajs.cn/list=sh600116, Status: 200
2026-05-19 10:51:39 I 136936 D:\home\apps\api\utils\stock_api.py:66 (get_stock_info)	| [SinaAPI] Response content: var hq_str_sh600116="三峡水利,6.770,6.770,6.920,6.970,6.710,6.920,6.930,23322326,160652853.000,76400,6.920,118200,6.910,186200,6.900,82700,6.890,104800,6.880,130300,6.930,247000,6.940,440400,6.950,299600,
2026-05-19 10:51:39 I 136936 D:\home\apps\api\utils\stock_api.py:65 (get_stock_info)	| [SinaAPI] Request: http://hq.sinajs.cn/list=sh600111, Status: 200
2026-05-19 10:51:39 I 136936 D:\home\apps\api\utils\stock_api.py:66 (get_stock_info)	| [SinaAPI] Response content: var hq_str_sh600111="北方稀土,51.200,51.700,49.880,51.580,49.500,49.880,49.890,66096832,3315017295.000,5300,49.880,2500,49.870,1600,49.860,13600,49.850,2500,49.830,2000,49.890,11200,49.900,1100,49.910,470
2026-05-19 10:51:39 I 136936 D:\home\apps\api\utils\stock_api.py:65 (get_stock_info)	| [SinaAPI] Request: http://hq.sinajs.cn/list=sh600082, Status: 200
2026-05-19 10:51:39 I 136936 D:\home\apps\api\utils\stock_api.py:66 (get_stock_info)	| [SinaAPI] Response content: var hq_str_sh600082="ST海泰,3.810,3.800,3.810,3.940,3.800,3.800,3.810,10266660,39712558.000,241800,3.800,220800,3.790,53400,3.780,40400,3.770,93500,3.760,28300,3.810,17500,3.830,23300,3.840,31800,3.850,
2026-05-19 10:51:39 I 136936 D:\home\apps\api\utils\stock_api.py:65 (get_stock_info)	| [SinaAPI] Request: http://hq.sinajs.cn/list=sh600081, Status: 200
2026-05-19 10:51:39 I 136936 D:\home\apps\api\utils\stock_api.py:66 (get_stock_info)	| [SinaAPI] Response content: var hq_str_sh600081="东风科技,12.300,12.400,12.360,12.860,12.300,12.360,12.370,7689570,96189893.000,14000,12.360,29900,12.350,10300,12.340,20700,12.330,14800,12.320,15200,12.370,22500,12.380,9500,12.390,6
2026-05-19 10:51:39 I 136936 D:\home\apps\api\utils\stock_api.py:65 (get_stock_info)	| [SinaAPI] Request: http://hq.sinajs.cn/list=sh600031, Status: 200
2026-05-19 10:51:39 I 136936 D:\home\apps\api\utils\stock_api.py:66 (get_stock_info)	| [SinaAPI] Response content: var hq_str_sh600031="三一重工,19.520,19.390,19.070,19.560,19.020,19.070,19.080,35216530,676678810.000,32400,19.070,128800,19.060,135700,19.050,153400,19.040,161500,19.030,76300,19.080,35300,19.090,33200,1
2026-05-19 10:51:39 I 136936 D:\home\apps\api\utils\stock_api.py:65 (get_stock_info)	| [SinaAPI] Request: http://hq.sinajs.cn/list=sz002441, Status: 200
2026-05-19 10:51:39 I 136936 D:\home\apps\api\utils\stock_api.py:66 (get_stock_info)	| [SinaAPI] Response content: var hq_str_sz002441="众业达,10.190,10.210,10.300,10.390,10.150,10.300,10.310,3648600,37598837.000,5600,10.300,12400,10.290,12300,10.280,14200,10.270,9800,10.260,10400,10.310,4100,10.320,5500,10.330,11100
2026-05-19 10:51:39 I 136936 D:\home\apps\api\utils\stock_api.py:65 (get_stock_info)	| [SinaAPI] Request: http://hq.sinajs.cn/list=sz002424, Status: 200
2026-05-19 10:51:39 I 136936 D:\home\apps\api\utils\stock_api.py:66 (get_stock_info)	| [SinaAPI] Response content: var hq_str_sz002424="ST百灵,4.940,4.860,4.900,5.020,4.900,4.900,4.910,4757800,23510349.000,114800,4.900,210700,4.890,272600,4.880,135500,4.870,60200,4.860,23000,4.910,54000,4.920,99600,4.930,100900,4.94
2026-05-19 10:51:39 I 136936 D:\home\apps\api\utils\stock_api.py:65 (get_stock_info)	| [SinaAPI] Request: http://hq.sinajs.cn/list=sz002408, Status: 200
2026-05-19 10:51:39 I 136936 D:\home\apps\api\utils\stock_api.py:66 (get_stock_info)	| [SinaAPI] Response content: var hq_str_sz002408="齐翔腾达,5.790,5.810,5.690,5.800,5.680,5.690,5.700,12376800,70828286.450,84600,5.690,567200,5.680,148100,5.670,268400,5.660,378200,5.650,102000,5.700,192350,5.710,142200,5.720,26700,5
2026-05-19 10:51:39 I 136936 D:\home\apps\api\utils\stock_api.py:65 (get_stock_info)	| [SinaAPI] Request: http://hq.sinajs.cn/list=sz002400, Status: 200
2026-05-19 10:51:39 I 136936 D:\home\apps\api\utils\stock_api.py:66 (get_stock_info)	| [SinaAPI] Response content: var hq_str_sz002400="省广集团,8.900,8.950,9.110,9.300,8.870,9.110,9.120,95110890,871910616.940,24000,9.110,134900,9.100,242099,9.090,169023,9.080,150600,9.070,114400,9.120,85100,9.130,33100,9.140,94000,9.
2026-05-19 10:51:39 I 136936 D:\home\apps\api\utils\stock_api.py:65 (get_stock_info)	| [SinaAPI] Request: http://hq.sinajs.cn/list=sz002390, Status: 200
2026-05-19 10:51:39 I 136936 D:\home\apps\api\utils\stock_api.py:66 (get_stock_info)	| [SinaAPI] Response content: var hq_str_sz002390="信邦制药,3.150,3.150,3.160,3.190,3.150,3.160,3.170,10959234,34808169.710,767000,3.160,842100,3.150,557900,3.140,302100,3.130,402900,3.120,299000,3.170,679200,3.180,1125700,3.190,10537
2026-05-19 10:51:39 I 136936 D:\home\apps\api\utils\stock_api.py:65 (get_stock_info)	| [SinaAPI] Request: http://hq.sinajs.cn/list=sz002378, Status: 200
2026-05-19 10:51:39 I 136936 D:\home\apps\api\utils\stock_api.py:66 (get_stock_info)	| [SinaAPI] Response content: var hq_str_sz002378="章源钨业,29.950,29.950,28.130,30.000,27.760,28.130,28.140,36752141,1047573144.940,100,28.130,5100,28.110,13700,28.100,300,28.090,5800,28.080,1500,28.140,5700,28.150,300,28.160,800,28.
2026-05-19 10:51:39 I 136936 D:\home\apps\api\utils\stock_api.py:65 (get_stock_info)	| [SinaAPI] Request: http://hq.sinajs.cn/list=sz002374, Status: 200
2026-05-19 10:51:39 I 136936 D:\home\apps\api\utils\stock_api.py:66 (get_stock_info)	| [SinaAPI] Response content: var hq_str_sz002374="中锐股份,3.700,3.910,3.760,3.970,3.660,3.760,3.770,91861677,350898678.470,27300,3.760,10800,3.750,107200,3.740,145800,3.730,225600,3.720,95800,3.770,74800,3.780,97800,3.790,135200,3.8
2026-05-19 10:51:39 I 136936 D:\home\apps\api\utils\stock_api.py:65 (get_stock_info)	| [SinaAPI] Request: http://hq.sinajs.cn/list=sz002372, Status: 200
2026-05-19 10:51:39 I 136936 D:\home\apps\api\utils\stock_api.py:66 (get_stock_info)	| [SinaAPI] Response content: var hq_str_sz002372="伟星新材,10.210,10.210,10.160,10.260,10.150,10.160,10.170,2593100,26460657.000,1600,10.160,74700,10.150,28700,10.140,53500,10.130,62400,10.120,6200,10.170,23300,10.180,21800,10.190,76
2026-05-19 10:51:40 I 136936 D:\home\apps\api\utils\stock_api.py:65 (get_stock_info)	| [SinaAPI] Request: http://hq.sinajs.cn/list=sz002357, Status: 200
2026-05-19 10:51:40 I 136936 D:\home\apps\api\utils\stock_api.py:66 (get_stock_info)	| [SinaAPI] Response content: var hq_str_sz002357="富临运业,11.270,11.270,11.140,11.530,11.130,11.130,11.140,4084900,46237479.000,10100,11.130,8700,11.120,20400,11.110,15400,11.100,400,11.090,8100,11.140,800,11.150,7600,11.160,6300,11
2026-05-19 10:51:40 I 136936 D:\home\apps\api\utils\stock_api.py:65 (get_stock_info)	| [SinaAPI] Request: http://hq.sinajs.cn/list=sz002330, Status: 200
2026-05-19 10:51:40 I 136936 D:\home\apps\api\utils\stock_api.py:66 (get_stock_info)	| [SinaAPI] Response content: var hq_str_sz002330="得利斯,4.530,4.520,4.460,4.580,4.460,4.460,4.470,6200100,28126137.000,69500,4.460,158000,4.450,38900,4.440,50400,4.430,54000,4.420,50200,4.470,35200,4.480,43600,4.490,10600,4.500,211
2026-05-19 10:51:40 I 136936 D:\home\apps\api\utils\stock_api.py:65 (get_stock_info)	| [SinaAPI] Request: http://hq.sinajs.cn/list=sz002303, Status: 200
2026-05-19 10:51:40 I 136936 D:\home\apps\api\utils\stock_api.py:66 (get_stock_info)	| [SinaAPI] Response content: var hq_str_sz002303="美盈森,3.540,3.540,3.520,3.560,3.500,3.520,3.530,7101200,25085238.000,32700,3.520,350800,3.510,649000,3.500,413700,3.490,325200,3.480,181700,3.530,166200,3.540,277700,3.550,594900,3.
2026-05-19 10:51:40 I 136936 D:\home\apps\api\utils\stock_api.py:65 (get_stock_info)	| [SinaAPI] Request: http://hq.sinajs.cn/list=sz002282, Status: 200
2026-05-19 10:51:40 I 136936 D:\home\apps\api\utils\stock_api.py:66 (get_stock_info)	| [SinaAPI] Response content: var hq_str_sz002282="博深股份,6.500,6.460,6.520,6.610,6.470,6.510,6.520,2415200,15839713.000,65800,6.510,23200,6.500,10000,6.490,5300,6.480,11600,6.470,9400,6.520,13600,6.530,41500,6.540,12500,6.550,16800
2026-05-19 10:51:40 I 136936 D:\home\apps\api\utils\stock_api.py:65 (get_stock_info)	| [SinaAPI] Request: http://hq.sinajs.cn/list=sz002275, Status: 200
2026-05-19 10:51:40 I 136936 D:\home\apps\api\utils\stock_api.py:66 (get_stock_info)	| [SinaAPI] Response content: var hq_str_sz002275="桂林三金,13.750,13.750,13.860,13.910,13.710,13.850,13.860,911100,12617779.000,3300,13.850,4900,13.840,7000,13.830,3000,13.820,5000,13.810,100,13.860,3000,13.870,29100,13.880,2800,13.8
2026-05-19 10:51:40 I 136936 D:\home\apps\api\utils\stock_api.py:65 (get_stock_info)	| [SinaAPI] Request: http://hq.sinajs.cn/list=sz002264, Status: 200
2026-05-19 10:51:40 I 136936 D:\home\apps\api\utils\stock_api.py:66 (get_stock_info)	| [SinaAPI] Response content: var hq_str_sz002264="新 华 都,7.600,7.600,7.580,7.730,7.550,7.570,7.580,7622803,58359892.800,114600,7.570,58200,7.560,100000,7.550,16800,7.540,29200,7.530,55100,7.580,19100,7.590,16500,7.600,22900,7.610,
2026-05-19 10:51:40 I 136936 D:\home\apps\api\utils\stock_api.py:65 (get_stock_info)	| [SinaAPI] Request: http://hq.sinajs.cn/list=sz002175, Status: 200
2026-05-19 10:51:40 I 136936 D:\home\apps\api\utils\stock_api.py:66 (get_stock_info)	| [SinaAPI] Response content: var hq_str_sz002175="*ST东智,2.680,2.820,2.680,2.680,2.680,0.000,2.680,11817800,31671704.000,0,0.000,0,0.000,0,0.000,0,0.000,0,0.000,59166443,2.680,93000,2.690,126100,2.700,147900,2.710,39700,2.720,2026
2026-05-19 10:51:40 I 136936 D:\home\apps\api\utils\stock_api.py:65 (get_stock_info)	| [SinaAPI] Request: http://hq.sinajs.cn/list=sz002174, Status: 200
2026-05-19 10:51:40 I 136936 D:\home\apps\api\utils\stock_api.py:66 (get_stock_info)	| [SinaAPI] Response content: var hq_str_sz002174="游族网络,11.710,11.760,11.590,12.090,11.590,11.580,11.590,27082400,319908537.210,55100,11.580,21200,11.570,63500,11.560,32300,11.550,39000,11.540,1800,11.590,98300,11.600,39700,11.610
2026-05-19 10:51:40 I 136936 D:\home\apps\api\utils\stock_api.py:65 (get_stock_info)	| [SinaAPI] Request: http://hq.sinajs.cn/list=sz002157, Status: 200
2026-05-19 10:51:40 I 136936 D:\home\apps\api\utils\stock_api.py:66 (get_stock_info)	| [SinaAPI] Response content: var hq_str_sz002157="正邦科技,3.330,3.320,3.280,3.360,3.230,3.270,3.280,145718800,478515430.000,2035100,3.270,2463700,3.260,3138700,3.250,3398000,3.240,5157400,3.230,195200,3.280,1131678,3.290,1604300,3.3
2026-05-19 10:51:40 I 136936 D:\home\apps\api\utils\stock_api.py:65 (get_stock_info)	| [SinaAPI] Request: http://hq.sinajs.cn/list=sz002129, Status: 200
2026-05-19 10:51:40 I 136936 D:\home\apps\api\utils\stock_api.py:66 (get_stock_info)	| [SinaAPI] Response content: var hq_str_sz002129="TCL中环,9.380,9.360,9.540,9.650,9.240,9.530,9.540,95121045,899719585.330,40200,9.530,84800,9.520,107400,9.510,343600,9.500,11100,9.490,33800,9.540,55000,9.550,110100,9.560,164500,9.
2026-05-19 10:51:40 I 136936 D:\home\apps\api\utils\stock_api.py:65 (get_stock_info)	| [SinaAPI] Request: http://hq.sinajs.cn/list=sz002067, Status: 200
2026-05-19 10:51:40 I 136936 D:\home\apps\api\utils\stock_api.py:66 (get_stock_info)	| [SinaAPI] Response content: var hq_str_sz002067="景兴纸业,5.280,4.800,5.280,5.280,5.210,5.280,0.000,78076962,412183027.360,33863516,5.280,435400,5.270,229700,5.260,99600,5.250,138700,5.240,0,0.000,0,0.000,0,0.000,0,0.000,0,0.000,202
2026-05-19 10:51:40 I 136936 D:\home\apps\api\utils\stock_api.py:65 (get_stock_info)	| [SinaAPI] Request: http://hq.sinajs.cn/list=sz002044, Status: 200
2026-05-19 10:51:40 I 136936 D:\home\apps\api\utils\stock_api.py:66 (get_stock_info)	| [SinaAPI] Response content: var hq_str_sz002044="美年健康,6.140,6.120,6.340,6.730,6.120,6.340,6.350,304427706,1975004830.920,524100,6.340,616200,6.330,402500,6.320,843300,6.310,1938000,6.300,97320,6.350,199000,6.360,553200,6.370,108
2026-05-19 10:51:40 I 136936 D:\home\apps\api\utils\stock_api.py:65 (get_stock_info)	| [SinaAPI] Request: http://hq.sinajs.cn/list=sz002043, Status: 200
2026-05-19 10:51:40 I 136936 D:\home\apps\api\utils\stock_api.py:66 (get_stock_info)	| [SinaAPI] Response content: var hq_str_sz002043="兔 宝 宝,13.500,13.720,13.710,13.890,13.330,13.710,13.720,7180743,98550420.810,8100,13.710,19600,13.700,5200,13.690,1200,13.680,400,13.670,19100,13.720,4800,13.730,33500,13.740,1900,
2026-05-19 10:51:40 I 136936 D:\home\apps\api\utils\stock_api.py:65 (get_stock_info)	| [SinaAPI] Request: http://hq.sinajs.cn/list=sz000786, Status: 200
2026-05-19 10:51:40 I 136936 D:\home\apps\api\utils\stock_api.py:66 (get_stock_info)	| [SinaAPI] Response content: var hq_str_sz000786="北新建材,24.630,24.610,24.600,24.740,24.530,24.600,24.610,4411000,108616034.000,24900,24.600,36900,24.590,52700,24.580,63600,24.570,42100,24.560,10300,24.610,11100,24.620,9700,24.630,
2026-05-19 10:51:40 I 136936 D:\home\apps\api\utils\stock_api.py:65 (get_stock_info)	| [SinaAPI] Request: http://hq.sinajs.cn/list=sz000750, Status: 200
2026-05-19 10:51:40 I 136936 D:\home\apps\api\utils\stock_api.py:66 (get_stock_info)	| [SinaAPI] Response content: var hq_str_sz000750="国海证券,3.790,3.800,3.810,3.850,3.790,3.810,3.820,23184980,88668972.570,1163700,3.810,1672200,3.800,1349400,3.790,1096000,3.780,997500,3.770,499900,3.820,1053400,3.830,1136100,3.840,
2026-05-19 10:51:40 I 136936 D:\home\apps\api\utils\stock_api.py:65 (get_stock_info)	| [SinaAPI] Request: http://hq.sinajs.cn/list=sz000709, Status: 200
2026-05-19 10:51:40 I 136936 D:\home\apps\api\utils\stock_api.py:66 (get_stock_info)	| [SinaAPI] Response content: var hq_str_sz000709="河钢股份,2.240,2.240,2.250,2.260,2.230,2.240,2.250,29525218,66419956.050,11365410,2.240,5527100,2.230,6269000,2.220,2650400,2.210,3715200,2.200,3434800,2.250,8018710,2.260,5434197,2.2
2026-05-19 10:51:40 I 136936 D:\home\apps\api\utils\stock_api.py:65 (get_stock_info)	| [SinaAPI] Request: http://hq.sinajs.cn/list=sz000166, Status: 200
2026-05-19 10:51:40 I 136936 D:\home\apps\api\utils\stock_api.py:66 (get_stock_info)	| [SinaAPI] Response content: var hq_str_sz000166="申万宏源,4.460,4.470,4.480,4.520,4.450,4.470,4.480,43717564,196380901.810,1415000,4.470,1407900,4.460,1599000,4.450,922900,4.440,811100,4.430,1216700,4.480,1123340,4.490,2074900,4.500
2026-05-19 10:51:40 I 136936 D:\home\apps\api\utils\stock_api.py:65 (get_stock_info)	| [SinaAPI] Request: http://hq.sinajs.cn/list=sz000069, Status: 200
2026-05-19 10:51:40 I 136936 D:\home\apps\api\utils\stock_api.py:66 (get_stock_info)	| [SinaAPI] Response content: var hq_str_sz000069="华侨城Ａ,2.070,2.070,2.070,2.100,2.060,2.060,2.070,18337633,38066662.640,1222800,2.060,1291900,2.050,958200,2.040,1283400,2.030,589600,2.020,937104,2.070,1891900,2.080,1428800,2.090,2
2026-05-19 10:51:53 I 136936 D:\home\apps\api\utils\stock_api.py:65 (get_stock_info)	| [SinaAPI] Request: http://hq.sinajs.cn/list=sh601727, Status: 200
2026-05-19 10:51:53 I 136936 D:\home\apps\api\utils\stock_api.py:66 (get_stock_info)	| [SinaAPI] Response content: var hq_str_sh601727="上海电气,9.050,9.020,8.830,9.060,8.760,8.830,8.840,147528871,1306034122.000,168000,8.830,215295,8.820,205700,8.810,651900,8.800,949200,8.790,35100,8.840,231900,8.850,341216,8.860,1947
2026-05-19 10:51:53 I 136936 D:\home\apps\api\utils\stock_api.py:65 (get_stock_info)	| [SinaAPI] Request: http://hq.sinajs.cn/list=sh601588, Status: 200
2026-05-19 10:51:53 I 136936 D:\home\apps\api\utils\stock_api.py:66 (get_stock_info)	| [SinaAPI] Response content: var hq_str_sh601588="北辰实业,1.930,1.930,1.910,1.970,1.910,1.910,1.920,18074300,35018445.000,900100,1.910,717900,1.900,478600,1.890,1271800,1.880,240300,1.870,470800,1.920,1046600,1.930,575500,1.940,5197
2026-05-19 10:51:53 I 136936 D:\home\apps\api\utils\stock_api.py:65 (get_stock_info)	| [SinaAPI] Request: http://hq.sinajs.cn/list=sh601100, Status: 200
2026-05-19 10:51:53 I 136936 D:\home\apps\api\utils\stock_api.py:66 (get_stock_info)	| [SinaAPI] Response content: var hq_str_sh601100="恒立液压,114.500,113.550,111.940,115.500,111.250,111.930,112.020,3949202,446079392.000,400,111.930,500,111.910,1800,111.900,100,111.890,300,111.880,1000,112.020,1000,112.030,1100,112.
2026-05-19 10:51:53 I 136936 D:\home\apps\api\utils\stock_api.py:65 (get_stock_info)	| [SinaAPI] Request: http://hq.sinajs.cn/list=sh601059, Status: 200
2026-05-19 10:51:53 I 136936 D:\home\apps\api\utils\stock_api.py:66 (get_stock_info)	| [SinaAPI] Response content: var hq_str_sh601059="信达证券,17.200,16.670,17.100,17.200,17.010,17.090,17.100,17290270,296069699.000,198200,17.090,154500,17.080,48200,17.070,137000,17.060,59200,17.050,74700,17.100,116900,17.110,94700,1
2026-05-19 10:51:53 I 136936 D:\home\apps\api\utils\stock_api.py:65 (get_stock_info)	| [SinaAPI] Request: http://hq.sinajs.cn/list=sh600999, Status: 200
2026-05-19 10:51:53 I 136936 D:\home\apps\api\utils\stock_api.py:66 (get_stock_info)	| [SinaAPI] Response content: var hq_str_sh600999="招商证券,16.090,16.180,16.300,16.460,16.050,16.300,16.310,39677654,648434060.000,104200,16.300,19200,16.290,71800,16.280,91100,16.270,62400,16.260,74500,16.310,147600,16.320,46400,16.
2026-05-19 10:51:53 I 136936 D:\home\apps\api\utils\stock_api.py:65 (get_stock_info)	| [SinaAPI] Request: http://hq.sinajs.cn/list=sh600936, Status: 200
2026-05-19 10:51:53 I 136936 D:\home\apps\api\utils\stock_api.py:66 (get_stock_info)	| [SinaAPI] Response content: var hq_str_sh600936="北投科技,5.250,5.310,5.840,5.840,5.250,5.840,0.000,58047560,333100626.000,19516700,5.840,95400,5.830,18000,5.820,7000,5.810,113600,5.800,0,0.000,0,0.000,0,0.000,0,0.000,0,0.000,2026-0
2026-05-19 10:51:53 I 136936 D:\home\apps\api\utils\stock_api.py:65 (get_stock_info)	| [SinaAPI] Request: http://hq.sinajs.cn/list=sh600392, Status: 200
2026-05-19 10:51:53 I 136936 D:\home\apps\api\utils\stock_api.py:66 (get_stock_info)	| [SinaAPI] Response content: var hq_str_sh600392="盛和资源,23.950,24.050,23.030,23.990,22.810,23.020,23.040,36663832,850369117.000,13300,23.020,11900,23.010,57600,23.000,14500,22.990,24500,22.980,3900,23.040,20700,23.050,1900,23.060,
2026-05-19 10:51:53 I 136936 D:\home\apps\api\utils\stock_api.py:65 (get_stock_info)	| [SinaAPI] Request: http://hq.sinajs.cn/list=sh600369, Status: 200
2026-05-19 10:51:53 I 136936 D:\home\apps\api\utils\stock_api.py:66 (get_stock_info)	| [SinaAPI] Response content: var hq_str_sh600369="西南证券,4.050,4.040,4.060,4.110,4.040,4.060,4.070,19491300,79611148.000,1008000,4.060,588500,4.050,425000,4.040,200100,4.030,431500,4.020,124200,4.070,750300,4.080,753900,4.090,12135
2026-05-19 10:51:53 I 136936 D:\home\apps\api\utils\stock_api.py:65 (get_stock_info)	| [SinaAPI] Request: http://hq.sinajs.cn/list=sh600362, Status: 200
2026-05-19 10:51:53 I 136936 D:\home\apps\api\utils\stock_api.py:66 (get_stock_info)	| [SinaAPI] Response content: var hq_str_sh600362="江西铜业,45.110,45.440,43.770,45.190,43.370,43.760,43.770,23691565,1045714279.000,300,43.760,19900,43.750,700,43.740,2300,43.730,1500,43.720,21500,43.770,1600,43.780,1900,43.790,2300,
2026-05-19 10:51:53 I 136936 D:\home\apps\api\utils\stock_api.py:65 (get_stock_info)	| [SinaAPI] Request: http://hq.sinajs.cn/list=sh600256, Status: 200
2026-05-19 10:51:53 I 136936 D:\home\apps\api\utils\stock_api.py:66 (get_stock_info)	| [SinaAPI] Response content: var hq_str_sh600256="广汇能源,6.460,6.550,6.290,6.460,6.280,6.280,6.290,68236358,432999273.000,1561100,6.280,525900,6.270,643700,6.260,732400,6.250,466200,6.240,283500,6.290,375000,6.300,308800,6.310,1493
2026-05-19 10:51:53 I 136936 D:\home\apps\api\utils\stock_api.py:65 (get_stock_info)	| [SinaAPI] Request: http://hq.sinajs.cn/list=sh600121, Status: 200
2026-05-19 10:51:53 I 136936 D:\home\apps\api\utils\stock_api.py:66 (get_stock_info)	| [SinaAPI] Response content: var hq_str_sh600121="郑州煤电,4.270,4.280,4.310,4.370,4.200,4.300,4.310,35457161,153075914.000,301800,4.300,212500,4.290,374700,4.280,104800,4.270,172600,4.260,5400,4.310,91540,4.320,293900,4.330,481000,4
2026-05-19 10:51:53 I 136936 D:\home\apps\api\utils\stock_api.py:65 (get_stock_info)	| [SinaAPI] Request: http://hq.sinajs.cn/list=sh600116, Status: 200
2026-05-19 10:51:53 I 136936 D:\home\apps\api\utils\stock_api.py:66 (get_stock_info)	| [SinaAPI] Response content: var hq_str_sh600116="三峡水利,6.770,6.770,6.930,6.970,6.710,6.920,6.930,23329826,160704759.000,69300,6.920,118200,6.910,186200,6.900,83700,6.890,104800,6.880,141200,6.930,244600,6.940,436700,6.950,299600,
2026-05-19 10:51:53 I 136936 D:\home\apps\api\utils\stock_api.py:65 (get_stock_info)	| [SinaAPI] Request: http://hq.sinajs.cn/list=sh600111, Status: 200
2026-05-19 10:51:53 I 136936 D:\home\apps\api\utils\stock_api.py:66 (get_stock_info)	| [SinaAPI] Response content: var hq_str_sh600111="北方稀土,51.200,51.700,49.880,51.580,49.500,49.880,49.890,66125532,3316448926.000,700,49.880,3000,49.870,3400,49.860,14200,49.850,2500,49.830,100,49.890,13100,49.900,3500,49.910,4200,
2026-05-19 10:51:54 I 136936 D:\home\apps\api\utils\stock_api.py:65 (get_stock_info)	| [SinaAPI] Request: http://hq.sinajs.cn/list=sh600082, Status: 200
2026-05-19 10:51:54 I 136936 D:\home\apps\api\utils\stock_api.py:66 (get_stock_info)	| [SinaAPI] Response content: var hq_str_sh600082="ST海泰,3.810,3.800,3.810,3.940,3.800,3.800,3.810,10266660,39712558.000,267400,3.800,220800,3.790,53400,3.780,47500,3.770,93500,3.760,28300,3.810,17500,3.830,23300,3.840,31800,3.850,
2026-05-19 10:51:54 I 136936 D:\home\apps\api\utils\stock_api.py:65 (get_stock_info)	| [SinaAPI] Request: http://hq.sinajs.cn/list=sh600081, Status: 200
2026-05-19 10:51:54 I 136936 D:\home\apps\api\utils\stock_api.py:66 (get_stock_info)	| [SinaAPI] Response content: var hq_str_sh600081="东风科技,12.300,12.400,12.360,12.860,12.300,12.360,12.370,7696570,96276462.000,13900,12.360,29900,12.350,10300,12.340,20700,12.330,14800,12.320,10900,12.370,22700,12.380,4300,12.390,6
2026-05-19 10:51:54 I 136936 D:\home\apps\api\utils\stock_api.py:65 (get_stock_info)	| [SinaAPI] Request: http://hq.sinajs.cn/list=sh600031, Status: 200
2026-05-19 10:51:54 I 136936 D:\home\apps\api\utils\stock_api.py:66 (get_stock_info)	| [SinaAPI] Response content: var hq_str_sh600031="三一重工,19.520,19.390,19.070,19.560,19.020,19.070,19.080,35237130,677071813.000,29700,19.070,128800,19.060,134600,19.050,153400,19.040,161600,19.030,72500,19.080,26600,19.090,33200,1
2026-05-19 10:51:54 I 136936 D:\home\apps\api\utils\stock_api.py:65 (get_stock_info)	| [SinaAPI] Request: http://hq.sinajs.cn/list=sz002441, Status: 200
2026-05-19 10:51:54 I 136936 D:\home\apps\api\utils\stock_api.py:66 (get_stock_info)	| [SinaAPI] Response content: var hq_str_sz002441="众业达,10.190,10.210,10.300,10.390,10.150,10.300,10.310,3653900,37653427.000,300,10.300,12400,10.290,12300,10.280,14200,10.270,9800,10.260,8400,10.310,4100,10.320,5500,10.330,11100,1
2026-05-19 10:51:54 I 136936 D:\home\apps\api\utils\stock_api.py:65 (get_stock_info)	| [SinaAPI] Request: http://hq.sinajs.cn/list=sz002424, Status: 200
2026-05-19 10:51:54 I 136936 D:\home\apps\api\utils\stock_api.py:66 (get_stock_info)	| [SinaAPI] Response content: var hq_str_sz002424="ST百灵,4.940,4.860,4.900,5.020,4.900,4.900,4.910,4757800,23510349.000,114800,4.900,210700,4.890,272600,4.880,135500,4.870,60200,4.860,23000,4.910,49600,4.920,99600,4.930,100900,4.94
2026-05-19 10:51:54 I 136936 D:\home\apps\api\utils\stock_api.py:65 (get_stock_info)	| [SinaAPI] Request: http://hq.sinajs.cn/list=sz002408, Status: 200
2026-05-19 10:51:54 I 136936 D:\home\apps\api\utils\stock_api.py:66 (get_stock_info)	| [SinaAPI] Response content: var hq_str_sz002408="齐翔腾达,5.790,5.810,5.690,5.800,5.680,5.680,5.690,12465000,71330144.450,567200,5.680,153100,5.670,268400,5.660,378200,5.650,47300,5.640,3400,5.690,88100,5.700,191950,5.710,143700,5.7
2026-05-19 10:51:54 I 136936 D:\home\apps\api\utils\stock_api.py:65 (get_stock_info)	| [SinaAPI] Request: http://hq.sinajs.cn/list=sz002400, Status: 200
2026-05-19 10:51:54 I 136936 D:\home\apps\api\utils\stock_api.py:66 (get_stock_info)	| [SinaAPI] Response content: var hq_str_sz002400="省广集团,8.900,8.950,9.130,9.300,8.870,9.120,9.130,95329790,873905851.940,8300,9.120,101300,9.110,131300,9.100,241799,9.090,169023,9.080,84700,9.130,28700,9.140,96400,9.150,33200,9.16
2026-05-19 10:51:54 I 136936 D:\home\apps\api\utils\stock_api.py:65 (get_stock_info)	| [SinaAPI] Request: http://hq.sinajs.cn/list=sz002390, Status: 200
2026-05-19 10:51:54 I 136936 D:\home\apps\api\utils\stock_api.py:66 (get_stock_info)	| [SinaAPI] Response content: var hq_str_sz002390="信邦制药,3.150,3.150,3.170,3.190,3.150,3.160,3.170,10969334,34840086.710,775500,3.160,852100,3.150,557900,3.140,302100,3.130,402900,3.120,308600,3.170,679200,3.180,1125700,3.190,10537
2026-05-19 10:51:54 I 136936 D:\home\apps\api\utils\stock_api.py:65 (get_stock_info)	| [SinaAPI] Request: http://hq.sinajs.cn/list=sz002378, Status: 200
2026-05-19 10:51:54 I 136936 D:\home\apps\api\utils\stock_api.py:66 (get_stock_info)	| [SinaAPI] Response content: var hq_str_sz002378="章源钨业,29.950,29.950,28.110,30.000,27.760,28.110,28.120,36758541,1047753160.940,5200,28.110,12400,28.100,300,28.090,6600,28.080,3700,28.070,500,28.120,700,28.130,1200,28.140,6300,28
2026-05-19 10:51:54 I 136936 D:\home\apps\api\utils\stock_api.py:65 (get_stock_info)	| [SinaAPI] Request: http://hq.sinajs.cn/list=sz002374, Status: 200
2026-05-19 10:51:54 I 136936 D:\home\apps\api\utils\stock_api.py:66 (get_stock_info)	| [SinaAPI] Response content: var hq_str_sz002374="中锐股份,3.700,3.910,3.760,3.970,3.660,3.760,3.770,91914177,351096277.470,1800,3.760,39400,3.750,114500,3.740,147800,3.730,226700,3.720,81300,3.770,74800,3.780,97800,3.790,135300,3.80
2026-05-19 10:51:54 I 136936 D:\home\apps\api\utils\stock_api.py:65 (get_stock_info)	| [SinaAPI] Request: http://hq.sinajs.cn/list=sz002372, Status: 200
2026-05-19 10:51:54 I 136936 D:\home\apps\api\utils\stock_api.py:66 (get_stock_info)	| [SinaAPI] Response content: var hq_str_sz002372="伟星新材,10.210,10.210,10.170,10.260,10.150,10.160,10.170,2594600,26475908.000,2500,10.160,77500,10.150,28700,10.140,53500,10.130,62400,10.120,3500,10.170,22300,10.180,21800,10.190,76
2026-05-19 10:51:54 I 136936 D:\home\apps\api\utils\stock_api.py:65 (get_stock_info)	| [SinaAPI] Request: http://hq.sinajs.cn/list=sz002357, Status: 200
2026-05-19 10:51:54 I 136936 D:\home\apps\api\utils\stock_api.py:66 (get_stock_info)	| [SinaAPI] Response content: var hq_str_sz002357="富临运业,11.270,11.270,11.140,11.530,11.130,11.130,11.140,4086100,46250841.000,12300,11.130,8700,11.120,20800,11.110,15400,11.100,400,11.090,6600,11.140,7200,11.160,5700,11.170,3400,1
2026-05-19 10:51:54 I 136936 D:\home\apps\api\utils\stock_api.py:65 (get_stock_info)	| [SinaAPI] Request: http://hq.sinajs.cn/list=sz002330, Status: 200
2026-05-19 10:51:54 I 136936 D:\home\apps\api\utils\stock_api.py:66 (get_stock_info)	| [SinaAPI] Response content: var hq_str_sz002330="得利斯,4.530,4.520,4.460,4.580,4.460,4.460,4.470,6200900,28129705.000,68100,4.460,158000,4.450,38900,4.440,50400,4.430,54000,4.420,53200,4.470,35200,4.480,43600,4.490,10600,4.500,211
2026-05-19 10:51:54 I 136936 D:\home\apps\api\utils\stock_api.py:65 (get_stock_info)	| [SinaAPI] Request: http://hq.sinajs.cn/list=sz002303, Status: 200
2026-05-19 10:51:54 I 136936 D:\home\apps\api\utils\stock_api.py:66 (get_stock_info)	| [SinaAPI] Response content: var hq_str_sz002303="美盈森,3.540,3.540,3.520,3.560,3.500,3.510,3.520,7133900,25200342.000,360800,3.510,639000,3.500,413700,3.490,329200,3.480,39500,3.470,8700,3.520,186100,3.530,167400,3.540,277700,3.55
2026-05-19 10:51:54 I 136936 D:\home\apps\api\utils\stock_api.py:65 (get_stock_info)	| [SinaAPI] Request: http://hq.sinajs.cn/list=sz002282, Status: 200
2026-05-19 10:51:54 I 136936 D:\home\apps\api\utils\stock_api.py:66 (get_stock_info)	| [SinaAPI] Response content: var hq_str_sz002282="博深股份,6.500,6.460,6.520,6.610,6.470,6.510,6.520,2415300,15840365.000,65900,6.510,23200,6.500,10000,6.490,5300,6.480,11600,6.470,13600,6.520,10400,6.530,41500,6.540,12500,6.550,1680
2026-05-19 10:51:54 I 136936 D:\home\apps\api\utils\stock_api.py:65 (get_stock_info)	| [SinaAPI] Request: http://hq.sinajs.cn/list=sz002275, Status: 200
2026-05-19 10:51:54 I 136936 D:\home\apps\api\utils\stock_api.py:66 (get_stock_info)	| [SinaAPI] Response content: var hq_str_sz002275="桂林三金,13.750,13.750,13.850,13.910,13.710,13.840,13.860,915100,12673186.000,4900,13.840,7000,13.830,3000,13.820,5000,13.810,23700,13.800,600,13.860,3000,13.870,29100,13.880,2800,13.
2026-05-19 10:51:54 I 136936 D:\home\apps\api\utils\stock_api.py:65 (get_stock_info)	| [SinaAPI] Request: http://hq.sinajs.cn/list=sz002264, Status: 200
2026-05-19 10:51:54 I 136936 D:\home\apps\api\utils\stock_api.py:66 (get_stock_info)	| [SinaAPI] Response content: var hq_str_sz002264="新 华 都,7.600,7.600,7.580,7.730,7.550,7.570,7.580,7623203,58362924.800,115400,7.570,58800,7.560,102500,7.550,16800,7.540,29200,7.530,60200,7.580,18700,7.590,16500,7.600,22900,7.610,
2026-05-19 10:51:54 I 136936 D:\home\apps\api\utils\stock_api.py:65 (get_stock_info)	| [SinaAPI] Request: http://hq.sinajs.cn/list=sz002175, Status: 200
2026-05-19 10:51:54 I 136936 D:\home\apps\api\utils\stock_api.py:66 (get_stock_info)	| [SinaAPI] Response content: var hq_str_sz002175="*ST东智,2.680,2.820,2.680,2.680,2.680,0.000,2.680,11817800,31671704.000,0,0.000,0,0.000,0,0.000,0,0.000,0,0.000,59178043,2.680,93000,2.690,126100,2.700,147900,2.710,39700,2.720,2026
2026-05-19 10:51:54 I 136936 D:\home\apps\api\utils\stock_api.py:65 (get_stock_info)	| [SinaAPI] Request: http://hq.sinajs.cn/list=sz002174, Status: 200
2026-05-19 10:51:54 I 136936 D:\home\apps\api\utils\stock_api.py:66 (get_stock_info)	| [SinaAPI] Response content: var hq_str_sz002174="游族网络,11.710,11.760,11.580,12.090,11.580,11.580,11.590,27215700,321452300.210,46800,11.580,25400,11.570,61500,11.560,32300,11.550,39000,11.540,8900,11.590,69000,11.600,42500,11.610
2026-05-19 10:51:54 I 136936 D:\home\apps\api\utils\stock_api.py:65 (get_stock_info)	| [SinaAPI] Request: http://hq.sinajs.cn/list=sz002157, Status: 200
2026-05-19 10:51:54 I 136936 D:\home\apps\api\utils\stock_api.py:66 (get_stock_info)	| [SinaAPI] Response content: var hq_str_sz002157="正邦科技,3.330,3.320,3.270,3.360,3.230,3.270,3.280,145774900,478699210.000,1995900,3.270,2464800,3.260,3137100,3.250,3405200,3.240,5157400,3.230,192000,3.280,1131778,3.290,1604300,3.3
2026-05-19 10:51:54 I 136936 D:\home\apps\api\utils\stock_api.py:65 (get_stock_info)	| [SinaAPI] Request: http://hq.sinajs.cn/list=sz002129, Status: 200
2026-05-19 10:51:54 I 136936 D:\home\apps\api\utils\stock_api.py:66 (get_stock_info)	| [SinaAPI] Response content: var hq_str_sz002129="TCL中环,9.380,9.360,9.530,9.650,9.240,9.520,9.530,95195545,900429588.330,84300,9.520,113900,9.510,333500,9.500,11100,9.490,66600,9.480,29700,9.530,52200,9.540,107300,9.550,87400,9.5
2026-05-19 10:51:54 I 136936 D:\home\apps\api\utils\stock_api.py:65 (get_stock_info)	| [SinaAPI] Request: http://hq.sinajs.cn/list=sz002067, Status: 200
2026-05-19 10:51:54 I 136936 D:\home\apps\api\utils\stock_api.py:66 (get_stock_info)	| [SinaAPI] Response content: var hq_str_sz002067="景兴纸业,5.280,4.800,5.280,5.280,5.210,5.280,0.000,78082562,412212595.360,33852016,5.280,435400,5.270,229700,5.260,99600,5.250,138700,5.240,0,0.000,0,0.000,0,0.000,0,0.000,0,0.000,202
2026-05-19 10:51:54 I 136936 D:\home\apps\api\utils\stock_api.py:65 (get_stock_info)	| [SinaAPI] Request: http://hq.sinajs.cn/list=sz002044, Status: 200
2026-05-19 10:51:54 I 136936 D:\home\apps\api\utils\stock_api.py:66 (get_stock_info)	| [SinaAPI] Response content: var hq_str_sz002044="美年健康,6.140,6.120,6.350,6.730,6.120,6.340,6.350,304498106,1975451524.920,484800,6.340,619400,6.330,402500,6.320,841800,6.310,1936500,6.300,103520,6.350,213000,6.360,553200,6.370,12
2026-05-19 10:51:54 I 136936 D:\home\apps\api\utils\stock_api.py:65 (get_stock_info)	| [SinaAPI] Request: http://hq.sinajs.cn/list=sz002043, Status: 200
2026-05-19 10:51:54 I 136936 D:\home\apps\api\utils\stock_api.py:66 (get_stock_info)	| [SinaAPI] Response content: var hq_str_sz002043="兔 宝 宝,13.500,13.720,13.700,13.890,13.330,13.700,13.710,7198743,98797199.810,21700,13.700,5500,13.690,1200,13.680,400,13.670,1500,13.660,900,13.710,30500,13.720,4800,13.730,33500,1
2026-05-19 10:51:54 I 136936 D:\home\apps\api\utils\stock_api.py:65 (get_stock_info)	| [SinaAPI] Request: http://hq.sinajs.cn/list=sz000786, Status: 200
2026-05-19 10:51:54 I 136936 D:\home\apps\api\utils\stock_api.py:66 (get_stock_info)	| [SinaAPI] Response content: var hq_str_sz000786="北新建材,24.630,24.610,24.610,24.740,24.530,24.590,24.610,4449300,109558240.000,35600,24.590,52700,24.580,63600,24.570,42100,24.560,86400,24.550,8700,24.610,10600,24.620,9700,24.630,1
2026-05-19 10:51:54 I 136936 D:\home\apps\api\utils\stock_api.py:65 (get_stock_info)	| [SinaAPI] Request: http://hq.sinajs.cn/list=sz000750, Status: 200
2026-05-19 10:51:54 I 136936 D:\home\apps\api\utils\stock_api.py:66 (get_stock_info)	| [SinaAPI] Response content: var hq_str_sz000750="国海证券,3.790,3.800,3.820,3.850,3.790,3.810,3.820,23216380,88788906.570,1162300,3.810,1671000,3.800,1349400,3.790,1096000,3.780,997500,3.770,479900,3.820,1063400,3.830,1136100,3.840,
2026-05-19 10:51:54 I 136936 D:\home\apps\api\utils\stock_api.py:65 (get_stock_info)	| [SinaAPI] Request: http://hq.sinajs.cn/list=sz000709, Status: 200
2026-05-19 10:51:54 I 136936 D:\home\apps\api\utils\stock_api.py:66 (get_stock_info)	| [SinaAPI] Response content: var hq_str_sz000709="河钢股份,2.240,2.240,2.250,2.260,2.230,2.240,2.250,29530218,66431193.050,11362510,2.240,5527100,2.230,6269000,2.220,2650400,2.210,3715200,2.200,3442200,2.250,8018710,2.260,5434197,2.2
2026-05-19 10:51:54 I 136936 D:\home\apps\api\utils\stock_api.py:65 (get_stock_info)	| [SinaAPI] Request: http://hq.sinajs.cn/list=sz000166, Status: 200
2026-05-19 10:51:54 I 136936 D:\home\apps\api\utils\stock_api.py:66 (get_stock_info)	| [SinaAPI] Response content: var hq_str_sz000166="申万宏源,4.460,4.470,4.470,4.520,4.450,4.470,4.480,43721464,196398334.810,1410300,4.470,1408200,4.460,1662800,4.450,923200,4.440,811100,4.430,1228900,4.480,1123340,4.490,2074900,4.500
2026-05-19 10:51:55 I 136936 D:\home\apps\api\utils\stock_api.py:65 (get_stock_info)	| [SinaAPI] Request: http://hq.sinajs.cn/list=sz000069, Status: 200
2026-05-19 10:51:55 I 136936 D:\home\apps\api\utils\stock_api.py:66 (get_stock_info)	| [SinaAPI] Response content: var hq_str_sz000069="华侨城Ａ,2.070,2.070,2.070,2.100,2.060,2.060,2.070,18337633,38066662.640,1223200,2.060,1288900,2.050,958200,2.040,1283400,2.030,589600,2.020,938104,2.070,1900900,2.080,1428800,2.090,2
2026-05-19 10:52:07 I 136936 D:\home\apps\api\utils\stock_api.py:65 (get_stock_info)	| [SinaAPI] Request: http://hq.sinajs.cn/list=sh601727, Status: 200
2026-05-19 10:52:07 I 136936 D:\home\apps\api\utils\stock_api.py:66 (get_stock_info)	| [SinaAPI] Response content: var hq_str_sh601727="上海电气,9.050,9.020,8.830,9.060,8.760,8.830,8.840,147670171,1307282851.000,117900,8.830,218695,8.820,206800,8.810,669400,8.800,989300,8.790,59900,8.840,265900,8.850,337416,8.860,1961
2026-05-19 10:52:07 I 136936 D:\home\apps\api\utils\stock_api.py:65 (get_stock_info)	| [SinaAPI] Request: http://hq.sinajs.cn/list=sh601588, Status: 200
2026-05-19 10:52:07 I 136936 D:\home\apps\api\utils\stock_api.py:66 (get_stock_info)	| [SinaAPI] Response content: var hq_str_sh601588="北辰实业,1.930,1.930,1.920,1.970,1.910,1.920,1.930,18424600,35691010.000,98300,1.920,1030500,1.910,717700,1.900,478600,1.890,1271800,1.880,1093700,1.930,576200,1.940,519700,1.950,2822
2026-05-19 10:52:07 I 136936 D:\home\apps\api\utils\stock_api.py:65 (get_stock_info)	| [SinaAPI] Request: http://hq.sinajs.cn/list=sh601100, Status: 200
2026-05-19 10:52:07 I 136936 D:\home\apps\api\utils\stock_api.py:66 (get_stock_info)	| [SinaAPI] Response content: var hq_str_sh601100="恒立液压,114.500,113.550,111.900,115.500,111.250,111.920,112.000,3950102,446180127.000,100,111.920,200,111.910,700,111.900,100,111.890,300,111.880,200,112.000,600,112.010,1000,112.020
2026-05-19 10:52:07 I 136936 D:\home\apps\api\utils\stock_api.py:65 (get_stock_info)	| [SinaAPI] Request: http://hq.sinajs.cn/list=sh601059, Status: 200
2026-05-19 10:52:07 I 136936 D:\home\apps\api\utils\stock_api.py:66 (get_stock_info)	| [SinaAPI] Response content: var hq_str_sh601059="信达证券,17.200,16.670,17.100,17.200,17.010,17.090,17.100,17295170,296153484.000,197700,17.090,154500,17.080,58200,17.070,137000,17.060,59200,17.050,70800,17.100,116900,17.110,94800,1
2026-05-19 10:52:07 I 136936 D:\home\apps\api\utils\stock_api.py:65 (get_stock_info)	| [SinaAPI] Request: http://hq.sinajs.cn/list=sh600999, Status: 200
2026-05-19 10:52:07 I 136936 D:\home\apps\api\utils\stock_api.py:66 (get_stock_info)	| [SinaAPI] Response content: var hq_str_sh600999="招商证券,16.090,16.180,16.300,16.460,16.050,16.300,16.310,39765454,649865220.000,48300,16.300,19200,16.290,71800,16.280,91100,16.270,63400,16.260,49500,16.310,12700,16.320,46400,16.33
2026-05-19 10:52:07 I 136936 D:\home\apps\api\utils\stock_api.py:65 (get_stock_info)	| [SinaAPI] Request: http://hq.sinajs.cn/list=sh600936, Status: 200
2026-05-19 10:52:07 I 136936 D:\home\apps\api\utils\stock_api.py:66 (get_stock_info)	| [SinaAPI] Response content: var hq_str_sh600936="北投科技,5.250,5.310,5.840,5.840,5.250,5.840,0.000,58048560,333106466.000,19515300,5.840,99900,5.830,18000,5.820,5400,5.810,113600,5.800,0,0.000,0,0.000,0,0.000,0,0.000,0,0.000,2026-0
2026-05-19 10:52:07 I 136936 D:\home\apps\api\utils\stock_api.py:65 (get_stock_info)	| [SinaAPI] Request: http://hq.sinajs.cn/list=sh600392, Status: 200
2026-05-19 10:52:07 I 136936 D:\home\apps\api\utils\stock_api.py:66 (get_stock_info)	| [SinaAPI] Response content: var hq_str_sh600392="盛和资源,23.950,24.050,23.040,23.990,22.810,23.030,23.040,36681732,850781446.000,2100,23.030,13100,23.020,11900,23.010,58000,23.000,15300,22.990,9700,23.040,21400,23.050,1900,23.060,4
2026-05-19 10:52:07 I 136936 D:\home\apps\api\utils\stock_api.py:65 (get_stock_info)	| [SinaAPI] Request: http://hq.sinajs.cn/list=sh600369, Status: 200
2026-05-19 10:52:07 I 136936 D:\home\apps\api\utils\stock_api.py:66 (get_stock_info)	| [SinaAPI] Response content: var hq_str_sh600369="西南证券,4.050,4.040,4.060,4.110,4.040,4.060,4.070,19505700,79669702.000,1007600,4.060,589500,4.050,425000,4.040,200100,4.030,431500,4.020,153100,4.070,876500,4.080,753900,4.090,12106
2026-05-19 10:52:07 I 136936 D:\home\apps\api\utils\stock_api.py:65 (get_stock_info)	| [SinaAPI] Request: http://hq.sinajs.cn/list=sh600362, Status: 200
2026-05-19 10:52:07 I 136936 D:\home\apps\api\utils\stock_api.py:66 (get_stock_info)	| [SinaAPI] Response content: var hq_str_sh600362="江西铜业,45.110,45.440,43.770,45.190,43.370,43.750,43.770,23704065,1046261351.000,22000,43.750,300,43.740,2400,43.730,1500,43.720,7000,43.700,15000,43.770,2100,43.780,2000,43.790,2000
2026-05-19 10:52:07 I 136936 D:\home\apps\api\utils\stock_api.py:65 (get_stock_info)	| [SinaAPI] Request: http://hq.sinajs.cn/list=sh600256, Status: 200
2026-05-19 10:52:07 I 136936 D:\home\apps\api\utils\stock_api.py:66 (get_stock_info)	| [SinaAPI] Response content: var hq_str_sh600256="广汇能源,6.460,6.550,6.290,6.460,6.280,6.280,6.290,68269258,433206117.000,1559100,6.280,524700,6.270,643700,6.260,734400,6.250,466200,6.240,280870,6.290,365300,6.300,308800,6.310,1493
2026-05-19 10:52:07 I 136936 D:\home\apps\api\utils\stock_api.py:65 (get_stock_info)	| [SinaAPI] Request: http://hq.sinajs.cn/list=sh600121, Status: 200
2026-05-19 10:52:07 I 136936 D:\home\apps\api\utils\stock_api.py:66 (get_stock_info)	| [SinaAPI] Response content: var hq_str_sh600121="郑州煤电,4.270,4.280,4.310,4.370,4.200,4.300,4.310,35522361,153356461.000,267300,4.300,212500,4.290,374700,4.280,104800,4.270,177600,4.260,13800,4.310,96840,4.320,293200,4.330,481000,
2026-05-19 10:52:07 I 136936 D:\home\apps\api\utils\stock_api.py:65 (get_stock_info)	| [SinaAPI] Request: http://hq.sinajs.cn/list=sh600116, Status: 200
2026-05-19 10:52:07 I 136936 D:\home\apps\api\utils\stock_api.py:66 (get_stock_info)	| [SinaAPI] Response content: var hq_str_sh600116="三峡水利,6.770,6.770,6.920,6.970,6.710,6.910,6.920,23401826,161202999.000,122800,6.910,186200,6.900,93700,6.890,104800,6.880,78200,6.870,9400,6.920,142600,6.930,250100,6.940,435700,6.
2026-05-19 10:52:07 I 136936 D:\home\apps\api\utils\stock_api.py:65 (get_stock_info)	| [SinaAPI] Request: http://hq.sinajs.cn/list=sh600111, Status: 200
2026-05-19 10:52:07 I 136936 D:\home\apps\api\utils\stock_api.py:66 (get_stock_info)	| [SinaAPI] Response content: var hq_str_sh600111="北方稀土,51.200,51.700,49.890,51.580,49.500,49.890,49.900,66142432,3317292019.000,4100,49.890,2500,49.880,2500,49.870,3900,49.860,14600,49.850,12700,49.900,3500,49.910,4200,49.920,180
2026-05-19 10:52:08 I 136936 D:\home\apps\api\utils\stock_api.py:65 (get_stock_info)	| [SinaAPI] Request: http://hq.sinajs.cn/list=sh600082, Status: 200
2026-05-19 10:52:08 I 136936 D:\home\apps\api\utils\stock_api.py:66 (get_stock_info)	| [SinaAPI] Response content: var hq_str_sh600082="ST海泰,3.810,3.800,3.810,3.940,3.800,3.800,3.810,10266660,39712558.000,267400,3.800,220800,3.790,53400,3.780,47500,3.770,93500,3.760,28300,3.810,17500,3.830,23300,3.840,31800,3.850,
2026-05-19 10:52:08 I 136936 D:\home\apps\api\utils\stock_api.py:65 (get_stock_info)	| [SinaAPI] Request: http://hq.sinajs.cn/list=sh600081, Status: 200
2026-05-19 10:52:08 I 136936 D:\home\apps\api\utils\stock_api.py:66 (get_stock_info)	| [SinaAPI] Response content: var hq_str_sh600081="东风科技,12.300,12.400,12.360,12.860,12.300,12.360,12.370,7696870,96280170.000,14300,12.360,29900,12.350,10300,12.340,20700,12.330,14800,12.320,10900,12.370,22900,12.380,4100,12.390,6
2026-05-19 10:52:08 I 136936 D:\home\apps\api\utils\stock_api.py:65 (get_stock_info)	| [SinaAPI] Request: http://hq.sinajs.cn/list=sh600031, Status: 200
2026-05-19 10:52:08 I 136936 D:\home\apps\api\utils\stock_api.py:66 (get_stock_info)	| [SinaAPI] Response content: var hq_str_sh600031="三一重工,19.520,19.390,19.070,19.560,19.020,19.070,19.080,35261830,677542899.000,29000,19.070,129800,19.060,137100,19.050,154500,19.040,163000,19.030,97800,19.080,16500,19.090,33200,1
2026-05-19 10:52:08 I 136936 D:\home\apps\api\utils\stock_api.py:65 (get_stock_info)	| [SinaAPI] Request: http://hq.sinajs.cn/list=sz002441, Status: 200
2026-05-19 10:52:08 I 136936 D:\home\apps\api\utils\stock_api.py:66 (get_stock_info)	| [SinaAPI] Response content: var hq_str_sz002441="众业达,10.190,10.210,10.300,10.390,10.150,10.300,10.310,3656600,37681246.000,8300,10.300,12400,10.290,12300,10.280,14200,10.270,9800,10.260,9900,10.310,4100,10.320,5500,10.330,11100,
2026-05-19 10:52:08 I 136936 D:\home\apps\api\utils\stock_api.py:65 (get_stock_info)	| [SinaAPI] Request: http://hq.sinajs.cn/list=sz002424, Status: 200
2026-05-19 10:52:08 I 136936 D:\home\apps\api\utils\stock_api.py:66 (get_stock_info)	| [SinaAPI] Response content: var hq_str_sz002424="ST百灵,4.940,4.860,4.900,5.020,4.900,4.900,4.910,4758100,23511819.000,114500,4.900,210700,4.890,272600,4.880,135500,4.870,60200,4.860,23000,4.910,49600,4.920,99600,4.930,100900,4.94
2026-05-19 10:52:08 I 136936 D:\home\apps\api\utils\stock_api.py:65 (get_stock_info)	| [SinaAPI] Request: http://hq.sinajs.cn/list=sz002408, Status: 200
2026-05-19 10:52:08 I 136936 D:\home\apps\api\utils\stock_api.py:66 (get_stock_info)	| [SinaAPI] Response content: var hq_str_sz002408="齐翔腾达,5.790,5.810,5.690,5.800,5.680,5.680,5.690,12480200,71416632.450,567200,5.680,153100,5.670,279900,5.660,378200,5.650,47300,5.640,500,5.690,46500,5.700,189150,5.710,143700,5.72
2026-05-19 10:52:08 I 136936 D:\home\apps\api\utils\stock_api.py:65 (get_stock_info)	| [SinaAPI] Request: http://hq.sinajs.cn/list=sz002400, Status: 200
2026-05-19 10:52:08 I 136936 D:\home\apps\api\utils\stock_api.py:66 (get_stock_info)	| [SinaAPI] Response content: var hq_str_sz002400="省广集团,8.900,8.950,9.120,9.300,8.870,9.120,9.130,95363390,874212608.940,32400,9.120,108200,9.110,137400,9.100,250099,9.090,166623,9.080,58700,9.130,34900,9.140,93900,9.150,33200,9.1
2026-05-19 10:52:08 I 136936 D:\home\apps\api\utils\stock_api.py:65 (get_stock_info)	| [SinaAPI] Request: http://hq.sinajs.cn/list=sz002390, Status: 200
2026-05-19 10:52:08 I 136936 D:\home\apps\api\utils\stock_api.py:66 (get_stock_info)	| [SinaAPI] Response content: var hq_str_sz002390="信邦制药,3.150,3.150,3.170,3.190,3.150,3.160,3.170,10969934,34841988.710,780600,3.160,852100,3.150,557900,3.140,302100,3.130,402900,3.120,315800,3.170,679200,3.180,1125700,3.190,10537
2026-05-19 10:52:08 I 136936 D:\home\apps\api\utils\stock_api.py:65 (get_stock_info)	| [SinaAPI] Request: http://hq.sinajs.cn/list=sz002378, Status: 200
2026-05-19 10:52:08 I 136936 D:\home\apps\api\utils\stock_api.py:66 (get_stock_info)	| [SinaAPI] Response content: var hq_str_sz002378="章源钨业,29.950,29.950,28.120,30.000,27.760,28.110,28.120,36774241,1048194757.940,4200,28.110,17500,28.100,800,28.090,6500,28.080,3200,28.070,14400,28.120,500,28.140,6700,28.150,400,2
2026-05-19 10:52:08 I 136936 D:\home\apps\api\utils\stock_api.py:65 (get_stock_info)	| [SinaAPI] Request: http://hq.sinajs.cn/list=sz002374, Status: 200
2026-05-19 10:52:08 I 136936 D:\home\apps\api\utils\stock_api.py:66 (get_stock_info)	| [SinaAPI] Response content: var hq_str_sz002374="中锐股份,3.700,3.910,3.760,3.970,3.660,3.760,3.770,91937877,351185393.470,7900,3.760,97300,3.750,117500,3.740,147900,3.730,230400,3.720,92200,3.770,88800,3.780,97800,3.790,136800,3.80
2026-05-19 10:52:08 I 136936 D:\home\apps\api\utils\stock_api.py:65 (get_stock_info)	| [SinaAPI] Request: http://hq.sinajs.cn/list=sz002372, Status: 200
2026-05-19 10:52:08 I 136936 D:\home\apps\api\utils\stock_api.py:66 (get_stock_info)	| [SinaAPI] Response content: var hq_str_sz002372="伟星新材,10.210,10.210,10.160,10.260,10.150,10.160,10.170,2596000,26490132.000,3900,10.160,76900,10.150,28700,10.140,53500,10.130,62400,10.120,4300,10.170,22300,10.180,21800,10.190,76
2026-05-19 10:52:08 I 136936 D:\home\apps\api\utils\stock_api.py:65 (get_stock_info)	| [SinaAPI] Request: http://hq.sinajs.cn/list=sz002357, Status: 200
2026-05-19 10:52:08 I 136936 D:\home\apps\api\utils\stock_api.py:66 (get_stock_info)	| [SinaAPI] Response content: var hq_str_sz002357="富临运业,11.270,11.270,11.140,11.530,11.130,11.130,11.140,4086100,46250841.000,12300,11.130,8700,11.120,20800,11.110,15400,11.100,400,11.090,6600,11.140,4700,11.160,5700,11.170,3400,1
2026-05-19 10:52:08 I 136936 D:\home\apps\api\utils\stock_api.py:65 (get_stock_info)	| [SinaAPI] Request: http://hq.sinajs.cn/list=sz002330, Status: 200
2026-05-19 10:52:08 I 136936 D:\home\apps\api\utils\stock_api.py:66 (get_stock_info)	| [SinaAPI] Response content: var hq_str_sz002330="得利斯,4.530,4.520,4.460,4.580,4.460,4.460,4.470,6202000,28134611.000,67000,4.460,158000,4.450,38900,4.440,50400,4.430,54000,4.420,52300,4.470,35200,4.480,43600,4.490,10600,4.500,211
2026-05-19 10:52:08 I 136936 D:\home\apps\api\utils\stock_api.py:65 (get_stock_info)	| [SinaAPI] Request: http://hq.sinajs.cn/list=sz002303, Status: 200
2026-05-19 10:52:08 I 136936 D:\home\apps\api\utils\stock_api.py:66 (get_stock_info)	| [SinaAPI] Response content: var hq_str_sz002303="美盈森,3.540,3.540,3.520,3.560,3.500,3.520,3.530,7142800,25231670.000,22100,3.520,358100,3.510,639000,3.500,413700,3.490,329200,3.480,182800,3.530,167400,3.540,277700,3.550,587400,3.
2026-05-19 10:52:08 I 136936 D:\home\apps\api\utils\stock_api.py:65 (get_stock_info)	| [SinaAPI] Request: http://hq.sinajs.cn/list=sz002282, Status: 200
2026-05-19 10:52:08 I 136936 D:\home\apps\api\utils\stock_api.py:66 (get_stock_info)	| [SinaAPI] Response content: var hq_str_sz002282="博深股份,6.500,6.460,6.520,6.610,6.470,6.510,6.520,2415400,15841017.000,65800,6.510,23200,6.500,10000,6.490,10300,6.480,11600,6.470,13500,6.520,10400,6.530,41500,6.540,12500,6.550,168
2026-05-19 10:52:08 I 136936 D:\home\apps\api\utils\stock_api.py:65 (get_stock_info)	| [SinaAPI] Request: http://hq.sinajs.cn/list=sz002275, Status: 200
2026-05-19 10:52:08 I 136936 D:\home\apps\api\utils\stock_api.py:66 (get_stock_info)	| [SinaAPI] Response content: var hq_str_sz002275="桂林三金,13.750,13.750,13.850,13.910,13.710,13.840,13.860,915100,12673186.000,4900,13.840,7700,13.830,3000,13.820,5000,13.810,23700,13.800,1000,13.860,3000,13.870,29100,13.880,2800,13
2026-05-19 10:52:08 I 136936 D:\home\apps\api\utils\stock_api.py:65 (get_stock_info)	| [SinaAPI] Request: http://hq.sinajs.cn/list=sz002264, Status: 200
2026-05-19 10:52:08 I 136936 D:\home\apps\api\utils\stock_api.py:66 (get_stock_info)	| [SinaAPI] Response content: var hq_str_sz002264="新 华 都,7.600,7.600,7.580,7.730,7.550,7.570,7.580,7623603,58365956.800,118100,7.570,58800,7.560,102500,7.550,17000,7.540,29200,7.530,55800,7.580,18700,7.590,16500,7.600,22900,7.610,
2026-05-19 10:52:08 I 136936 D:\home\apps\api\utils\stock_api.py:65 (get_stock_info)	| [SinaAPI] Request: http://hq.sinajs.cn/list=sz002175, Status: 200
2026-05-19 10:52:08 I 136936 D:\home\apps\api\utils\stock_api.py:66 (get_stock_info)	| [SinaAPI] Response content: var hq_str_sz002175="*ST东智,2.680,2.820,2.680,2.680,2.680,0.000,2.680,11817800,31671704.000,0,0.000,0,0.000,0,0.000,0,0.000,0,0.000,59178843,2.680,93000,2.690,126100,2.700,147900,2.710,39700,2.720,2026
2026-05-19 10:52:08 I 136936 D:\home\apps\api\utils\stock_api.py:65 (get_stock_info)	| [SinaAPI] Request: http://hq.sinajs.cn/list=sz002174, Status: 200
2026-05-19 10:52:08 I 136936 D:\home\apps\api\utils\stock_api.py:66 (get_stock_info)	| [SinaAPI] Response content: var hq_str_sz002174="游族网络,11.710,11.760,11.580,12.090,11.580,11.580,11.590,27350400,323012232.210,3000,11.580,27800,11.570,66500,11.560,34900,11.550,41300,11.540,28400,11.590,46000,11.600,43500,11.610
2026-05-19 10:52:08 I 136936 D:\home\apps\api\utils\stock_api.py:65 (get_stock_info)	| [SinaAPI] Request: http://hq.sinajs.cn/list=sz002157, Status: 200
2026-05-19 10:52:08 I 136936 D:\home\apps\api\utils\stock_api.py:66 (get_stock_info)	| [SinaAPI] Response content: var hq_str_sz002157="正邦科技,3.330,3.320,3.270,3.360,3.230,3.270,3.280,145786700,478737798.000,1931600,3.270,2429000,3.260,3140200,3.250,3395900,3.240,5157400,3.230,207400,3.280,1131178,3.290,1594900,3.3
2026-05-19 10:52:08 I 136936 D:\home\apps\api\utils\stock_api.py:65 (get_stock_info)	| [SinaAPI] Request: http://hq.sinajs.cn/list=sz002129, Status: 200
2026-05-19 10:52:08 I 136936 D:\home\apps\api\utils\stock_api.py:66 (get_stock_info)	| [SinaAPI] Response content: var hq_str_sz002129="TCL中环,9.380,9.360,9.520,9.650,9.240,9.520,9.530,95226045,900720034.330,84200,9.520,100700,9.510,333200,9.500,18100,9.490,69100,9.480,80000,9.530,51900,9.540,78500,9.550,86400,9.56
2026-05-19 10:52:08 I 136936 D:\home\apps\api\utils\stock_api.py:65 (get_stock_info)	| [SinaAPI] Request: http://hq.sinajs.cn/list=sz002067, Status: 200
2026-05-19 10:52:08 I 136936 D:\home\apps\api\utils\stock_api.py:66 (get_stock_info)	| [SinaAPI] Response content: var hq_str_sz002067="景兴纸业,5.280,4.800,5.280,5.280,5.210,5.280,0.000,78088462,412243747.360,33848716,5.280,435400,5.270,229700,5.260,99600,5.250,138700,5.240,0,0.000,0,0.000,0,0.000,0,0.000,0,0.000,202
2026-05-19 10:52:08 I 136936 D:\home\apps\api\utils\stock_api.py:65 (get_stock_info)	| [SinaAPI] Request: http://hq.sinajs.cn/list=sz002044, Status: 200
2026-05-19 10:52:08 I 136936 D:\home\apps\api\utils\stock_api.py:66 (get_stock_info)	| [SinaAPI] Response content: var hq_str_sz002044="美年健康,6.140,6.120,6.350,6.730,6.120,6.340,6.350,304614306,1976188580.920,422600,6.340,659000,6.330,414300,6.320,850800,6.310,1906400,6.300,140120,6.350,243600,6.360,530000,6.370,12
2026-05-19 10:52:08 I 136936 D:\home\apps\api\utils\stock_api.py:65 (get_stock_info)	| [SinaAPI] Request: http://hq.sinajs.cn/list=sz002043, Status: 200
2026-05-19 10:52:08 I 136936 D:\home\apps\api\utils\stock_api.py:66 (get_stock_info)	| [SinaAPI] Response content: var hq_str_sz002043="兔 宝 宝,13.500,13.720,13.710,13.890,13.330,13.700,13.710,7205943,98895913.810,20500,13.700,6100,13.690,1200,13.680,400,13.670,1500,13.660,3500,13.710,16900,13.720,4100,13.730,32800,
2026-05-19 10:52:08 I 136936 D:\home\apps\api\utils\stock_api.py:65 (get_stock_info)	| [SinaAPI] Request: http://hq.sinajs.cn/list=sz000786, Status: 200
2026-05-19 10:52:08 I 136936 D:\home\apps\api\utils\stock_api.py:66 (get_stock_info)	| [SinaAPI] Response content: var hq_str_sz000786="北新建材,24.630,24.610,24.600,24.740,24.530,24.600,24.610,4450100,109577918.000,400,24.600,35500,24.590,52000,24.580,63600,24.570,42100,24.560,9200,24.610,10600,24.620,9700,24.630,184
2026-05-19 10:52:08 I 136936 D:\home\apps\api\utils\stock_api.py:65 (get_stock_info)	| [SinaAPI] Request: http://hq.sinajs.cn/list=sz000750, Status: 200
2026-05-19 10:52:08 I 136936 D:\home\apps\api\utils\stock_api.py:66 (get_stock_info)	| [SinaAPI] Response content: var hq_str_sz000750="国海证券,3.790,3.800,3.810,3.850,3.790,3.810,3.820,23218380,88796534.570,1161300,3.810,1671000,3.800,1349400,3.790,1096000,3.780,998700,3.770,496300,3.820,1063400,3.830,1136100,3.840,
2026-05-19 10:52:08 I 136936 D:\home\apps\api\utils\stock_api.py:65 (get_stock_info)	| [SinaAPI] Request: http://hq.sinajs.cn/list=sz000709, Status: 200
2026-05-19 10:52:08 I 136936 D:\home\apps\api\utils\stock_api.py:66 (get_stock_info)	| [SinaAPI] Response content: var hq_str_sz000709="河钢股份,2.240,2.240,2.240,2.260,2.230,2.240,2.250,29579818,66542524.050,11335610,2.240,5527100,2.230,6269000,2.220,2650400,2.210,3715200,2.200,3440800,2.250,8008410,2.260,5434197,2.2
2026-05-19 10:52:08 I 136936 D:\home\apps\api\utils\stock_api.py:65 (get_stock_info)	| [SinaAPI] Request: http://hq.sinajs.cn/list=sz000166, Status: 200
2026-05-19 10:52:08 I 136936 D:\home\apps\api\utils\stock_api.py:66 (get_stock_info)	| [SinaAPI] Response content: var hq_str_sz000166="申万宏源,4.460,4.470,4.470,4.520,4.450,4.470,4.480,43728264,196428774.810,1576600,4.470,1407200,4.460,1670900,4.450,944400,4.440,813900,4.430,999500,4.480,1123040,4.490,2084900,4.500,
2026-05-19 10:52:09 I 136936 D:\home\apps\api\utils\stock_api.py:65 (get_stock_info)	| [SinaAPI] Request: http://hq.sinajs.cn/list=sz000069, Status: 200
2026-05-19 10:52:09 I 136936 D:\home\apps\api\utils\stock_api.py:66 (get_stock_info)	| [SinaAPI] Response content: var hq_str_sz000069="华侨城Ａ,2.070,2.070,2.070,2.100,2.060,2.060,2.070,18337633,38066662.640,1228700,2.060,1188900,2.050,960200,2.040,1286300,2.030,589600,2.020,941104,2.070,1902900,2.080,1428800,2.090,2
2026-05-19 10:52:09 I 136936 D:\home\apps\api\utils\stock_api.py:65 (get_stock_info)	| [SinaAPI] Request: http://hq.sinajs.cn/list=sh601727, Status: 200
2026-05-19 10:52:09 I 136936 D:\home\apps\api\utils\stock_api.py:66 (get_stock_info)	| [SinaAPI] Response content: var hq_str_sh601727="上海电气,9.050,9.020,8.830,9.060,8.760,8.830,8.840,147725271,1307769909.000,109900,8.830,218695,8.820,206800,8.810,680900,8.800,989300,8.790,13600,8.840,262600,8.850,337416,8.860,1961
2026-05-19 10:52:09 I 136936 D:\home\apps\api\utils\stock_api.py:65 (get_stock_info)	| [SinaAPI] Request: http://hq.sinajs.cn/list=sh601588, Status: 200
2026-05-19 10:52:09 I 136936 D:\home\apps\api\utils\stock_api.py:66 (get_stock_info)	| [SinaAPI] Response content: var hq_str_sh601588="北辰实业,1.930,1.930,1.920,1.970,1.910,1.920,1.930,18424600,35691010.000,105700,1.920,1002600,1.910,717700,1.900,478600,1.890,1271800,1.880,1093700,1.930,576200,1.940,519700,1.950,282
2026-05-19 10:52:09 I 136936 D:\home\apps\api\utils\stock_api.py:65 (get_stock_info)	| [SinaAPI] Request: http://hq.sinajs.cn/list=sh601100, Status: 200
2026-05-19 10:52:09 I 136936 D:\home\apps\api\utils\stock_api.py:66 (get_stock_info)	| [SinaAPI] Response content: var hq_str_sh601100="恒立液压,114.500,113.550,112.000,115.500,111.250,111.900,112.000,3950602,446236091.000,600,111.900,100,111.890,300,111.880,200,111.870,400,111.860,700,112.000,700,112.010,900,112.020,
2026-05-19 10:52:09 I 136936 D:\home\apps\api\utils\stock_api.py:65 (get_stock_info)	| [SinaAPI] Request: http://hq.sinajs.cn/list=sh601059, Status: 200
2026-05-19 10:52:09 I 136936 D:\home\apps\api\utils\stock_api.py:66 (get_stock_info)	| [SinaAPI] Response content: var hq_str_sh601059="信达证券,17.200,16.670,17.100,17.200,17.010,17.090,17.100,17295170,296153484.000,197700,17.090,154500,17.080,58200,17.070,137000,17.060,59200,17.050,56700,17.100,91500,17.110,94800,17
2026-05-19 10:52:09 I 136936 D:\home\apps\api\utils\stock_api.py:65 (get_stock_info)	| [SinaAPI] Request: http://hq.sinajs.cn/list=sh600999, Status: 200
2026-05-19 10:52:09 I 136936 D:\home\apps\api\utils\stock_api.py:66 (get_stock_info)	| [SinaAPI] Response content: var hq_str_sh600999="招商证券,16.090,16.180,16.300,16.460,16.050,16.300,16.310,39765454,649865220.000,48300,16.300,19200,16.290,71800,16.280,91100,16.270,63400,16.260,49500,16.310,12700,16.320,46400,16.33
2026-05-19 10:52:09 I 136936 D:\home\apps\api\utils\stock_api.py:65 (get_stock_info)	| [SinaAPI] Request: http://hq.sinajs.cn/list=sh600936, Status: 200
2026-05-19 10:52:09 I 136936 D:\home\apps\api\utils\stock_api.py:66 (get_stock_info)	| [SinaAPI] Response content: var hq_str_sh600936="北投科技,5.250,5.310,5.840,5.840,5.250,5.840,0.000,58048560,333106466.000,19515300,5.840,99900,5.830,18000,5.820,5400,5.810,113600,5.800,0,0.000,0,0.000,0,0.000,0,0.000,0,0.000,2026-0
2026-05-19 10:52:09 I 136936 D:\home\apps\api\utils\stock_api.py:65 (get_stock_info)	| [SinaAPI] Request: http://hq.sinajs.cn/list=sh600392, Status: 200
2026-05-19 10:52:09 I 136936 D:\home\apps\api\utils\stock_api.py:66 (get_stock_info)	| [SinaAPI] Response content: var hq_str_sh600392="盛和资源,23.950,24.050,23.040,23.990,22.810,23.030,23.040,36681732,850781446.000,2100,23.030,13100,23.020,11900,23.010,58000,23.000,15300,22.990,9700,23.040,21400,23.050,1900,23.060,4
2026-05-19 10:52:09 I 136936 D:\home\apps\api\utils\stock_api.py:65 (get_stock_info)	| [SinaAPI] Request: http://hq.sinajs.cn/list=sh600369, Status: 200
2026-05-19 10:52:09 I 136936 D:\home\apps\api\utils\stock_api.py:66 (get_stock_info)	| [SinaAPI] Response content: var hq_str_sh600369="西南证券,4.050,4.040,4.070,4.110,4.040,4.060,4.070,19506100,79671330.000,1009100,4.060,589500,4.050,425000,4.040,200100,4.030,431500,4.020,159500,4.070,876500,4.080,753900,4.090,12106
2026-05-19 10:52:09 I 136936 D:\home\apps\api\utils\stock_api.py:65 (get_stock_info)	| [SinaAPI] Request: http://hq.sinajs.cn/list=sh600362, Status: 200
2026-05-19 10:52:09 I 136936 D:\home\apps\api\utils\stock_api.py:66 (get_stock_info)	| [SinaAPI] Response content: var hq_str_sh600362="江西铜业,45.110,45.440,43.750,45.190,43.370,43.750,43.760,23705365,1046318227.000,20800,43.750,300,43.740,2400,43.730,1500,43.720,7000,43.700,100,43.760,15300,43.770,2300,43.780,2000,
2026-05-19 10:52:09 I 136936 D:\home\apps\api\utils\stock_api.py:65 (get_stock_info)	| [SinaAPI] Request: http://hq.sinajs.cn/list=sh600256, Status: 200
2026-05-19 10:52:09 I 136936 D:\home\apps\api\utils\stock_api.py:66 (get_stock_info)	| [SinaAPI] Response content: var hq_str_sh600256="广汇能源,6.460,6.550,6.290,6.460,6.280,6.280,6.290,68269258,433206117.000,1559100,6.280,524700,6.270,643700,6.260,734400,6.250,466200,6.240,280870,6.290,365300,6.300,308800,6.310,1493
2026-05-19 10:52:09 I 136936 D:\home\apps\api\utils\stock_api.py:65 (get_stock_info)	| [SinaAPI] Request: http://hq.sinajs.cn/list=sh600121, Status: 200
2026-05-19 10:52:09 I 136936 D:\home\apps\api\utils\stock_api.py:66 (get_stock_info)	| [SinaAPI] Response content: var hq_str_sh600121="郑州煤电,4.270,4.280,4.310,4.370,4.200,4.300,4.310,35522361,153356461.000,267300,4.300,212500,4.290,374700,4.280,104800,4.270,177600,4.260,34400,4.310,96840,4.320,293200,4.330,481000,
2026-05-19 10:52:09 I 136936 D:\home\apps\api\utils\stock_api.py:65 (get_stock_info)	| [SinaAPI] Request: http://hq.sinajs.cn/list=sh600116, Status: 200
2026-05-19 10:52:09 I 136936 D:\home\apps\api\utils\stock_api.py:66 (get_stock_info)	| [SinaAPI] Response content: var hq_str_sh600116="三峡水利,6.770,6.770,6.920,6.970,6.710,6.910,6.920,23401826,161202999.000,122800,6.910,186200,6.900,93700,6.890,104800,6.880,78200,6.870,9400,6.920,142600,6.930,250100,6.940,435700,6.
2026-05-19 10:52:09 I 136936 D:\home\apps\api\utils\stock_api.py:65 (get_stock_info)	| [SinaAPI] Request: http://hq.sinajs.cn/list=sh600111, Status: 200
2026-05-19 10:52:09 I 136936 D:\home\apps\api\utils\stock_api.py:66 (get_stock_info)	| [SinaAPI] Response content: var hq_str_sh600111="北方稀土,51.200,51.700,49.890,51.580,49.500,49.890,49.900,66142432,3317292019.000,4100,49.890,2500,49.880,2500,49.870,3900,49.860,14600,49.850,12700,49.900,3500,49.910,4200,49.920,180
2026-05-19 10:52:09 I 136936 D:\home\apps\api\utils\stock_api.py:65 (get_stock_info)	| [SinaAPI] Request: http://hq.sinajs.cn/list=sh600082, Status: 200
2026-05-19 10:52:09 I 136936 D:\home\apps\api\utils\stock_api.py:66 (get_stock_info)	| [SinaAPI] Response content: var hq_str_sh600082="ST海泰,3.810,3.800,3.810,3.940,3.800,3.800,3.810,10266660,39712558.000,267900,3.800,220800,3.790,53400,3.780,47500,3.770,93500,3.760,28300,3.810,17500,3.830,23300,3.840,31800,3.850,
2026-05-19 10:52:09 I 136936 D:\home\apps\api\utils\stock_api.py:65 (get_stock_info)	| [SinaAPI] Request: http://hq.sinajs.cn/list=sh600081, Status: 200
2026-05-19 10:52:09 I 136936 D:\home\apps\api\utils\stock_api.py:66 (get_stock_info)	| [SinaAPI] Response content: var hq_str_sh600081="东风科技,12.300,12.400,12.360,12.860,12.300,12.360,12.370,7696870,96280170.000,14300,12.360,29900,12.350,10300,12.340,20700,12.330,14800,12.320,11100,12.370,22900,12.380,4100,12.390,6
2026-05-19 10:52:09 I 136936 D:\home\apps\api\utils\stock_api.py:65 (get_stock_info)	| [SinaAPI] Request: http://hq.sinajs.cn/list=sh600031, Status: 200
2026-05-19 10:52:09 I 136936 D:\home\apps\api\utils\stock_api.py:66 (get_stock_info)	| [SinaAPI] Response content: var hq_str_sh600031="三一重工,19.520,19.390,19.080,19.560,19.020,19.070,19.080,35262830,677561979.000,29900,19.070,129800,19.060,137100,19.050,154500,19.040,163000,19.030,96800,19.080,16500,19.090,33200,1
2026-05-19 10:52:09 I 136936 D:\home\apps\api\utils\stock_api.py:65 (get_stock_info)	| [SinaAPI] Request: http://hq.sinajs.cn/list=sz002441, Status: 200
2026-05-19 10:52:09 I 136936 D:\home\apps\api\utils\stock_api.py:66 (get_stock_info)	| [SinaAPI] Response content: var hq_str_sz002441="众业达,10.190,10.210,10.300,10.390,10.150,10.300,10.310,3656600,37681246.000,8300,10.300,12400,10.290,12300,10.280,14200,10.270,9800,10.260,9900,10.310,4100,10.320,5500,10.330,11100,
2026-05-19 10:52:09 I 136936 D:\home\apps\api\utils\stock_api.py:65 (get_stock_info)	| [SinaAPI] Request: http://hq.sinajs.cn/list=sz002424, Status: 200
2026-05-19 10:52:09 I 136936 D:\home\apps\api\utils\stock_api.py:66 (get_stock_info)	| [SinaAPI] Response content: var hq_str_sz002424="ST百灵,4.940,4.860,4.900,5.020,4.900,4.900,4.910,4758100,23511819.000,114500,4.900,210700,4.890,272600,4.880,135500,4.870,60200,4.860,23000,4.910,49600,4.920,99600,4.930,100900,4.94
2026-05-19 10:52:09 I 136936 D:\home\apps\api\utils\stock_api.py:65 (get_stock_info)	| [SinaAPI] Request: http://hq.sinajs.cn/list=sz002408, Status: 200
2026-05-19 10:52:09 I 136936 D:\home\apps\api\utils\stock_api.py:66 (get_stock_info)	| [SinaAPI] Response content: var hq_str_sz002408="齐翔腾达,5.790,5.810,5.690,5.800,5.680,5.680,5.690,12480200,71416632.450,567200,5.680,153100,5.670,279900,5.660,378200,5.650,47300,5.640,500,5.690,46500,5.700,189150,5.710,143700,5.72
2026-05-19 10:52:09 I 136936 D:\home\apps\api\utils\stock_api.py:65 (get_stock_info)	| [SinaAPI] Request: http://hq.sinajs.cn/list=sz002400, Status: 200
2026-05-19 10:52:09 I 136936 D:\home\apps\api\utils\stock_api.py:66 (get_stock_info)	| [SinaAPI] Response content: var hq_str_sz002400="省广集团,8.900,8.950,9.120,9.300,8.870,9.120,9.130,95363390,874212608.940,32400,9.120,108200,9.110,137400,9.100,250099,9.090,166623,9.080,58700,9.130,34900,9.140,93900,9.150,33200,9.1
2026-05-19 10:52:09 I 136936 D:\home\apps\api\utils\stock_api.py:65 (get_stock_info)	| [SinaAPI] Request: http://hq.sinajs.cn/list=sz002390, Status: 200
2026-05-19 10:52:09 I 136936 D:\home\apps\api\utils\stock_api.py:66 (get_stock_info)	| [SinaAPI] Response content: var hq_str_sz002390="信邦制药,3.150,3.150,3.170,3.190,3.150,3.160,3.170,10969934,34841988.710,780600,3.160,852100,3.150,557900,3.140,302100,3.130,402900,3.120,315800,3.170,679200,3.180,1125700,3.190,10537
2026-05-19 10:52:10 I 136936 D:\home\apps\api\utils\stock_api.py:65 (get_stock_info)	| [SinaAPI] Request: http://hq.sinajs.cn/list=sz002378, Status: 200
2026-05-19 10:52:10 I 136936 D:\home\apps\api\utils\stock_api.py:66 (get_stock_info)	| [SinaAPI] Response content: var hq_str_sz002378="章源钨业,29.950,29.950,28.120,30.000,27.760,28.110,28.120,36774241,1048194757.940,4200,28.110,17500,28.100,800,28.090,6500,28.080,3200,28.070,14400,28.120,500,28.140,6700,28.150,400,2
2026-05-19 10:52:10 I 136936 D:\home\apps\api\utils\stock_api.py:65 (get_stock_info)	| [SinaAPI] Request: http://hq.sinajs.cn/list=sz002374, Status: 200
2026-05-19 10:52:10 I 136936 D:\home\apps\api\utils\stock_api.py:66 (get_stock_info)	| [SinaAPI] Response content: var hq_str_sz002374="中锐股份,3.700,3.910,3.760,3.970,3.660,3.760,3.770,91937877,351185393.470,7900,3.760,97300,3.750,117500,3.740,147900,3.730,230400,3.720,92200,3.770,88800,3.780,97800,3.790,136800,3.80
2026-05-19 10:52:10 I 136936 D:\home\apps\api\utils\stock_api.py:65 (get_stock_info)	| [SinaAPI] Request: http://hq.sinajs.cn/list=sz002372, Status: 200
2026-05-19 10:52:10 I 136936 D:\home\apps\api\utils\stock_api.py:66 (get_stock_info)	| [SinaAPI] Response content: var hq_str_sz002372="伟星新材,10.210,10.210,10.160,10.260,10.150,10.160,10.170,2596000,26490132.000,3900,10.160,76900,10.150,28700,10.140,53500,10.130,62400,10.120,4300,10.170,22300,10.180,21800,10.190,76
2026-05-19 10:52:10 I 136936 D:\home\apps\api\utils\stock_api.py:65 (get_stock_info)	| [SinaAPI] Request: http://hq.sinajs.cn/list=sz002357, Status: 200
2026-05-19 10:52:10 I 136936 D:\home\apps\api\utils\stock_api.py:66 (get_stock_info)	| [SinaAPI] Response content: var hq_str_sz002357="富临运业,11.270,11.270,11.140,11.530,11.130,11.130,11.140,4086100,46250841.000,12300,11.130,8700,11.120,20800,11.110,15400,11.100,400,11.090,6600,11.140,4700,11.160,5700,11.170,3400,1
2026-05-19 10:52:10 I 136936 D:\home\apps\api\utils\stock_api.py:65 (get_stock_info)	| [SinaAPI] Request: http://hq.sinajs.cn/list=sz002330, Status: 200
2026-05-19 10:52:10 I 136936 D:\home\apps\api\utils\stock_api.py:66 (get_stock_info)	| [SinaAPI] Response content: var hq_str_sz002330="得利斯,4.530,4.520,4.460,4.580,4.460,4.460,4.470,6202000,28134611.000,67000,4.460,158000,4.450,38900,4.440,50400,4.430,54000,4.420,52300,4.470,35200,4.480,43600,4.490,10600,4.500,211
2026-05-19 10:52:10 I 136936 D:\home\apps\api\utils\stock_api.py:65 (get_stock_info)	| [SinaAPI] Request: http://hq.sinajs.cn/list=sz002303, Status: 200
2026-05-19 10:52:10 I 136936 D:\home\apps\api\utils\stock_api.py:66 (get_stock_info)	| [SinaAPI] Response content: var hq_str_sz002303="美盈森,3.540,3.540,3.520,3.560,3.500,3.520,3.530,7142800,25231670.000,22100,3.520,358100,3.510,639000,3.500,413700,3.490,329200,3.480,182800,3.530,167400,3.540,277700,3.550,587400,3.
2026-05-19 10:52:10 I 136936 D:\home\apps\api\utils\stock_api.py:65 (get_stock_info)	| [SinaAPI] Request: http://hq.sinajs.cn/list=sz002282, Status: 200
2026-05-19 10:52:10 I 136936 D:\home\apps\api\utils\stock_api.py:66 (get_stock_info)	| [SinaAPI] Response content: var hq_str_sz002282="博深股份,6.500,6.460,6.520,6.610,6.470,6.510,6.520,2415400,15841017.000,65800,6.510,23200,6.500,10000,6.490,10300,6.480,11600,6.470,13500,6.520,10400,6.530,41500,6.540,12500,6.550,168
2026-05-19 10:52:10 I 136936 D:\home\apps\api\utils\stock_api.py:65 (get_stock_info)	| [SinaAPI] Request: http://hq.sinajs.cn/list=sz002275, Status: 200
2026-05-19 10:52:10 I 136936 D:\home\apps\api\utils\stock_api.py:66 (get_stock_info)	| [SinaAPI] Response content: var hq_str_sz002275="桂林三金,13.750,13.750,13.850,13.910,13.710,13.840,13.860,915100,12673186.000,4900,13.840,7700,13.830,3000,13.820,5000,13.810,23700,13.800,1000,13.860,3000,13.870,29100,13.880,2800,13
2026-05-19 10:52:10 I 136936 D:\home\apps\api\utils\stock_api.py:65 (get_stock_info)	| [SinaAPI] Request: http://hq.sinajs.cn/list=sz002264, Status: 200
2026-05-19 10:52:10 I 136936 D:\home\apps\api\utils\stock_api.py:66 (get_stock_info)	| [SinaAPI] Response content: var hq_str_sz002264="新 华 都,7.600,7.600,7.580,7.730,7.550,7.570,7.580,7623603,58365956.800,118100,7.570,58800,7.560,102500,7.550,17000,7.540,29200,7.530,55800,7.580,18700,7.590,16500,7.600,22900,7.610,
2026-05-19 10:52:10 I 136936 D:\home\apps\api\utils\stock_api.py:65 (get_stock_info)	| [SinaAPI] Request: http://hq.sinajs.cn/list=sz002175, Status: 200
2026-05-19 10:52:10 I 136936 D:\home\apps\api\utils\stock_api.py:66 (get_stock_info)	| [SinaAPI] Response content: var hq_str_sz002175="*ST东智,2.680,2.820,2.680,2.680,2.680,0.000,2.680,11817800,31671704.000,0,0.000,0,0.000,0,0.000,0,0.000,0,0.000,59178843,2.680,93000,2.690,126100,2.700,147900,2.710,39700,2.720,2026
2026-05-19 10:52:10 I 136936 D:\home\apps\api\utils\stock_api.py:65 (get_stock_info)	| [SinaAPI] Request: http://hq.sinajs.cn/list=sz002174, Status: 200
2026-05-19 10:52:10 I 136936 D:\home\apps\api\utils\stock_api.py:66 (get_stock_info)	| [SinaAPI] Response content: var hq_str_sz002174="游族网络,11.710,11.760,11.580,12.090,11.580,11.580,11.590,27350400,323012232.210,3000,11.580,27800,11.570,66500,11.560,34900,11.550,41300,11.540,28400,11.590,46000,11.600,43500,11.610
2026-05-19 10:52:10 I 136936 D:\home\apps\api\utils\stock_api.py:65 (get_stock_info)	| [SinaAPI] Request: http://hq.sinajs.cn/list=sz002157, Status: 200
2026-05-19 10:52:10 I 136936 D:\home\apps\api\utils\stock_api.py:66 (get_stock_info)	| [SinaAPI] Response content: var hq_str_sz002157="正邦科技,3.330,3.320,3.270,3.360,3.230,3.270,3.280,145786700,478737798.000,1931600,3.270,2429000,3.260,3140200,3.250,3395900,3.240,5157400,3.230,207400,3.280,1131178,3.290,1594900,3.3
2026-05-19 10:52:10 I 136936 D:\home\apps\api\utils\stock_api.py:65 (get_stock_info)	| [SinaAPI] Request: http://hq.sinajs.cn/list=sz002129, Status: 200
2026-05-19 10:52:10 I 136936 D:\home\apps\api\utils\stock_api.py:66 (get_stock_info)	| [SinaAPI] Response content: var hq_str_sz002129="TCL中环,9.380,9.360,9.520,9.650,9.240,9.520,9.530,95226045,900720034.330,84200,9.520,100700,9.510,333200,9.500,18100,9.490,69100,9.480,80000,9.530,51900,9.540,78500,9.550,86400,9.56
2026-05-19 10:52:10 I 136936 D:\home\apps\api\utils\stock_api.py:65 (get_stock_info)	| [SinaAPI] Request: http://hq.sinajs.cn/list=sz002067, Status: 200
2026-05-19 10:52:10 I 136936 D:\home\apps\api\utils\stock_api.py:66 (get_stock_info)	| [SinaAPI] Response content: var hq_str_sz002067="景兴纸业,5.280,4.800,5.280,5.280,5.210,5.280,0.000,78088462,412243747.360,33848716,5.280,435400,5.270,229700,5.260,99600,5.250,138700,5.240,0,0.000,0,0.000,0,0.000,0,0.000,0,0.000,202
2026-05-19 10:52:10 I 136936 D:\home\apps\api\utils\stock_api.py:65 (get_stock_info)	| [SinaAPI] Request: http://hq.sinajs.cn/list=sz002044, Status: 200
2026-05-19 10:52:10 I 136936 D:\home\apps\api\utils\stock_api.py:66 (get_stock_info)	| [SinaAPI] Response content: var hq_str_sz002044="美年健康,6.140,6.120,6.350,6.730,6.120,6.340,6.350,304614306,1976188580.920,422600,6.340,659000,6.330,414300,6.320,850800,6.310,1906400,6.300,140120,6.350,243600,6.360,530000,6.370,12
2026-05-19 10:52:10 I 136936 D:\home\apps\api\utils\stock_api.py:65 (get_stock_info)	| [SinaAPI] Request: http://hq.sinajs.cn/list=sz002043, Status: 200
2026-05-19 10:52:10 I 136936 D:\home\apps\api\utils\stock_api.py:66 (get_stock_info)	| [SinaAPI] Response content: var hq_str_sz002043="兔 宝 宝,13.500,13.720,13.710,13.890,13.330,13.700,13.710,7205943,98895913.810,20500,13.700,6100,13.690,1200,13.680,400,13.670,1500,13.660,3500,13.710,16900,13.720,4100,13.730,32800,
2026-05-19 10:52:10 I 136936 D:\home\apps\api\utils\stock_api.py:65 (get_stock_info)	| [SinaAPI] Request: http://hq.sinajs.cn/list=sz000786, Status: 200
2026-05-19 10:52:10 I 136936 D:\home\apps\api\utils\stock_api.py:66 (get_stock_info)	| [SinaAPI] Response content: var hq_str_sz000786="北新建材,24.630,24.610,24.600,24.740,24.530,24.600,24.610,4450200,109580378.000,300,24.600,35500,24.590,52000,24.580,63600,24.570,42100,24.560,9200,24.610,10700,24.620,9700,24.630,184
2026-05-19 10:52:10 I 136936 D:\home\apps\api\utils\stock_api.py:65 (get_stock_info)	| [SinaAPI] Request: http://hq.sinajs.cn/list=sz000750, Status: 200
2026-05-19 10:52:10 I 136936 D:\home\apps\api\utils\stock_api.py:66 (get_stock_info)	| [SinaAPI] Response content: var hq_str_sz000750="国海证券,3.790,3.800,3.810,3.850,3.790,3.810,3.820,23218380,88796534.570,1161300,3.810,1671000,3.800,1349600,3.790,1096000,3.780,998700,3.770,496300,3.820,1063400,3.830,1136100,3.840,
2026-05-19 10:52:10 I 136936 D:\home\apps\api\utils\stock_api.py:65 (get_stock_info)	| [SinaAPI] Request: http://hq.sinajs.cn/list=sz000709, Status: 200
2026-05-19 10:52:10 I 136936 D:\home\apps\api\utils\stock_api.py:66 (get_stock_info)	| [SinaAPI] Response content: var hq_str_sz000709="河钢股份,2.240,2.240,2.250,2.260,2.230,2.240,2.250,29580018,66542973.050,11335510,2.240,5527100,2.230,6269000,2.220,2650400,2.210,3715200,2.200,3440700,2.250,8008410,2.260,5434197,2.2
2026-05-19 10:52:10 I 136936 D:\home\apps\api\utils\stock_api.py:65 (get_stock_info)	| [SinaAPI] Request: http://hq.sinajs.cn/list=sz000166, Status: 200
2026-05-19 10:52:10 I 136936 D:\home\apps\api\utils\stock_api.py:66 (get_stock_info)	| [SinaAPI] Response content: var hq_str_sz000166="申万宏源,4.460,4.470,4.470,4.520,4.450,4.470,4.480,43728264,196428774.810,1576600,4.470,1411200,4.460,1670900,4.450,944400,4.440,813900,4.430,998500,4.480,1123040,4.490,2084900,4.500,
2026-05-19 10:52:10 I 136936 D:\home\apps\api\utils\stock_api.py:65 (get_stock_info)	| [SinaAPI] Request: http://hq.sinajs.cn/list=sz000069, Status: 200
2026-05-19 10:52:10 I 136936 D:\home\apps\api\utils\stock_api.py:66 (get_stock_info)	| [SinaAPI] Response content: var hq_str_sz000069="华侨城Ａ,2.070,2.070,2.070,2.100,2.060,2.060,2.070,18337633,38066662.640,1228700,2.060,1188900,2.050,960200,2.040,1286300,2.030,589600,2.020,941104,2.070,1902900,2.080,1428800,2.090,2
2026-05-19 11:14:15 I 140492 D:\home\apps\api\utils\stock_api.py:65 (get_stock_info)	| [SinaAPI] Request: http://hq.sinajs.cn/list=sh601727, Status: 200
2026-05-19 11:14:15 I 140492 D:\home\apps\api\utils\stock_api.py:66 (get_stock_info)	| [SinaAPI] Response content: var hq_str_sh601727="上海电气,9.050,9.020,8.870,9.060,8.760,8.870,8.880,157788566,1396781654.000,154700,8.870,105100,8.860,191700,8.850,137900,8.840,198700,8.830,195900,8.880,388700,8.890,472500,8.900,226
2026-05-19 11:14:15 I 140492 D:\home\apps\api\utils\stock_api.py:65 (get_stock_info)	| [SinaAPI] Request: http://hq.sinajs.cn/list=sh601588, Status: 200
2026-05-19 11:14:15 I 140492 D:\home\apps\api\utils\stock_api.py:66 (get_stock_info)	| [SinaAPI] Response content: var hq_str_sh601588="北辰实业,1.930,1.930,1.930,1.970,1.910,1.920,1.930,20301900,39297416.000,383400,1.920,816900,1.910,762800,1.900,424100,1.890,1305200,1.880,1048300,1.930,427500,1.940,474900,1.950,2503
2026-05-19 11:14:15 I 140492 D:\home\apps\api\utils\stock_api.py:65 (get_stock_info)	| [SinaAPI] Request: http://hq.sinajs.cn/list=sh601100, Status: 200
2026-05-19 11:14:15 I 140492 D:\home\apps\api\utils\stock_api.py:66 (get_stock_info)	| [SinaAPI] Response content: var hq_str_sh601100="恒立液压,114.500,113.550,112.460,115.500,111.250,112.450,112.470,4297359,485116869.000,200,112.450,100,112.430,1500,112.390,400,112.380,300,112.370,700,112.470,100,112.490,2400,112.50
2026-05-19 11:14:15 I 140492 D:\home\apps\api\utils\stock_api.py:65 (get_stock_info)	| [SinaAPI] Request: http://hq.sinajs.cn/list=sh601059, Status: 200
2026-05-19 11:14:15 I 140492 D:\home\apps\api\utils\stock_api.py:66 (get_stock_info)	| [SinaAPI] Response content: var hq_str_sh601059="信达证券,17.200,16.670,17.090,17.200,17.010,17.090,17.100,18589870,318271048.000,4800,17.090,82700,17.080,81400,17.070,182600,17.060,57100,17.050,82400,17.100,109100,17.110,88300,17.1
2026-05-19 11:14:15 I 140492 D:\home\apps\api\utils\stock_api.py:65 (get_stock_info)	| [SinaAPI] Request: http://hq.sinajs.cn/list=sh600999, Status: 200
2026-05-19 11:14:15 I 140492 D:\home\apps\api\utils\stock_api.py:66 (get_stock_info)	| [SinaAPI] Response content: var hq_str_sh600999="招商证券,16.090,16.180,16.330,16.460,16.050,16.320,16.330,43552895,711596614.000,62700,16.320,50900,16.310,54100,16.300,66900,16.290,47700,16.280,20700,16.330,20100,16.340,34600,16.35
2026-05-19 11:14:15 I 140492 D:\home\apps\api\utils\stock_api.py:65 (get_stock_info)	| [SinaAPI] Request: http://hq.sinajs.cn/list=sh600936, Status: 200
2026-05-19 11:14:15 I 140492 D:\home\apps\api\utils\stock_api.py:66 (get_stock_info)	| [SinaAPI] Response content: var hq_str_sh600936="北投科技,5.250,5.310,5.840,5.840,5.250,5.840,0.000,58447860,335438378.000,19005400,5.840,107900,5.830,18200,5.820,5400,5.810,88500,5.800,0,0.000,0,0.000,0,0.000,0,0.000,0,0.000,2026-0
2026-05-19 11:14:15 I 140492 D:\home\apps\api\utils\stock_api.py:65 (get_stock_info)	| [SinaAPI] Request: http://hq.sinajs.cn/list=sh600392, Status: 200
2026-05-19 11:14:15 I 140492 D:\home\apps\api\utils\stock_api.py:66 (get_stock_info)	| [SinaAPI] Response content: var hq_str_sh600392="盛和资源,23.950,24.050,23.170,23.990,22.810,23.170,23.180,39104132,906605006.000,3400,23.170,3800,23.160,10100,23.150,3600,23.140,4800,23.130,5600,23.180,12700,23.190,42900,23.200,450
2026-05-19 11:14:15 I 140492 D:\home\apps\api\utils\stock_api.py:65 (get_stock_info)	| [SinaAPI] Request: http://hq.sinajs.cn/list=sh600369, Status: 200
2026-05-19 11:14:15 I 140492 D:\home\apps\api\utils\stock_api.py:66 (get_stock_info)	| [SinaAPI] Response content: var hq_str_sh600369="西南证券,4.050,4.040,4.090,4.110,4.040,4.080,4.090,21435700,87530695.000,432000,4.080,888100,4.070,980800,4.060,690200,4.050,423500,4.040,892700,4.090,1102400,4.100,980500,4.110,94410
2026-05-19 11:14:15 I 140492 D:\home\apps\api\utils\stock_api.py:65 (get_stock_info)	| [SinaAPI] Request: http://hq.sinajs.cn/list=sh600362, Status: 200
2026-05-19 11:14:15 I 140492 D:\home\apps\api\utils\stock_api.py:66 (get_stock_info)	| [SinaAPI] Response content: var hq_str_sh600362="江西铜业,45.110,45.440,43.990,45.190,43.370,43.970,43.990,24959065,1101224343.000,18100,43.970,14400,43.960,5800,43.950,5600,43.940,500,43.930,10400,43.990,20700,44.000,600,44.010,800
2026-05-19 11:14:16 I 140492 D:\home\apps\api\utils\stock_api.py:65 (get_stock_info)	| [SinaAPI] Request: http://hq.sinajs.cn/list=sh600256, Status: 200
2026-05-19 11:14:16 I 140492 D:\home\apps\api\utils\stock_api.py:66 (get_stock_info)	| [SinaAPI] Response content: var hq_str_sh600256="广汇能源,6.460,6.550,6.310,6.460,6.280,6.310,6.320,73756076,467784352.000,50400,6.310,434900,6.300,1681900,6.290,1682900,6.280,513700,6.270,359300,6.320,279700,6.330,304700,6.340,1772
2026-05-19 11:14:16 I 140492 D:\home\apps\api\utils\stock_api.py:65 (get_stock_info)	| [SinaAPI] Request: http://hq.sinajs.cn/list=sh600121, Status: 200
2026-05-19 11:14:16 I 140492 D:\home\apps\api\utils\stock_api.py:66 (get_stock_info)	| [SinaAPI] Response content: var hq_str_sh600121="郑州煤电,4.270,4.280,4.340,4.370,4.200,4.330,4.340,37858661,163465998.000,326900,4.330,225000,4.320,300800,4.310,283200,4.300,219000,4.290,723100,4.340,750100,4.350,731700,4.360,85590
2026-05-19 11:14:16 I 140492 D:\home\apps\api\utils\stock_api.py:65 (get_stock_info)	| [SinaAPI] Request: http://hq.sinajs.cn/list=sh600116, Status: 200
2026-05-19 11:14:16 I 140492 D:\home\apps\api\utils\stock_api.py:66 (get_stock_info)	| [SinaAPI] Response content: var hq_str_sh600116="三峡水利,6.770,6.770,6.930,6.970,6.710,6.920,6.930,24625826,169677718.000,147000,6.920,123000,6.910,153300,6.900,88700,6.890,102400,6.880,169100,6.930,242500,6.940,500500,6.950,304500
2026-05-19 11:14:16 I 140492 D:\home\apps\api\utils\stock_api.py:65 (get_stock_info)	| [SinaAPI] Request: http://hq.sinajs.cn/list=sh600111, Status: 200
2026-05-19 11:14:16 I 140492 D:\home\apps\api\utils\stock_api.py:66 (get_stock_info)	| [SinaAPI] Response content: var hq_str_sh600111="北方稀土,51.200,51.700,49.970,51.580,49.500,49.960,49.970,69865592,3502810676.000,2600,49.960,6500,49.950,8400,49.940,9200,49.930,5300,49.920,11600,49.970,32400,49.980,64500,49.990,35
2026-05-19 11:14:16 I 140492 D:\home\apps\api\utils\stock_api.py:65 (get_stock_info)	| [SinaAPI] Request: http://hq.sinajs.cn/list=sh600082, Status: 200
2026-05-19 11:14:16 I 140492 D:\home\apps\api\utils\stock_api.py:66 (get_stock_info)	| [SinaAPI] Response content: var hq_str_sh600082="ST海泰,3.810,3.800,3.840,3.940,3.800,3.840,3.850,10965760,42391085.000,28400,3.840,70300,3.830,25900,3.820,108800,3.810,257100,3.800,5200,3.850,54700,3.860,50800,3.870,23000,3.880,8
2026-05-19 11:14:16 I 140492 D:\home\apps\api\utils\stock_api.py:65 (get_stock_info)	| [SinaAPI] Request: http://hq.sinajs.cn/list=sh600081, Status: 200
2026-05-19 11:14:16 I 140492 D:\home\apps\api\utils\stock_api.py:66 (get_stock_info)	| [SinaAPI] Response content: var hq_str_sh600081="东风科技,12.300,12.400,12.410,12.860,12.300,12.400,12.410,9368270,117080234.000,27900,12.400,4200,12.390,7700,12.380,9000,12.370,6400,12.360,900,12.410,6400,12.420,400,12.430,1300,12.
2026-05-19 11:14:16 I 140492 D:\home\apps\api\utils\stock_api.py:65 (get_stock_info)	| [SinaAPI] Request: http://hq.sinajs.cn/list=sh600031, Status: 200
2026-05-19 11:14:16 I 140492 D:\home\apps\api\utils\stock_api.py:66 (get_stock_info)	| [SinaAPI] Response content: var hq_str_sh600031="三一重工,19.520,19.390,19.080,19.560,19.020,19.070,19.080,40230530,772301636.000,8900,19.070,11200,19.060,58800,19.050,154000,19.040,275200,19.030,12800,19.080,20500,19.090,36800,19.1
2026-05-19 11:14:16 I 140492 D:\home\apps\api\utils\stock_api.py:65 (get_stock_info)	| [SinaAPI] Request: http://hq.sinajs.cn/list=sz002441, Status: 200
2026-05-19 11:14:16 I 140492 D:\home\apps\api\utils\stock_api.py:66 (get_stock_info)	| [SinaAPI] Response content: var hq_str_sz002441="众业达,10.190,10.210,10.400,10.410,10.150,10.390,10.400,4521500,46649889.000,10000,10.390,19700,10.380,8100,10.370,6800,10.360,9500,10.350,3100,10.400,247600,10.410,8300,10.420,10000
2026-05-19 11:14:16 I 140492 D:\home\apps\api\utils\stock_api.py:65 (get_stock_info)	| [SinaAPI] Request: http://hq.sinajs.cn/list=sz002424, Status: 200
2026-05-19 11:14:16 I 140492 D:\home\apps\api\utils\stock_api.py:66 (get_stock_info)	| [SinaAPI] Response content: var hq_str_sz002424="ST百灵,4.940,4.860,4.900,5.020,4.890,4.900,4.910,5070100,25041104.000,86200,4.900,148600,4.890,279800,4.880,130600,4.870,61000,4.860,5400,4.910,44900,4.920,93300,4.930,80900,4.940,1
2026-05-19 11:14:16 I 140492 D:\home\apps\api\utils\stock_api.py:65 (get_stock_info)	| [SinaAPI] Request: http://hq.sinajs.cn/list=sz002408, Status: 200
2026-05-19 11:14:16 I 140492 D:\home\apps\api\utils\stock_api.py:66 (get_stock_info)	| [SinaAPI] Response content: var hq_str_sz002408="齐翔腾达,5.790,5.810,5.710,5.800,5.680,5.700,5.710,13559700,77565597.450,81400,5.700,148100,5.690,604100,5.680,207800,5.670,324900,5.660,169550,5.710,134000,5.720,21600,5.730,145000,5
2026-05-19 11:14:16 I 140492 D:\home\apps\api\utils\stock_api.py:65 (get_stock_info)	| [SinaAPI] Request: http://hq.sinajs.cn/list=sz002400, Status: 200
2026-05-19 11:14:16 I 140492 D:\home\apps\api\utils\stock_api.py:66 (get_stock_info)	| [SinaAPI] Response content: var hq_str_sz002400="省广集团,8.900,8.950,9.090,9.300,8.870,9.080,9.090,100632890,922141288.940,5100,9.080,294600,9.070,242000,9.060,351200,9.050,133400,9.040,69600,9.090,92100,9.100,49800,9.110,91400,9.1
2026-05-19 11:14:16 I 140492 D:\home\apps\api\utils\stock_api.py:65 (get_stock_info)	| [SinaAPI] Request: http://hq.sinajs.cn/list=sz002390, Status: 200
2026-05-19 11:14:16 I 140492 D:\home\apps\api\utils\stock_api.py:66 (get_stock_info)	| [SinaAPI] Response content: var hq_str_sz002390="信邦制药,3.150,3.150,3.170,3.190,3.150,3.160,3.170,11352834,36053244.710,792000,3.160,879700,3.150,608700,3.140,426600,3.130,428300,3.120,686100,3.170,744700,3.180,1084700,3.190,10437
2026-05-19 11:14:16 I 140492 D:\home\apps\api\utils\stock_api.py:65 (get_stock_info)	| [SinaAPI] Request: http://hq.sinajs.cn/list=sz002378, Status: 200
2026-05-19 11:14:16 I 140492 D:\home\apps\api\utils\stock_api.py:66 (get_stock_info)	| [SinaAPI] Response content: var hq_str_sz002378="章源钨业,29.950,29.950,28.290,30.000,27.760,28.290,28.300,38532331,1097686033.840,5000,28.290,4100,28.280,9000,28.270,5900,28.260,7100,28.250,5100,28.300,8400,28.310,7600,28.320,2700,
2026-05-19 11:14:16 I 140492 D:\home\apps\api\utils\stock_api.py:65 (get_stock_info)	| [SinaAPI] Request: http://hq.sinajs.cn/list=sz002374, Status: 200
2026-05-19 11:14:16 I 140492 D:\home\apps\api\utils\stock_api.py:66 (get_stock_info)	| [SinaAPI] Response content: var hq_str_sz002374="中锐股份,3.700,3.910,3.750,3.970,3.660,3.740,3.750,98754777,376773246.470,154800,3.740,183500,3.730,259100,3.720,290400,3.710,753900,3.700,87000,3.750,123600,3.760,133700,3.770,149600
2026-05-19 11:14:16 I 140492 D:\home\apps\api\utils\stock_api.py:65 (get_stock_info)	| [SinaAPI] Request: http://hq.sinajs.cn/list=sz002372, Status: 200
2026-05-19 11:14:16 I 140492 D:\home\apps\api\utils\stock_api.py:66 (get_stock_info)	| [SinaAPI] Response content: var hq_str_sz002372="伟星新材,10.210,10.210,10.210,10.260,10.150,10.200,10.210,2901100,29593781.000,1400,10.200,5100,10.190,1700,10.180,6600,10.170,20800,10.160,36600,10.210,17800,10.220,16800,10.230,2670
2026-05-19 11:14:16 I 140492 D:\home\apps\api\utils\stock_api.py:65 (get_stock_info)	| [SinaAPI] Request: http://hq.sinajs.cn/list=sz002357, Status: 200
2026-05-19 11:14:16 I 140492 D:\home\apps\api\utils\stock_api.py:66 (get_stock_info)	| [SinaAPI] Response content: var hq_str_sz002357="富临运业,11.270,11.270,11.160,11.530,11.110,11.150,11.160,4613202,52122534.240,5000,11.150,7300,11.140,3200,11.130,18100,11.120,32900,11.110,900,11.160,14800,11.170,3400,11.180,4200,1
2026-05-19 11:14:16 I 140492 D:\home\apps\api\utils\stock_api.py:65 (get_stock_info)	| [SinaAPI] Request: http://hq.sinajs.cn/list=sz002330, Status: 200
2026-05-19 11:14:16 I 140492 D:\home\apps\api\utils\stock_api.py:66 (get_stock_info)	| [SinaAPI] Response content: var hq_str_sz002330="得利斯,4.530,4.520,4.450,4.580,4.440,4.450,4.460,7053300,31924289.000,75300,4.450,126700,4.440,63800,4.430,57400,4.420,83900,4.410,87400,4.460,15800,4.470,18700,4.480,47900,4.490,340
2026-05-19 11:14:17 I 140492 D:\home\apps\api\utils\stock_api.py:65 (get_stock_info)	| [SinaAPI] Request: http://hq.sinajs.cn/list=sz002303, Status: 200
2026-05-19 11:14:17 I 140492 D:\home\apps\api\utils\stock_api.py:66 (get_stock_info)	| [SinaAPI] Response content: var hq_str_sz002303="美盈森,3.540,3.540,3.520,3.560,3.500,3.520,3.530,7679900,27121109.000,10000,3.520,466900,3.510,696300,3.500,379800,3.490,374500,3.480,184100,3.530,167300,3.540,315800,3.550,614900,3.
2026-05-19 11:14:17 I 140492 D:\home\apps\api\utils\stock_api.py:65 (get_stock_info)	| [SinaAPI] Request: http://hq.sinajs.cn/list=sz002282, Status: 200
2026-05-19 11:14:17 I 140492 D:\home\apps\api\utils\stock_api.py:66 (get_stock_info)	| [SinaAPI] Response content: var hq_str_sz002282="博深股份,6.500,6.460,6.530,6.610,6.470,6.520,6.530,2612300,17124373.000,22500,6.520,42300,6.510,32800,6.500,15500,6.490,14400,6.480,23200,6.530,40300,6.540,7000,6.550,30420,6.560,1890
2026-05-19 11:14:17 I 140492 D:\home\apps\api\utils\stock_api.py:65 (get_stock_info)	| [SinaAPI] Request: http://hq.sinajs.cn/list=sz002275, Status: 200
2026-05-19 11:14:17 I 140492 D:\home\apps\api\utils\stock_api.py:66 (get_stock_info)	| [SinaAPI] Response content: var hq_str_sz002275="桂林三金,13.750,13.750,13.880,13.910,13.710,13.870,13.880,989000,13696810.000,1900,13.870,1800,13.860,3100,13.850,8600,13.840,6600,13.830,16100,13.880,2900,13.890,16800,13.900,10600,1
2026-05-19 11:14:17 I 140492 D:\home\apps\api\utils\stock_api.py:65 (get_stock_info)	| [SinaAPI] Request: http://hq.sinajs.cn/list=sz002264, Status: 200
2026-05-19 11:14:17 I 140492 D:\home\apps\api\utils\stock_api.py:66 (get_stock_info)	| [SinaAPI] Response content: var hq_str_sz002264="新 华 都,7.600,7.600,7.550,7.730,7.540,7.550,7.560,8686803,66407791.800,16900,7.550,39300,7.540,60800,7.530,52500,7.520,70100,7.510,36600,7.560,9600,7.570,5800,7.580,6600,7.590,15400
2026-05-19 11:14:17 I 140492 D:\home\apps\api\utils\stock_api.py:65 (get_stock_info)	| [SinaAPI] Request: http://hq.sinajs.cn/list=sz002175, Status: 200
2026-05-19 11:14:17 I 140492 D:\home\apps\api\utils\stock_api.py:66 (get_stock_info)	| [SinaAPI] Response content: var hq_str_sz002175="*ST东智,2.680,2.820,2.680,2.680,2.680,0.000,2.680,11927900,31966772.000,0,0.000,0,0.000,0,0.000,0,0.000,0,0.000,59069643,2.680,94600,2.690,121700,2.700,147900,2.710,39700,2.720,2026
2026-05-19 11:14:17 I 140492 D:\home\apps\api\utils\stock_api.py:65 (get_stock_info)	| [SinaAPI] Request: http://hq.sinajs.cn/list=sz002174, Status: 200
2026-05-19 11:14:17 I 140492 D:\home\apps\api\utils\stock_api.py:66 (get_stock_info)	| [SinaAPI] Response content: var hq_str_sz002174="游族网络,11.710,11.760,11.690,12.090,11.550,11.680,11.690,31248100,368234854.210,15300,11.680,3200,11.670,6800,11.660,23700,11.650,13100,11.640,13800,11.690,10100,11.700,10700,11.710,
2026-05-19 11:14:17 I 140492 D:\home\apps\api\utils\stock_api.py:65 (get_stock_info)	| [SinaAPI] Request: http://hq.sinajs.cn/list=sz002157, Status: 200
2026-05-19 11:14:17 I 140492 D:\home\apps\api\utils\stock_api.py:66 (get_stock_info)	| [SinaAPI] Response content: var hq_str_sz002157="正邦科技,3.330,3.320,3.270,3.360,3.230,3.260,3.270,153400700,503628413.000,1798500,3.260,3432800,3.250,4023700,3.240,5283100,3.230,2312900,3.220,1083200,3.270,812100,3.280,1078178,3.2
2026-05-19 11:14:17 I 140492 D:\home\apps\api\utils\stock_api.py:65 (get_stock_info)	| [SinaAPI] Request: http://hq.sinajs.cn/list=sz002129, Status: 200
2026-05-19 11:14:17 I 140492 D:\home\apps\api\utils\stock_api.py:66 (get_stock_info)	| [SinaAPI] Response content: var hq_str_sz002129="TCL中环,9.380,9.360,9.490,9.650,9.240,9.480,9.490,102247545,967306295.330,87200,9.480,161200,9.470,127000,9.460,494900,9.450,113000,9.440,17500,9.490,65125,9.500,46700,9.510,11700,9
2026-05-19 11:14:17 I 140492 D:\home\apps\api\utils\stock_api.py:65 (get_stock_info)	| [SinaAPI] Request: http://hq.sinajs.cn/list=sz002067, Status: 200
2026-05-19 11:14:17 I 140492 D:\home\apps\api\utils\stock_api.py:66 (get_stock_info)	| [SinaAPI] Response content: var hq_str_sz002067="景兴纸业,5.280,4.800,5.280,5.280,5.210,5.280,0.000,78780262,415896451.360,32773016,5.280,413700,5.270,231200,5.260,98400,5.250,136700,5.240,0,0.000,0,0.000,0,0.000,0,0.000,0,0.000,202
2026-05-19 11:14:17 I 140492 D:\home\apps\api\utils\stock_api.py:65 (get_stock_info)	| [SinaAPI] Request: http://hq.sinajs.cn/list=sz002044, Status: 200
2026-05-19 11:14:17 I 140492 D:\home\apps\api\utils\stock_api.py:66 (get_stock_info)	| [SinaAPI] Response content: var hq_str_sz002044="美年健康,6.140,6.120,6.330,6.730,6.120,6.320,6.330,318516151,2064022024.320,337455,6.320,746400,6.310,1712100,6.300,317900,6.290,598100,6.280,176600,6.330,98900,6.340,420500,6.350,143
2026-05-19 11:14:17 I 140492 D:\home\apps\api\utils\stock_api.py:65 (get_stock_info)	| [SinaAPI] Request: http://hq.sinajs.cn/list=sz002043, Status: 200
2026-05-19 11:14:17 I 140492 D:\home\apps\api\utils\stock_api.py:66 (get_stock_info)	| [SinaAPI] Response content: var hq_str_sz002043="兔 宝 宝,13.500,13.720,13.650,13.890,13.330,13.650,13.660,7994743,109684454.810,1600,13.650,2600,13.640,4700,13.630,9800,13.620,3200,13.610,1600,13.660,8200,13.670,200,13.680,4700,13
2026-05-19 11:14:17 I 140492 D:\home\apps\api\utils\stock_api.py:65 (get_stock_info)	| [SinaAPI] Request: http://hq.sinajs.cn/list=sz000786, Status: 200
2026-05-19 11:14:17 I 140492 D:\home\apps\api\utils\stock_api.py:66 (get_stock_info)	| [SinaAPI] Response content: var hq_str_sz000786="北新建材,24.630,24.610,24.600,24.740,24.530,24.600,24.610,5423800,133547670.000,11400,24.600,37400,24.590,8700,24.580,49000,24.570,48500,24.560,2300,24.610,200,24.620,1100,24.630,1100
2026-05-19 11:14:17 I 140492 D:\home\apps\api\utils\stock_api.py:65 (get_stock_info)	| [SinaAPI] Request: http://hq.sinajs.cn/list=sz000750, Status: 200
2026-05-19 11:14:17 I 140492 D:\home\apps\api\utils\stock_api.py:66 (get_stock_info)	| [SinaAPI] Response content: var hq_str_sz000750="国海证券,3.790,3.800,3.820,3.850,3.790,3.820,3.830,25213780,96411046.570,18200,3.820,1075400,3.810,2246700,3.800,1317900,3.790,1089800,3.780,1355800,3.830,1093200,3.840,1548080,3.850,
2026-05-19 11:14:18 I 140492 D:\home\apps\api\utils\stock_api.py:65 (get_stock_info)	| [SinaAPI] Request: http://hq.sinajs.cn/list=sz000709, Status: 200
2026-05-19 11:14:18 I 140492 D:\home\apps\api\utils\stock_api.py:66 (get_stock_info)	| [SinaAPI] Response content: var hq_str_sz000709="河钢股份,2.240,2.240,2.240,2.260,2.230,2.240,2.250,30961343,69640395.050,10637285,2.240,5384400,2.230,6151200,2.220,2779200,2.210,3708000,2.200,3764687,2.250,8110510,2.260,5304298,2.2
2026-05-19 11:14:18 I 140492 D:\home\apps\api\utils\stock_api.py:65 (get_stock_info)	| [SinaAPI] Request: http://hq.sinajs.cn/list=sz000166, Status: 200
2026-05-19 11:14:18 I 140492 D:\home\apps\api\utils\stock_api.py:66 (get_stock_info)	| [SinaAPI] Response content: var hq_str_sz000166="申万宏源,4.460,4.470,4.480,4.520,4.450,4.470,4.480,47489864,213245413.810,866400,4.470,1729200,4.460,1600700,4.450,1011600,4.440,860600,4.430,862400,4.480,1620840,4.490,2071320,4.500,
2026-05-19 11:14:18 I 140492 D:\home\apps\api\utils\stock_api.py:65 (get_stock_info)	| [SinaAPI] Request: http://hq.sinajs.cn/list=sz000069, Status: 200
2026-05-19 11:14:18 I 140492 D:\home\apps\api\utils\stock_api.py:66 (get_stock_info)	| [SinaAPI] Response content: var hq_str_sz000069="华侨城Ａ,2.070,2.070,2.070,2.100,2.060,2.070,2.080,20668233,42880307.640,290200,2.070,837300,2.060,1142300,2.050,882200,2.040,1312000,2.030,2060300,2.080,1444000,2.090,1899700,2.100,1
2026-05-19 11:14:24 I 140492 D:\home\apps\api\utils\stock_api.py:65 (get_stock_info)	| [SinaAPI] Request: http://hq.sinajs.cn/list=sh601727, Status: 200
2026-05-19 11:14:24 I 140492 D:\home\apps\api\utils\stock_api.py:66 (get_stock_info)	| [SinaAPI] Response content: var hq_str_sh601727="上海电气,9.050,9.020,8.870,9.060,8.760,8.870,8.880,157812066,1396990161.000,161700,8.870,102500,8.860,191500,8.850,138400,8.840,198700,8.830,244200,8.880,386200,8.890,456500,8.900,226
2026-05-19 11:14:24 I 140492 D:\home\apps\api\utils\stock_api.py:65 (get_stock_info)	| [SinaAPI] Request: http://hq.sinajs.cn/list=sh601588, Status: 200
2026-05-19 11:14:24 I 140492 D:\home\apps\api\utils\stock_api.py:66 (get_stock_info)	| [SinaAPI] Response content: var hq_str_sh601588="北辰实业,1.930,1.930,1.920,1.970,1.910,1.920,1.930,20302100,39297800.000,383000,1.920,816900,1.910,762800,1.900,424100,1.890,1305200,1.880,1048300,1.930,427500,1.940,474900,1.950,2503
2026-05-19 11:14:24 I 140492 D:\home\apps\api\utils\stock_api.py:65 (get_stock_info)	| [SinaAPI] Request: http://hq.sinajs.cn/list=sh601100, Status: 200
2026-05-19 11:14:24 I 140492 D:\home\apps\api\utils\stock_api.py:66 (get_stock_info)	| [SinaAPI] Response content: var hq_str_sh601100="恒立液压,114.500,113.550,112.450,115.500,111.250,112.430,112.460,4297759,485161849.000,100,112.430,1500,112.390,400,112.380,300,112.370,500,112.360,300,112.460,1100,112.470,100,112.49
2026-05-19 11:14:24 I 140492 D:\home\apps\api\utils\stock_api.py:65 (get_stock_info)	| [SinaAPI] Request: http://hq.sinajs.cn/list=sh601059, Status: 200
2026-05-19 11:14:24 I 140492 D:\home\apps\api\utils\stock_api.py:66 (get_stock_info)	| [SinaAPI] Response content: var hq_str_sh601059="信达证券,17.200,16.670,17.100,17.200,17.010,17.090,17.100,18597770,318406138.000,8200,17.090,82700,17.080,81400,17.070,182600,17.060,57100,17.050,59900,17.100,94900,17.110,88300,17.12
2026-05-19 11:14:24 I 140492 D:\home\apps\api\utils\stock_api.py:65 (get_stock_info)	| [SinaAPI] Request: http://hq.sinajs.cn/list=sh600999, Status: 200
2026-05-19 11:14:24 I 140492 D:\home\apps\api\utils\stock_api.py:66 (get_stock_info)	| [SinaAPI] Response content: var hq_str_sh600999="招商证券,16.090,16.180,16.320,16.460,16.050,16.310,16.320,43620895,712706357.000,33900,16.310,73500,16.300,66800,16.290,49700,16.280,92900,16.270,36200,16.320,27800,16.330,19700,16.34
2026-05-19 11:14:24 I 140492 D:\home\apps\api\utils\stock_api.py:65 (get_stock_info)	| [SinaAPI] Request: http://hq.sinajs.cn/list=sh600936, Status: 200
2026-05-19 11:14:24 I 140492 D:\home\apps\api\utils\stock_api.py:66 (get_stock_info)	| [SinaAPI] Response content: var hq_str_sh600936="北投科技,5.250,5.310,5.840,5.840,5.250,5.840,0.000,58448260,335440714.000,19013000,5.840,107900,5.830,18200,5.820,5400,5.810,86500,5.800,0,0.000,0,0.000,0,0.000,0,0.000,0,0.000,2026-0
2026-05-19 11:14:24 I 140492 D:\home\apps\api\utils\stock_api.py:65 (get_stock_info)	| [SinaAPI] Request: http://hq.sinajs.cn/list=sh600392, Status: 200
2026-05-19 11:14:24 I 140492 D:\home\apps\api\utils\stock_api.py:66 (get_stock_info)	| [SinaAPI] Response content: var hq_str_sh600392="盛和资源,23.950,24.050,23.170,23.990,22.810,23.170,23.180,39121332,907003555.000,700,23.170,1900,23.160,10100,23.150,2400,23.140,4600,23.130,30600,23.180,13300,23.190,43400,23.200,450
2026-05-19 11:14:25 I 140492 D:\home\apps\api\utils\stock_api.py:65 (get_stock_info)	| [SinaAPI] Request: http://hq.sinajs.cn/list=sh600369, Status: 200
2026-05-19 11:14:25 I 140492 D:\home\apps\api\utils\stock_api.py:66 (get_stock_info)	| [SinaAPI] Response content: var hq_str_sh600369="西南证券,4.050,4.040,4.080,4.110,4.040,4.080,4.090,21437400,87537633.000,372800,4.080,888100,4.070,981800,4.060,690200,4.050,423500,4.040,892700,4.090,1102400,4.100,980500,4.110,94410
2026-05-19 11:14:25 I 140492 D:\home\apps\api\utils\stock_api.py:65 (get_stock_info)	| [SinaAPI] Request: http://hq.sinajs.cn/list=sh600362, Status: 200
2026-05-19 11:14:25 I 140492 D:\home\apps\api\utils\stock_api.py:66 (get_stock_info)	| [SinaAPI] Response content: var hq_str_sh600362="江西铜业,45.110,45.440,43.980,45.190,43.370,43.980,43.990,24963065,1101400275.000,1800,43.980,2900,43.970,14400,43.960,5900,43.950,5600,43.940,10700,43.990,23000,44.000,1800,44.010,11
2026-05-19 11:14:25 I 140492 D:\home\apps\api\utils\stock_api.py:65 (get_stock_info)	| [SinaAPI] Request: http://hq.sinajs.cn/list=sh600256, Status: 200
2026-05-19 11:14:25 I 140492 D:\home\apps\api\utils\stock_api.py:66 (get_stock_info)	| [SinaAPI] Response content: var hq_str_sh600256="广汇能源,6.460,6.550,6.310,6.460,6.280,6.310,6.320,73767676,467857654.000,64600,6.310,445200,6.300,1683800,6.290,1680300,6.280,511700,6.270,254700,6.320,280200,6.330,304700,6.340,1772
2026-05-19 11:14:25 I 140492 D:\home\apps\api\utils\stock_api.py:65 (get_stock_info)	| [SinaAPI] Request: http://hq.sinajs.cn/list=sh600121, Status: 200
2026-05-19 11:14:25 I 140492 D:\home\apps\api\utils\stock_api.py:66 (get_stock_info)	| [SinaAPI] Response content: var hq_str_sh600121="郑州煤电,4.270,4.280,4.330,4.370,4.200,4.330,4.340,37882161,163567753.000,320900,4.330,214900,4.320,300800,4.310,283200,4.300,219000,4.290,679800,4.340,750100,4.350,731700,4.360,86090
2026-05-19 11:14:25 I 140492 D:\home\apps\api\utils\stock_api.py:65 (get_stock_info)	| [SinaAPI] Request: http://hq.sinajs.cn/list=sh600116, Status: 200
2026-05-19 11:14:25 I 140492 D:\home\apps\api\utils\stock_api.py:66 (get_stock_info)	| [SinaAPI] Response content: var hq_str_sh600116="三峡水利,6.770,6.770,6.930,6.970,6.710,6.920,6.930,24642926,169796221.000,148700,6.920,123000,6.910,153300,6.900,88700,6.890,102400,6.880,153900,6.930,242500,6.940,500500,6.950,303000
2026-05-19 11:14:25 I 140492 D:\home\apps\api\utils\stock_api.py:65 (get_stock_info)	| [SinaAPI] Request: http://hq.sinajs.cn/list=sh600111, Status: 200
2026-05-19 11:14:25 I 140492 D:\home\apps\api\utils\stock_api.py:66 (get_stock_info)	| [SinaAPI] Response content: var hq_str_sh600111="北方稀土,51.200,51.700,49.970,51.580,49.500,49.970,49.980,69906092,3504834280.000,10200,49.970,500,49.960,6600,49.950,7700,49.940,9200,49.930,28400,49.980,64500,49.990,326900,50.000,9
2026-05-19 11:14:25 I 140492 D:\home\apps\api\utils\stock_api.py:65 (get_stock_info)	| [SinaAPI] Request: http://hq.sinajs.cn/list=sh600082, Status: 200
2026-05-19 11:14:25 I 140492 D:\home\apps\api\utils\stock_api.py:66 (get_stock_info)	| [SinaAPI] Response content: var hq_str_sh600082="ST海泰,3.810,3.800,3.840,3.940,3.800,3.840,3.850,10966360,42393389.000,27800,3.840,70300,3.830,26000,3.820,108800,3.810,257100,3.800,5200,3.850,54700,3.860,50800,3.870,23000,3.880,8
2026-05-19 11:14:25 I 140492 D:\home\apps\api\utils\stock_api.py:65 (get_stock_info)	| [SinaAPI] Request: http://hq.sinajs.cn/list=sh600081, Status: 200
2026-05-19 11:14:25 I 140492 D:\home\apps\api\utils\stock_api.py:66 (get_stock_info)	| [SinaAPI] Response content: var hq_str_sh600081="东风科技,12.300,12.400,12.410,12.860,12.300,12.400,12.410,9368570,117083957.000,34600,12.400,4200,12.390,7700,12.380,9000,12.370,6300,12.360,2100,12.410,7700,12.420,400,12.430,1300,12
2026-05-19 11:14:25 I 140492 D:\home\apps\api\utils\stock_api.py:65 (get_stock_info)	| [SinaAPI] Request: http://hq.sinajs.cn/list=sh600031, Status: 200
2026-05-19 11:14:25 I 140492 D:\home\apps\api\utils\stock_api.py:66 (get_stock_info)	| [SinaAPI] Response content: var hq_str_sh600031="三一重工,19.520,19.390,19.060,19.560,19.020,19.060,19.070,40242430,772528560.000,27900,19.060,54900,19.050,152700,19.040,270500,19.030,452200,19.020,22000,19.070,13000,19.080,20500,19
2026-05-19 11:14:25 I 140492 D:\home\apps\api\utils\stock_api.py:65 (get_stock_info)	| [SinaAPI] Request: http://hq.sinajs.cn/list=sz002441, Status: 200
2026-05-19 11:14:25 I 140492 D:\home\apps\api\utils\stock_api.py:66 (get_stock_info)	| [SinaAPI] Response content: var hq_str_sz002441="众业达,10.190,10.210,10.400,10.410,10.150,10.390,10.400,4521500,46649889.000,14200,10.390,19700,10.380,8100,10.370,6800,10.360,9500,10.350,3100,10.400,247600,10.410,8300,10.420,10000
2026-05-19 11:14:25 I 140492 D:\home\apps\api\utils\stock_api.py:65 (get_stock_info)	| [SinaAPI] Request: http://hq.sinajs.cn/list=sz002424, Status: 200
2026-05-19 11:14:25 I 140492 D:\home\apps\api\utils\stock_api.py:66 (get_stock_info)	| [SinaAPI] Response content: var hq_str_sz002424="ST百灵,4.940,4.860,4.900,5.020,4.890,4.900,4.910,5070100,25041104.000,86200,4.900,148600,4.890,279800,4.880,112000,4.870,61000,4.860,5400,4.910,44900,4.920,93300,4.930,80900,4.940,1
2026-05-19 11:14:25 I 140492 D:\home\apps\api\utils\stock_api.py:65 (get_stock_info)	| [SinaAPI] Request: http://hq.sinajs.cn/list=sz002408, Status: 200
2026-05-19 11:14:25 I 140492 D:\home\apps\api\utils\stock_api.py:66 (get_stock_info)	| [SinaAPI] Response content: var hq_str_sz002408="齐翔腾达,5.790,5.810,5.700,5.800,5.680,5.700,5.710,13561400,77575287.450,82100,5.700,148100,5.690,602700,5.680,207800,5.670,324900,5.660,168050,5.710,134000,5.720,21600,5.730,145000,5
2026-05-19 11:14:25 I 140492 D:\home\apps\api\utils\stock_api.py:65 (get_stock_info)	| [SinaAPI] Request: http://hq.sinajs.cn/list=sz002400, Status: 200
2026-05-19 11:14:25 I 140492 D:\home\apps\api\utils\stock_api.py:66 (get_stock_info)	| [SinaAPI] Response content: var hq_str_sz002400="省广集团,8.900,8.950,9.090,9.300,8.870,9.080,9.090,100637090,922179466.940,16400,9.080,299400,9.070,242000,9.060,458500,9.050,134200,9.040,69300,9.090,92100,9.100,49800,9.110,91400,9.
2026-05-19 11:14:25 I 140492 D:\home\apps\api\utils\stock_api.py:65 (get_stock_info)	| [SinaAPI] Request: http://hq.sinajs.cn/list=sz002390, Status: 200
2026-05-19 11:14:25 I 140492 D:\home\apps\api\utils\stock_api.py:66 (get_stock_info)	| [SinaAPI] Response content: var hq_str_sz002390="信邦制药,3.150,3.150,3.160,3.190,3.150,3.160,3.170,11354034,36057036.710,795100,3.160,879000,3.150,608700,3.140,426500,3.130,428300,3.120,702600,3.170,744700,3.180,1084700,3.190,10437
2026-05-19 11:14:25 I 140492 D:\home\apps\api\utils\stock_api.py:65 (get_stock_info)	| [SinaAPI] Request: http://hq.sinajs.cn/list=sz002378, Status: 200
2026-05-19 11:14:25 I 140492 D:\home\apps\api\utils\stock_api.py:66 (get_stock_info)	| [SinaAPI] Response content: var hq_str_sz002378="章源钨业,29.950,29.950,28.290,30.000,27.760,28.290,28.300,38534931,1097759612.840,8600,28.290,7900,28.280,9800,28.270,7900,28.260,7300,28.250,7100,28.300,8400,28.310,7600,28.320,2700,
2026-05-19 11:14:25 I 140492 D:\home\apps\api\utils\stock_api.py:65 (get_stock_info)	| [SinaAPI] Request: http://hq.sinajs.cn/list=sz002374, Status: 200
2026-05-19 11:14:25 I 140492 D:\home\apps\api\utils\stock_api.py:66 (get_stock_info)	| [SinaAPI] Response content: var hq_str_sz002374="中锐股份,3.700,3.910,3.750,3.970,3.660,3.740,3.750,98768077,376823061.470,165800,3.740,152900,3.730,259200,3.720,290400,3.710,753900,3.700,117200,3.750,113800,3.760,133700,3.770,14970
2026-05-19 11:14:25 I 140492 D:\home\apps\api\utils\stock_api.py:65 (get_stock_info)	| [SinaAPI] Request: http://hq.sinajs.cn/list=sz002372, Status: 200
2026-05-19 11:14:25 I 140492 D:\home\apps\api\utils\stock_api.py:66 (get_stock_info)	| [SinaAPI] Response content: var hq_str_sz002372="伟星新材,10.210,10.210,10.200,10.260,10.150,10.200,10.210,2902400,29607041.000,100,10.200,5100,10.190,1700,10.180,6600,10.170,20800,10.160,37400,10.210,17800,10.220,16800,10.230,26700
2026-05-19 11:14:25 I 140492 D:\home\apps\api\utils\stock_api.py:65 (get_stock_info)	| [SinaAPI] Request: http://hq.sinajs.cn/list=sz002357, Status: 200
2026-05-19 11:14:25 I 140492 D:\home\apps\api\utils\stock_api.py:66 (get_stock_info)	| [SinaAPI] Response content: var hq_str_sz002357="富临运业,11.270,11.270,11.160,11.530,11.110,11.150,11.160,4613202,52122534.240,5400,11.150,7300,11.140,3200,11.130,18100,11.120,32900,11.110,1000,11.160,14800,11.170,3400,11.180,4200,
2026-05-19 11:14:25 I 140492 D:\home\apps\api\utils\stock_api.py:65 (get_stock_info)	| [SinaAPI] Request: http://hq.sinajs.cn/list=sz002330, Status: 200
2026-05-19 11:14:25 I 140492 D:\home\apps\api\utils\stock_api.py:66 (get_stock_info)	| [SinaAPI] Response content: var hq_str_sz002330="得利斯,4.530,4.520,4.450,4.580,4.440,4.450,4.460,7053300,31924289.000,75300,4.450,134500,4.440,63800,4.430,57400,4.420,83900,4.410,87400,4.460,15800,4.470,18700,4.480,47900,4.490,340
2026-05-19 11:14:25 I 140492 D:\home\apps\api\utils\stock_api.py:65 (get_stock_info)	| [SinaAPI] Request: http://hq.sinajs.cn/list=sz002303, Status: 200
2026-05-19 11:14:25 I 140492 D:\home\apps\api\utils\stock_api.py:66 (get_stock_info)	| [SinaAPI] Response content: var hq_str_sz002303="美盈森,3.540,3.540,3.520,3.560,3.500,3.520,3.530,7679900,27121109.000,60300,3.520,466300,3.510,697300,3.500,382800,3.490,374500,3.480,184100,3.530,167300,3.540,315800,3.550,614900,3.
2026-05-19 11:14:26 I 140492 D:\home\apps\api\utils\stock_api.py:65 (get_stock_info)	| [SinaAPI] Request: http://hq.sinajs.cn/list=sz002282, Status: 200
2026-05-19 11:14:26 I 140492 D:\home\apps\api\utils\stock_api.py:66 (get_stock_info)	| [SinaAPI] Response content: var hq_str_sz002282="博深股份,6.500,6.460,6.530,6.610,6.470,6.520,6.530,2612300,17124373.000,22600,6.520,42300,6.510,32800,6.500,15500,6.490,14400,6.480,21300,6.530,40300,6.540,7000,6.550,30420,6.560,1890
2026-05-19 11:14:26 I 140492 D:\home\apps\api\utils\stock_api.py:65 (get_stock_info)	| [SinaAPI] Request: http://hq.sinajs.cn/list=sz002275, Status: 200
2026-05-19 11:14:26 I 140492 D:\home\apps\api\utils\stock_api.py:66 (get_stock_info)	| [SinaAPI] Response content: var hq_str_sz002275="桂林三金,13.750,13.750,13.880,13.910,13.710,13.870,13.880,991200,13727346.000,4100,13.870,3000,13.860,3100,13.850,8700,13.840,6400,13.830,13900,13.880,2900,13.890,16800,13.900,10600,1
2026-05-19 11:14:26 I 140492 D:\home\apps\api\utils\stock_api.py:65 (get_stock_info)	| [SinaAPI] Request: http://hq.sinajs.cn/list=sz002264, Status: 200
2026-05-19 11:14:26 I 140492 D:\home\apps\api\utils\stock_api.py:66 (get_stock_info)	| [SinaAPI] Response content: var hq_str_sz002264="新 华 都,7.600,7.600,7.550,7.730,7.540,7.550,7.560,8690603,66436481.800,14300,7.550,41600,7.540,61800,7.530,52500,7.520,70100,7.510,45800,7.560,9600,7.570,5800,7.580,6600,7.590,15400
2026-05-19 11:14:26 I 140492 D:\home\apps\api\utils\stock_api.py:65 (get_stock_info)	| [SinaAPI] Request: http://hq.sinajs.cn/list=sz002175, Status: 200
2026-05-19 11:14:26 I 140492 D:\home\apps\api\utils\stock_api.py:66 (get_stock_info)	| [SinaAPI] Response content: var hq_str_sz002175="*ST东智,2.680,2.820,2.680,2.680,2.680,0.000,2.680,11927900,31966772.000,0,0.000,0,0.000,0,0.000,0,0.000,0,0.000,59069643,2.680,94600,2.690,121700,2.700,147900,2.710,39700,2.720,2026
2026-05-19 11:14:26 I 140492 D:\home\apps\api\utils\stock_api.py:65 (get_stock_info)	| [SinaAPI] Request: http://hq.sinajs.cn/list=sz002174, Status: 200
2026-05-19 11:14:26 I 140492 D:\home\apps\api\utils\stock_api.py:66 (get_stock_info)	| [SinaAPI] Response content: var hq_str_sz002174="游族网络,11.710,11.760,11.690,12.090,11.550,11.680,11.690,31280800,368617116.210,18400,11.680,3800,11.670,7100,11.660,11700,11.650,13100,11.640,5100,11.690,10200,11.700,10800,11.710,2
2026-05-19 11:14:26 I 140492 D:\home\apps\api\utils\stock_api.py:65 (get_stock_info)	| [SinaAPI] Request: http://hq.sinajs.cn/list=sz002157, Status: 200
2026-05-19 11:14:26 I 140492 D:\home\apps\api\utils\stock_api.py:66 (get_stock_info)	| [SinaAPI] Response content: var hq_str_sz002157="正邦科技,3.330,3.320,3.260,3.360,3.230,3.260,3.270,153626900,504366697.000,1665100,3.260,3432800,3.250,4023700,3.240,5283100,3.230,2312900,3.220,1003400,3.270,812300,3.280,1088178,3.2
2026-05-19 11:14:26 I 140492 D:\home\apps\api\utils\stock_api.py:65 (get_stock_info)	| [SinaAPI] Request: http://hq.sinajs.cn/list=sz002129, Status: 200
2026-05-19 11:14:26 I 140492 D:\home\apps\api\utils\stock_api.py:66 (get_stock_info)	| [SinaAPI] Response content: var hq_str_sz002129="TCL中环,9.380,9.360,9.480,9.650,9.240,9.480,9.490,102252745,967355636.330,86600,9.480,162200,9.470,127000,9.460,495900,9.450,113000,9.440,11100,9.490,65325,9.500,41400,9.510,11700,9
2026-05-19 11:14:26 I 140492 D:\home\apps\api\utils\stock_api.py:65 (get_stock_info)	| [SinaAPI] Request: http://hq.sinajs.cn/list=sz002067, Status: 200
2026-05-19 11:14:26 I 140492 D:\home\apps\api\utils\stock_api.py:66 (get_stock_info)	| [SinaAPI] Response content: var hq_str_sz002067="景兴纸业,5.280,4.800,5.280,5.280,5.210,5.280,0.000,78780262,415896451.360,32774116,5.280,413700,5.270,231200,5.260,98400,5.250,136700,5.240,0,0.000,0,0.000,0,0.000,0,0.000,0,0.000,202
2026-05-19 11:14:26 I 140492 D:\home\apps\api\utils\stock_api.py:65 (get_stock_info)	| [SinaAPI] Request: http://hq.sinajs.cn/list=sz002044, Status: 200
2026-05-19 11:14:26 I 140492 D:\home\apps\api\utils\stock_api.py:66 (get_stock_info)	| [SinaAPI] Response content: var hq_str_sz002044="美年健康,6.140,6.120,6.330,6.730,6.120,6.320,6.330,318602151,2064566254.320,335855,6.320,753200,6.310,1714700,6.300,320000,6.290,598100,6.280,108600,6.330,99300,6.340,422500,6.350,143
2026-05-19 11:14:26 I 140492 D:\home\apps\api\utils\stock_api.py:65 (get_stock_info)	| [SinaAPI] Request: http://hq.sinajs.cn/list=sz002043, Status: 200
2026-05-19 11:14:26 I 140492 D:\home\apps\api\utils\stock_api.py:66 (get_stock_info)	| [SinaAPI] Response content: var hq_str_sz002043="兔 宝 宝,13.500,13.720,13.640,13.890,13.330,13.650,13.660,8006743,109848223.810,1900,13.650,1400,13.640,6000,13.630,9800,13.620,3200,13.610,800,13.660,1600,13.670,200,13.680,4700,13.
2026-05-19 11:14:26 I 140492 D:\home\apps\api\utils\stock_api.py:65 (get_stock_info)	| [SinaAPI] Request: http://hq.sinajs.cn/list=sz000786, Status: 200
2026-05-19 11:14:26 I 140492 D:\home\apps\api\utils\stock_api.py:66 (get_stock_info)	| [SinaAPI] Response content: var hq_str_sz000786="北新建材,24.630,24.610,24.610,24.740,24.530,24.600,24.610,5424200,133557514.000,11900,24.600,36800,24.590,8700,24.580,49000,24.570,48500,24.560,11700,24.610,200,24.620,1100,24.630,110
2026-05-19 11:14:26 I 140492 D:\home\apps\api\utils\stock_api.py:65 (get_stock_info)	| [SinaAPI] Request: http://hq.sinajs.cn/list=sz000750, Status: 200
2026-05-19 11:14:26 I 140492 D:\home\apps\api\utils\stock_api.py:66 (get_stock_info)	| [SinaAPI] Response content: var hq_str_sz000750="国海证券,3.790,3.800,3.820,3.850,3.790,3.810,3.820,25266480,96612361.570,1132200,3.810,2246700,3.800,1317900,3.790,1089800,3.780,877100,3.770,48400,3.820,1345600,3.830,1093200,3.840,1
2026-05-19 11:14:26 I 140492 D:\home\apps\api\utils\stock_api.py:65 (get_stock_info)	| [SinaAPI] Request: http://hq.sinajs.cn/list=sz000709, Status: 200
2026-05-19 11:14:26 I 140492 D:\home\apps\api\utils\stock_api.py:66 (get_stock_info)	| [SinaAPI] Response content: var hq_str_sz000709="河钢股份,2.240,2.240,2.240,2.260,2.230,2.240,2.250,30962943,69643984.050,10632185,2.240,5384400,2.230,6107000,2.220,2779200,2.210,3708000,2.200,3767587,2.250,8110510,2.260,5323898,2.2
2026-05-19 11:14:26 I 140492 D:\home\apps\api\utils\stock_api.py:65 (get_stock_info)	| [SinaAPI] Request: http://hq.sinajs.cn/list=sz000166, Status: 200
2026-05-19 11:14:26 I 140492 D:\home\apps\api\utils\stock_api.py:66 (get_stock_info)	| [SinaAPI] Response content: var hq_str_sz000166="申万宏源,4.460,4.470,4.480,4.520,4.450,4.470,4.480,47490864,213249893.810,941900,4.470,1612600,4.460,1601000,4.450,1011600,4.440,860600,4.430,878600,4.480,1621240,4.490,2499720,4.500,
2026-05-19 11:14:26 I 140492 D:\home\apps\api\utils\stock_api.py:65 (get_stock_info)	| [SinaAPI] Request: http://hq.sinajs.cn/list=sz000069, Status: 200
2026-05-19 11:14:26 I 140492 D:\home\apps\api\utils\stock_api.py:66 (get_stock_info)	| [SinaAPI] Response content: var hq_str_sz000069="华侨城Ａ,2.070,2.070,2.070,2.100,2.060,2.070,2.080,20668333,42880514.640,290400,2.070,831100,2.060,1142300,2.050,882200,2.040,1312000,2.030,2060300,2.080,1444000,2.090,1899700,2.100,1
2026-05-19 19:48:29 I 5848 D:\home\apps\api\utils\stock_api.py:65 (get_stock_info)	| [SinaAPI] Request: http://hq.sinajs.cn/list=sh601727, Status: 200
2026-05-19 19:48:29 I 5848 D:\home\apps\api\utils\stock_api.py:66 (get_stock_info)	| [SinaAPI] Response content: var hq_str_sh601727="上海电气,9.050,9.020,8.980,9.060,8.760,8.980,8.990,265950009,2366196642.000,39435,8.980,517300,8.970,447600,8.960,293500,8.950,427700,8.940,1596857,8.990,3161397,9.000,1380700,9.010,1
2026-05-19 19:48:29 I 5848 D:\home\apps\api\utils\stock_api.py:65 (get_stock_info)	| [SinaAPI] Request: http://hq.sinajs.cn/list=sh601588, Status: 200
2026-05-19 19:48:29 I 5848 D:\home\apps\api\utils\stock_api.py:66 (get_stock_info)	| [SinaAPI] Response content: var hq_str_sh601588="北辰实业,1.930,1.930,1.950,1.970,1.900,1.940,1.950,36405800,70374889.000,446300,1.940,551800,1.930,339800,1.920,134900,1.910,574800,1.900,1115400,1.950,243200,1.960,281900,1.970,38270
2026-05-19 19:48:29 I 5848 D:\home\apps\api\utils\stock_api.py:65 (get_stock_info)	| [SinaAPI] Request: http://hq.sinajs.cn/list=sh601100, Status: 200
2026-05-19 19:48:29 I 5848 D:\home\apps\api\utils\stock_api.py:66 (get_stock_info)	| [SinaAPI] Response content: var hq_str_sh601100="恒立液压,114.500,113.550,112.360,115.500,111.250,112.360,112.420,7321050,824164204.000,147,112.360,1100,112.350,600,112.340,300,112.330,1000,112.320,8100,112.420,300,112.450,500,112.4
2026-05-19 19:48:29 I 5848 D:\home\apps\api\utils\stock_api.py:65 (get_stock_info)	| [SinaAPI] Request: http://hq.sinajs.cn/list=sh601059, Status: 200
2026-05-19 19:48:29 I 5848 D:\home\apps\api\utils\stock_api.py:66 (get_stock_info)	| [SinaAPI] Response content: var hq_str_sh601059="信达证券,17.200,16.670,17.150,17.200,17.010,17.150,17.160,26655270,456517768.000,12600,17.150,51200,17.140,180300,17.130,72800,17.120,49100,17.110,43200,17.160,172300,17.170,175700,17
2026-05-19 19:48:30 I 5848 D:\home\apps\api\utils\stock_api.py:65 (get_stock_info)	| [SinaAPI] Request: http://hq.sinajs.cn/list=sh600999, Status: 200
2026-05-19 19:48:30 I 5848 D:\home\apps\api\utils\stock_api.py:66 (get_stock_info)	| [SinaAPI] Response content: var hq_str_sh600999="招商证券,16.090,16.180,16.720,16.810,16.050,16.720,16.730,103519243,1706520788.000,189060,16.720,19700,16.710,81800,16.700,47400,16.690,18300,16.680,286100,16.730,140300,16.740,293500
2026-05-19 19:48:30 I 5848 D:\home\apps\api\utils\stock_api.py:65 (get_stock_info)	| [SinaAPI] Request: http://hq.sinajs.cn/list=sh600936, Status: 200
2026-05-19 19:48:30 I 5848 D:\home\apps\api\utils\stock_api.py:66 (get_stock_info)	| [SinaAPI] Response content: var hq_str_sh600936="北投科技,5.250,5.310,5.840,5.840,5.250,5.840,0.000,61106060,350962266.000,9918200,5.840,419200,5.830,19300,5.820,15900,5.810,67200,5.800,0,0.000,0,0.000,0,0.000,0,0.000,0,0.000,2026-0
2026-05-19 19:48:30 I 5848 D:\home\apps\api\utils\stock_api.py:65 (get_stock_info)	| [SinaAPI] Request: http://hq.sinajs.cn/list=sh600392, Status: 200
2026-05-19 19:48:30 I 5848 D:\home\apps\api\utils\stock_api.py:66 (get_stock_info)	| [SinaAPI] Response content: var hq_str_sh600392="盛和资源,23.950,24.050,23.320,23.990,22.810,23.320,23.330,58572943,1357660692.000,102610,23.320,88900,23.310,132900,23.300,31400,23.290,68000,23.280,10500,23.330,5100,23.340,22700,23.
2026-05-19 19:48:30 I 5848 D:\home\apps\api\utils\stock_api.py:65 (get_stock_info)	| [SinaAPI] Request: http://hq.sinajs.cn/list=sh600369, Status: 200
2026-05-19 19:48:30 I 5848 D:\home\apps\api\utils\stock_api.py:66 (get_stock_info)	| [SinaAPI] Response content: var hq_str_sh600369="西南证券,4.050,4.040,4.120,4.140,4.040,4.120,4.130,46434193,190262444.000,227700,4.120,397800,4.110,284200,4.100,271100,4.090,379800,4.080,757100,4.130,1177500,4.140,638900,4.150,4065
2026-05-19 19:48:30 I 5848 D:\home\apps\api\utils\stock_api.py:65 (get_stock_info)	| [SinaAPI] Request: http://hq.sinajs.cn/list=sh600362, Status: 200
2026-05-19 19:48:30 I 5848 D:\home\apps\api\utils\stock_api.py:66 (get_stock_info)	| [SinaAPI] Response content: var hq_str_sh600362="江西铜业,45.110,45.440,44.120,45.190,43.370,44.120,44.130,38293815,1687106252.000,93109,44.120,14400,44.110,21142,44.100,22100,44.090,13900,44.080,27200,44.130,43900,44.140,38200,44.1
2026-05-19 19:48:30 I 5848 D:\home\apps\api\utils\stock_api.py:65 (get_stock_info)	| [SinaAPI] Request: http://hq.sinajs.cn/list=sh600256, Status: 200
2026-05-19 19:48:30 I 5848 D:\home\apps\api\utils\stock_api.py:66 (get_stock_info)	| [SinaAPI] Response content: var hq_str_sh600256="广汇能源,6.460,6.550,6.390,6.460,6.280,6.380,6.390,116058411,736147679.000,555100,6.380,538200,6.370,301300,6.360,325600,6.350,160700,6.340,351400,6.390,737100,6.400,356300,6.410,4234
2026-05-19 19:48:30 I 5848 D:\home\apps\api\utils\stock_api.py:65 (get_stock_info)	| [SinaAPI] Request: http://hq.sinajs.cn/list=sh600121, Status: 200
2026-05-19 19:48:30 I 5848 D:\home\apps\api\utils\stock_api.py:66 (get_stock_info)	| [SinaAPI] Response content: var hq_str_sh600121="郑州煤电,4.270,4.280,4.390,4.400,4.200,4.390,4.400,66017011,286459114.000,294800,4.390,533820,4.380,649800,4.370,110500,4.360,114000,4.350,2138580,4.400,383400,4.410,486960,4.420,1064
2026-05-19 19:48:30 I 5848 D:\home\apps\api\utils\stock_api.py:65 (get_stock_info)	| [SinaAPI] Request: http://hq.sinajs.cn/list=sh600116, Status: 200
2026-05-19 19:48:30 I 5848 D:\home\apps\api\utils\stock_api.py:66 (get_stock_info)	| [SinaAPI] Response content: var hq_str_sh600116="三峡水利,6.770,6.770,6.970,6.990,6.710,6.970,6.980,42517126,294204613.000,294200,6.970,104700,6.960,64500,6.950,56300,6.940,104100,6.930,244100,6.980,1050348,6.990,887500,7.000,131900
2026-05-19 19:48:30 I 5848 D:\home\apps\api\utils\stock_api.py:65 (get_stock_info)	| [SinaAPI] Request: http://hq.sinajs.cn/list=sh600111, Status: 200
2026-05-19 19:48:30 I 5848 D:\home\apps\api\utils\stock_api.py:66 (get_stock_info)	| [SinaAPI] Response content: var hq_str_sh600111="北方稀土,51.200,51.700,50.250,51.580,49.500,50.250,50.260,110315017,5522968536.000,356006,50.250,281200,50.240,61500,50.230,40700,50.220,138500,50.210,60300,50.260,13800,50.270,55700,
2026-05-19 19:48:30 I 5848 D:\home\apps\api\utils\stock_api.py:65 (get_stock_info)	| [SinaAPI] Request: http://hq.sinajs.cn/list=sh600082, Status: 200
2026-05-19 19:48:30 I 5848 D:\home\apps\api\utils\stock_api.py:66 (get_stock_info)	| [SinaAPI] Response content: var hq_str_sh600082="ST海泰,3.810,3.800,3.860,3.940,3.800,3.860,3.870,15004960,58027937.000,277900,3.860,205200,3.850,19800,3.840,15700,3.830,74800,3.820,37100,3.870,12100,3.880,168200,3.890,238500,3.90
2026-05-19 19:48:30 I 5848 D:\home\apps\api\utils\stock_api.py:65 (get_stock_info)	| [SinaAPI] Request: http://hq.sinajs.cn/list=sh600081, Status: 200
2026-05-19 19:48:30 I 5848 D:\home\apps\api\utils\stock_api.py:66 (get_stock_info)	| [SinaAPI] Response content: var hq_str_sh600081="东风科技,12.300,12.400,12.410,12.860,12.300,12.410,12.420,14296260,178212702.000,14700,12.410,73100,12.400,14700,12.390,90700,12.380,8900,12.370,1000,12.420,58170,12.430,16500,12.440,
2026-05-19 19:48:30 I 5848 D:\home\apps\api\utils\stock_api.py:65 (get_stock_info)	| [SinaAPI] Request: http://hq.sinajs.cn/list=sh600031, Status: 200
2026-05-19 19:48:30 I 5848 D:\home\apps\api\utils\stock_api.py:66 (get_stock_info)	| [SinaAPI] Response content: var hq_str_sh600031="三一重工,19.520,19.390,19.310,19.560,19.000,19.310,19.320,75523667,1450043100.000,292046,19.310,388300,19.300,102600,19.290,127200,19.280,49700,19.270,37800,19.320,43850,19.330,98300,
2026-05-19 19:48:30 I 5848 D:\home\apps\api\utils\stock_api.py:65 (get_stock_info)	| [SinaAPI] Request: http://hq.sinajs.cn/list=sz002441, Status: 200
2026-05-19 19:48:30 I 5848 D:\home\apps\api\utils\stock_api.py:66 (get_stock_info)	| [SinaAPI] Response content: var hq_str_sz002441="众业达,10.190,10.210,10.570,10.580,10.150,10.560,10.570,11126200,116031209.000,13000,10.560,39500,10.550,13800,10.540,12900,10.530,16100,10.520,63700,10.570,50000,10.580,97400,10.590
2026-05-19 19:48:30 I 5848 D:\home\apps\api\utils\stock_api.py:65 (get_stock_info)	| [SinaAPI] Request: http://hq.sinajs.cn/list=sz002424, Status: 200
2026-05-19 19:48:30 I 5848 D:\home\apps\api\utils\stock_api.py:66 (get_stock_info)	| [SinaAPI] Response content: var hq_str_sz002424="ST百灵,4.940,4.860,4.920,5.020,4.890,4.920,4.930,6939500,34221870.000,133500,4.920,302300,4.910,259500,4.900,84600,4.890,144600,4.880,124000,4.930,125700,4.940,152000,4.950,162600,4
2026-05-19 19:48:30 I 5848 D:\home\apps\api\utils\stock_api.py:65 (get_stock_info)	| [SinaAPI] Request: http://hq.sinajs.cn/list=sz002408, Status: 200
2026-05-19 19:48:30 I 5848 D:\home\apps\api\utils\stock_api.py:66 (get_stock_info)	| [SinaAPI] Response content: var hq_str_sz002408="齐翔腾达,5.790,5.810,5.730,5.800,5.680,5.730,5.740,25004650,142976796.350,2000,5.730,165100,5.720,241300,5.710,319600,5.700,147160,5.690,201500,5.740,82100,5.750,134300,5.760,87500,5.
2026-05-19 19:48:30 I 5848 D:\home\apps\api\utils\stock_api.py:65 (get_stock_info)	| [SinaAPI] Request: http://hq.sinajs.cn/list=sz002400, Status: 200
2026-05-19 19:48:30 I 5848 D:\home\apps\api\utils\stock_api.py:66 (get_stock_info)	| [SinaAPI] Response content: var hq_str_sz002400="省广集团,8.900,8.950,9.090,9.300,8.870,9.090,9.100,141626291,1293596269.820,761400,9.090,735400,9.080,443600,9.070,275000,9.060,206300,9.050,513800,9.100,118000,9.110,164000,9.120,115
2026-05-19 19:48:30 I 5848 D:\home\apps\api\utils\stock_api.py:65 (get_stock_info)	| [SinaAPI] Request: http://hq.sinajs.cn/list=sz002390, Status: 200
2026-05-19 19:48:30 I 5848 D:\home\apps\api\utils\stock_api.py:66 (get_stock_info)	| [SinaAPI] Response content: var hq_str_sz002390="信邦制药,3.150,3.150,3.220,3.230,3.150,3.220,3.230,22993934,73247800.710,1007600,3.220,126300,3.210,329600,3.200,219900,3.190,186300,3.180,453400,3.230,471200,3.240,618800,3.250,98700
2026-05-19 19:48:30 I 5848 D:\home\apps\api\utils\stock_api.py:65 (get_stock_info)	| [SinaAPI] Request: http://hq.sinajs.cn/list=sz002378, Status: 200
2026-05-19 19:48:30 I 5848 D:\home\apps\api\utils\stock_api.py:66 (get_stock_info)	| [SinaAPI] Response content: var hq_str_sz002378="章源钨业,29.950,29.950,28.320,30.000,27.760,28.310,28.320,54945144,1561415912.340,67600,28.310,117100,28.300,43000,28.290,57400,28.280,58000,28.270,43140,28.320,144500,28.330,7100,28.
2026-05-19 19:48:30 I 5848 D:\home\apps\api\utils\stock_api.py:65 (get_stock_info)	| [SinaAPI] Request: http://hq.sinajs.cn/list=sz002374, Status: 200
2026-05-19 19:48:30 I 5848 D:\home\apps\api\utils\stock_api.py:66 (get_stock_info)	| [SinaAPI] Response content: var hq_str_sz002374="中锐股份,3.700,3.910,3.810,3.970,3.660,3.800,3.810,152947311,581132579.430,697600,3.800,282960,3.790,378100,3.780,234100,3.770,204600,3.760,378300,3.810,229500,3.820,308500,3.830,4338
2026-05-19 19:48:30 I 5848 D:\home\apps\api\utils\stock_api.py:65 (get_stock_info)	| [SinaAPI] Request: http://hq.sinajs.cn/list=sz002372, Status: 200
2026-05-19 19:48:30 I 5848 D:\home\apps\api\utils\stock_api.py:66 (get_stock_info)	| [SinaAPI] Response content: var hq_str_sz002372="伟星新材,10.210,10.210,10.170,10.260,10.140,10.160,10.170,6027699,61447331.830,90300,10.160,46700,10.150,26900,10.140,8600,10.130,12700,10.120,20300,10.170,18300,10.180,14700,10.190,1
2026-05-19 19:48:30 I 5848 D:\home\apps\api\utils\stock_api.py:65 (get_stock_info)	| [SinaAPI] Request: http://hq.sinajs.cn/list=sz002357, Status: 200
2026-05-19 19:48:30 I 5848 D:\home\apps\api\utils\stock_api.py:66 (get_stock_info)	| [SinaAPI] Response content: var hq_str_sz002357="富临运业,11.270,11.270,11.160,11.530,11.080,11.150,11.160,8438702,94754766.240,73100,11.150,11400,11.140,34100,11.130,17300,11.120,22900,11.110,500,11.160,8400,11.170,42200,11.180,220
2026-05-19 19:48:30 I 5848 D:\home\apps\api\utils\stock_api.py:65 (get_stock_info)	| [SinaAPI] Request: http://hq.sinajs.cn/list=sz002330, Status: 200
2026-05-19 19:48:30 I 5848 D:\home\apps\api\utils\stock_api.py:66 (get_stock_info)	| [SinaAPI] Response content: var hq_str_sz002330="得利斯,4.530,4.520,4.500,4.580,4.430,4.500,4.510,11177200,50339363.000,45800,4.500,81500,4.490,4500,4.480,23600,4.470,5600,4.460,60400,4.510,96500,4.520,27300,4.530,36900,4.540,56600
2026-05-19 19:48:30 I 5848 D:\home\apps\api\utils\stock_api.py:65 (get_stock_info)	| [SinaAPI] Request: http://hq.sinajs.cn/list=sz002303, Status: 200
2026-05-19 19:48:30 I 5848 D:\home\apps\api\utils\stock_api.py:66 (get_stock_info)	| [SinaAPI] Response content: var hq_str_sz002303="美盈森,3.540,3.540,3.560,3.560,3.500,3.550,3.560,12779009,45148521.950,166700,3.550,207900,3.540,180700,3.530,116300,3.520,211300,3.510,826800,3.560,448100,3.570,216500,3.580,381200,
2026-05-19 19:48:30 I 5848 D:\home\apps\api\utils\stock_api.py:65 (get_stock_info)	| [SinaAPI] Request: http://hq.sinajs.cn/list=sz002282, Status: 200
2026-05-19 19:48:30 I 5848 D:\home\apps\api\utils\stock_api.py:66 (get_stock_info)	| [SinaAPI] Response content: var hq_str_sz002282="博深股份,6.500,6.460,6.610,6.620,6.470,6.610,6.620,4779700,31341948.000,1500,6.610,26400,6.600,35300,6.590,4900,6.580,11000,6.570,82200,6.620,26300,6.630,34700,6.640,17200,6.650,20900
2026-05-19 19:48:30 I 5848 D:\home\apps\api\utils\stock_api.py:65 (get_stock_info)	| [SinaAPI] Request: http://hq.sinajs.cn/list=sz002275, Status: 200
2026-05-19 19:48:30 I 5848 D:\home\apps\api\utils\stock_api.py:66 (get_stock_info)	| [SinaAPI] Response content: var hq_str_sz002275="桂林三金,13.750,13.750,13.890,13.940,13.710,13.890,13.900,1772950,24583680.000,8650,13.890,3900,13.880,1400,13.870,10000,13.860,800,13.840,100,13.900,3500,13.910,1600,13.920,2900,13.9
2026-05-19 19:48:30 I 5848 D:\home\apps\api\utils\stock_api.py:65 (get_stock_info)	| [SinaAPI] Request: http://hq.sinajs.cn/list=sz002264, Status: 200
2026-05-19 19:48:30 I 5848 D:\home\apps\api\utils\stock_api.py:66 (get_stock_info)	| [SinaAPI] Response content: var hq_str_sz002264="新 华 都,7.600,7.600,7.600,7.730,7.470,7.590,7.600,15585803,118467967.800,143400,7.590,105300,7.580,25100,7.570,39000,7.560,17200,7.550,7900,7.600,85100,7.610,23400,7.620,22200,7.630
2026-05-19 19:48:30 I 5848 D:\home\apps\api\utils\stock_api.py:65 (get_stock_info)	| [SinaAPI] Request: http://hq.sinajs.cn/list=sz002175, Status: 200
2026-05-19 19:48:30 I 5848 D:\home\apps\api\utils\stock_api.py:66 (get_stock_info)	| [SinaAPI] Response content: var hq_str_sz002175="*ST东智,2.680,2.820,2.680,2.680,2.680,0.000,2.680,14882300,39884564.000,0,0.000,0,0.000,0,0.000,0,0.000,0,0.000,48144939,2.680,231500,2.690,31200,2.700,147400,2.710,47500,2.720,2026
2026-05-19 19:48:30 I 5848 D:\home\apps\api\utils\stock_api.py:65 (get_stock_info)	| [SinaAPI] Request: http://hq.sinajs.cn/list=sz002174, Status: 200
2026-05-19 19:48:30 I 5848 D:\home\apps\api\utils\stock_api.py:66 (get_stock_info)	| [SinaAPI] Response content: var hq_str_sz002174="游族网络,11.710,11.760,11.800,12.090,11.550,11.790,11.800,47518976,558985957.970,137700,11.790,48000,11.780,56700,11.770,49924,11.760,129000,11.750,196300,11.800,37300,11.810,21400,11
2026-05-19 19:48:30 I 5848 D:\home\apps\api\utils\stock_api.py:65 (get_stock_info)	| [SinaAPI] Request: http://hq.sinajs.cn/list=sz002157, Status: 200
2026-05-19 19:48:30 I 5848 D:\home\apps\api\utils\stock_api.py:66 (get_stock_info)	| [SinaAPI] Response content: var hq_str_sz002157="正邦科技,3.330,3.320,3.360,3.380,3.230,3.360,3.370,264263632,872974199.260,1670289,3.360,1446600,3.350,718600,3.340,638900,3.330,609400,3.320,1311300,3.370,2869000,3.380,1808000,3.390
2026-05-19 19:48:30 I 5848 D:\home\apps\api\utils\stock_api.py:65 (get_stock_info)	| [SinaAPI] Request: http://hq.sinajs.cn/list=sz002129, Status: 200
2026-05-19 19:48:30 I 5848 D:\home\apps\api\utils\stock_api.py:66 (get_stock_info)	| [SinaAPI] Response content: var hq_str_sz002129="TCL中环,9.380,9.360,9.810,10.070,9.240,9.800,9.810,229140180,2197877710.510,308200,9.800,48800,9.790,38700,9.780,34800,9.770,46600,9.760,682042,9.810,67900,9.820,133875,9.830,29800,
2026-05-19 19:48:30 I 5848 D:\home\apps\api\utils\stock_api.py:65 (get_stock_info)	| [SinaAPI] Request: http://hq.sinajs.cn/list=sz002067, Status: 200
2026-05-19 19:48:30 I 5848 D:\home\apps\api\utils\stock_api.py:66 (get_stock_info)	| [SinaAPI] Response content: var hq_str_sz002067="景兴纸业,5.280,4.800,5.280,5.280,5.210,5.280,0.000,81981700,432800044.000,16498778,5.280,601300,5.270,210000,5.260,51600,5.250,93300,5.240,0,0.000,0,0.000,0,0.000,0,0.000,0,0.000,2026
2026-05-19 19:48:30 I 5848 D:\home\apps\api\utils\stock_api.py:65 (get_stock_info)	| [SinaAPI] Request: http://hq.sinajs.cn/list=sz002044, Status: 200
2026-05-19 19:48:30 I 5848 D:\home\apps\api\utils\stock_api.py:66 (get_stock_info)	| [SinaAPI] Response content: var hq_str_sz002044="美年健康,6.140,6.120,6.380,6.730,6.120,6.380,6.390,399639822,2578185713.590,1235000,6.380,1181078,6.370,356900,6.360,276637,6.350,285700,6.340,826140,6.390,1284200,6.400,362086,6.410,
2026-05-19 19:48:30 I 5848 D:\home\apps\api\utils\stock_api.py:65 (get_stock_info)	| [SinaAPI] Request: http://hq.sinajs.cn/list=sz002043, Status: 200
2026-05-19 19:48:30 I 5848 D:\home\apps\api\utils\stock_api.py:66 (get_stock_info)	| [SinaAPI] Response content: var hq_str_sz002043="兔 宝 宝,13.500,13.720,13.750,13.890,13.330,13.740,13.750,12414643,170360589.190,4700,13.740,46200,13.730,1900,13.720,26200,13.710,40100,13.700,8400,13.750,400,13.760,3800,13.780,117
2026-05-19 19:48:30 I 5848 D:\home\apps\api\utils\stock_api.py:65 (get_stock_info)	| [SinaAPI] Request: http://hq.sinajs.cn/list=sz000786, Status: 200
2026-05-19 19:48:30 I 5848 D:\home\apps\api\utils\stock_api.py:66 (get_stock_info)	| [SinaAPI] Response content: var hq_str_sz000786="北新建材,24.630,24.610,24.720,24.740,24.290,24.720,24.730,13431964,329591526.980,96291,24.720,13500,24.710,15000,24.700,1200,24.690,3400,24.680,1600,24.730,51200,24.740,13200,24.750,1
2026-05-19 19:48:31 I 5848 D:\home\apps\api\utils\stock_api.py:65 (get_stock_info)	| [SinaAPI] Request: http://hq.sinajs.cn/list=sz000750, Status: 200
2026-05-19 19:48:31 I 5848 D:\home\apps\api\utils\stock_api.py:66 (get_stock_info)	| [SinaAPI] Response content: var hq_str_sz000750="国海证券,3.790,3.800,3.860,3.870,3.790,3.850,3.860,48690645,186702506.220,934485,3.850,551400,3.840,426200,3.830,260800,3.820,453000,3.810,250350,3.860,1570500,3.870,1107100,3.880,733
2026-05-19 19:48:31 I 5848 D:\home\apps\api\utils\stock_api.py:65 (get_stock_info)	| [SinaAPI] Request: http://hq.sinajs.cn/list=sz000709, Status: 200
2026-05-19 19:48:31 I 5848 D:\home\apps\api\utils\stock_api.py:66 (get_stock_info)	| [SinaAPI] Response content: var hq_str_sz000709="河钢股份,2.240,2.240,2.260,2.260,2.230,2.250,2.260,61939320,139396421.780,3853500,2.250,6577033,2.240,2301500,2.230,2707700,2.220,1234900,2.210,4974027,2.260,3760898,2.270,2274640,2.2
2026-05-19 19:48:31 I 5848 D:\home\apps\api\utils\stock_api.py:65 (get_stock_info)	| [SinaAPI] Request: http://hq.sinajs.cn/list=sz000166, Status: 200
2026-05-19 19:48:31 I 5848 D:\home\apps\api\utils\stock_api.py:66 (get_stock_info)	| [SinaAPI] Response content: var hq_str_sz000166="申万宏源,4.460,4.470,4.520,4.520,4.450,4.510,4.520,94659657,425051364.290,861700,4.510,1219750,4.500,755030,4.490,301900,4.480,757200,4.470,184119,4.520,1765900,4.530,1028500,4.540,88
2026-05-19 19:48:31 I 5848 D:\home\apps\api\utils\stock_api.py:65 (get_stock_info)	| [SinaAPI] Request: http://hq.sinajs.cn/list=sz000069, Status: 200
2026-05-19 19:48:31 I 5848 D:\home\apps\api\utils\stock_api.py:66 (get_stock_info)	| [SinaAPI] Response content: var hq_str_sz000069="华侨城Ａ,2.070,2.070,2.080,2.100,2.060,2.080,2.090,36117981,74891552.080,141824,2.080,1176200,2.070,969800,2.060,1191800,2.050,611100,2.040,1029700,2.090,1560400,2.100,1071500,2.110,8
2026-05-19 19:51:10 I 21152 D:\home\apps\api\utils\stock_api.py:65 (get_stock_info)	| [SinaAPI] Request: http://hq.sinajs.cn/list=sh601727, Status: 200
2026-05-19 19:51:10 I 21152 D:\home\apps\api\utils\stock_api.py:66 (get_stock_info)	| [SinaAPI] Response content: var hq_str_sh601727="上海电气,9.050,9.020,8.980,9.060,8.760,8.980,8.990,265950009,2366196642.000,39435,8.980,517300,8.970,447600,8.960,293500,8.950,427700,8.940,1596857,8.990,3161397,9.000,1380700,9.010,1
2026-05-19 19:51:10 I 21152 D:\home\apps\api\utils\stock_api.py:65 (get_stock_info)	| [SinaAPI] Request: http://hq.sinajs.cn/list=sh601588, Status: 200
2026-05-19 19:51:10 I 21152 D:\home\apps\api\utils\stock_api.py:66 (get_stock_info)	| [SinaAPI] Response content: var hq_str_sh601588="北辰实业,1.930,1.930,1.950,1.970,1.900,1.940,1.950,36405800,70374889.000,446300,1.940,551800,1.930,339800,1.920,134900,1.910,574800,1.900,1115400,1.950,243200,1.960,281900,1.970,38270
2026-05-19 19:51:10 I 21152 D:\home\apps\api\utils\stock_api.py:65 (get_stock_info)	| [SinaAPI] Request: http://hq.sinajs.cn/list=sh601100, Status: 200
2026-05-19 19:51:10 I 21152 D:\home\apps\api\utils\stock_api.py:66 (get_stock_info)	| [SinaAPI] Response content: var hq_str_sh601100="恒立液压,114.500,113.550,112.360,115.500,111.250,112.360,112.420,7321050,824164204.000,147,112.360,1100,112.350,600,112.340,300,112.330,1000,112.320,8100,112.420,300,112.450,500,112.4
2026-05-19 19:51:10 I 21152 D:\home\apps\api\utils\stock_api.py:65 (get_stock_info)	| [SinaAPI] Request: http://hq.sinajs.cn/list=sh601059, Status: 200
2026-05-19 19:51:10 I 21152 D:\home\apps\api\utils\stock_api.py:66 (get_stock_info)	| [SinaAPI] Response content: var hq_str_sh601059="信达证券,17.200,16.670,17.150,17.200,17.010,17.150,17.160,26655270,456517768.000,12600,17.150,51200,17.140,180300,17.130,72800,17.120,49100,17.110,43200,17.160,172300,17.170,175700,17
2026-05-19 19:51:10 I 21152 D:\home\apps\api\utils\stock_api.py:65 (get_stock_info)	| [SinaAPI] Request: http://hq.sinajs.cn/list=sh600999, Status: 200
2026-05-19 19:51:10 I 21152 D:\home\apps\api\utils\stock_api.py:66 (get_stock_info)	| [SinaAPI] Response content: var hq_str_sh600999="招商证券,16.090,16.180,16.720,16.810,16.050,16.720,16.730,103519243,1706520788.000,189060,16.720,19700,16.710,81800,16.700,47400,16.690,18300,16.680,286100,16.730,140300,16.740,293500
2026-05-19 19:51:10 I 21152 D:\home\apps\api\utils\stock_api.py:65 (get_stock_info)	| [SinaAPI] Request: http://hq.sinajs.cn/list=sh600936, Status: 200
2026-05-19 19:51:10 I 21152 D:\home\apps\api\utils\stock_api.py:66 (get_stock_info)	| [SinaAPI] Response content: var hq_str_sh600936="北投科技,5.250,5.310,5.840,5.840,5.250,5.840,0.000,61106060,350962266.000,9918200,5.840,419200,5.830,19300,5.820,15900,5.810,67200,5.800,0,0.000,0,0.000,0,0.000,0,0.000,0,0.000,2026-0
2026-05-19 19:51:10 I 21152 D:\home\apps\api\utils\stock_api.py:65 (get_stock_info)	| [SinaAPI] Request: http://hq.sinajs.cn/list=sh600392, Status: 200
2026-05-19 19:51:10 I 21152 D:\home\apps\api\utils\stock_api.py:66 (get_stock_info)	| [SinaAPI] Response content: var hq_str_sh600392="盛和资源,23.950,24.050,23.320,23.990,22.810,23.320,23.330,58572943,1357660692.000,102610,23.320,88900,23.310,132900,23.300,31400,23.290,68000,23.280,10500,23.330,5100,23.340,22700,23.
2026-05-19 19:51:10 I 21152 D:\home\apps\api\utils\stock_api.py:65 (get_stock_info)	| [SinaAPI] Request: http://hq.sinajs.cn/list=sh600369, Status: 200
2026-05-19 19:51:10 I 21152 D:\home\apps\api\utils\stock_api.py:66 (get_stock_info)	| [SinaAPI] Response content: var hq_str_sh600369="西南证券,4.050,4.040,4.120,4.140,4.040,4.120,4.130,46434193,190262444.000,227700,4.120,397800,4.110,284200,4.100,271100,4.090,379800,4.080,757100,4.130,1177500,4.140,638900,4.150,4065
2026-05-19 19:51:10 I 21152 D:\home\apps\api\utils\stock_api.py:65 (get_stock_info)	| [SinaAPI] Request: http://hq.sinajs.cn/list=sh600362, Status: 200
2026-05-19 19:51:10 I 21152 D:\home\apps\api\utils\stock_api.py:66 (get_stock_info)	| [SinaAPI] Response content: var hq_str_sh600362="江西铜业,45.110,45.440,44.120,45.190,43.370,44.120,44.130,38293815,1687106252.000,93109,44.120,14400,44.110,21142,44.100,22100,44.090,13900,44.080,27200,44.130,43900,44.140,38200,44.1
2026-05-19 19:51:11 I 21152 D:\home\apps\api\utils\stock_api.py:65 (get_stock_info)	| [SinaAPI] Request: http://hq.sinajs.cn/list=sh600256, Status: 200
2026-05-19 19:51:11 I 21152 D:\home\apps\api\utils\stock_api.py:66 (get_stock_info)	| [SinaAPI] Response content: var hq_str_sh600256="广汇能源,6.460,6.550,6.390,6.460,6.280,6.380,6.390,116058411,736147679.000,555100,6.380,538200,6.370,301300,6.360,325600,6.350,160700,6.340,351400,6.390,737100,6.400,356300,6.410,4234
2026-05-19 19:51:11 I 21152 D:\home\apps\api\utils\stock_api.py:65 (get_stock_info)	| [SinaAPI] Request: http://hq.sinajs.cn/list=sh600121, Status: 200
2026-05-19 19:51:11 I 21152 D:\home\apps\api\utils\stock_api.py:66 (get_stock_info)	| [SinaAPI] Response content: var hq_str_sh600121="郑州煤电,4.270,4.280,4.390,4.400,4.200,4.390,4.400,66017011,286459114.000,294800,4.390,533820,4.380,649800,4.370,110500,4.360,114000,4.350,2138580,4.400,383400,4.410,486960,4.420,1064
2026-05-19 19:51:11 I 21152 D:\home\apps\api\utils\stock_api.py:65 (get_stock_info)	| [SinaAPI] Request: http://hq.sinajs.cn/list=sh600116, Status: 200
2026-05-19 19:51:11 I 21152 D:\home\apps\api\utils\stock_api.py:66 (get_stock_info)	| [SinaAPI] Response content: var hq_str_sh600116="三峡水利,6.770,6.770,6.970,6.990,6.710,6.970,6.980,42517126,294204613.000,294200,6.970,104700,6.960,64500,6.950,56300,6.940,104100,6.930,244100,6.980,1050348,6.990,887500,7.000,131900
2026-05-19 19:51:11 I 21152 D:\home\apps\api\utils\stock_api.py:65 (get_stock_info)	| [SinaAPI] Request: http://hq.sinajs.cn/list=sh600111, Status: 200
2026-05-19 19:51:11 I 21152 D:\home\apps\api\utils\stock_api.py:66 (get_stock_info)	| [SinaAPI] Response content: var hq_str_sh600111="北方稀土,51.200,51.700,50.250,51.580,49.500,50.250,50.260,110315017,5522968536.000,356006,50.250,281200,50.240,61500,50.230,40700,50.220,138500,50.210,60300,50.260,13800,50.270,55700,
2026-05-19 19:51:11 I 21152 D:\home\apps\api\utils\stock_api.py:65 (get_stock_info)	| [SinaAPI] Request: http://hq.sinajs.cn/list=sh600082, Status: 200
2026-05-19 19:51:11 I 21152 D:\home\apps\api\utils\stock_api.py:66 (get_stock_info)	| [SinaAPI] Response content: var hq_str_sh600082="ST海泰,3.810,3.800,3.860,3.940,3.800,3.860,3.870,15004960,58027937.000,277900,3.860,205200,3.850,19800,3.840,15700,3.830,74800,3.820,37100,3.870,12100,3.880,168200,3.890,238500,3.90
2026-05-19 19:51:11 I 21152 D:\home\apps\api\utils\stock_api.py:65 (get_stock_info)	| [SinaAPI] Request: http://hq.sinajs.cn/list=sh600081, Status: 200
2026-05-19 19:51:11 I 21152 D:\home\apps\api\utils\stock_api.py:66 (get_stock_info)	| [SinaAPI] Response content: var hq_str_sh600081="东风科技,12.300,12.400,12.410,12.860,12.300,12.410,12.420,14296260,178212702.000,14700,12.410,73100,12.400,14700,12.390,90700,12.380,8900,12.370,1000,12.420,58170,12.430,16500,12.440,
2026-05-19 19:51:11 I 21152 D:\home\apps\api\utils\stock_api.py:65 (get_stock_info)	| [SinaAPI] Request: http://hq.sinajs.cn/list=sh600031, Status: 200
2026-05-19 19:51:11 I 21152 D:\home\apps\api\utils\stock_api.py:66 (get_stock_info)	| [SinaAPI] Response content: var hq_str_sh600031="三一重工,19.520,19.390,19.310,19.560,19.000,19.310,19.320,75523667,1450043100.000,292046,19.310,388300,19.300,102600,19.290,127200,19.280,49700,19.270,37800,19.320,43850,19.330,98300,
2026-05-19 19:51:11 I 21152 D:\home\apps\api\utils\stock_api.py:65 (get_stock_info)	| [SinaAPI] Request: http://hq.sinajs.cn/list=sz002441, Status: 200
2026-05-19 19:51:11 I 21152 D:\home\apps\api\utils\stock_api.py:66 (get_stock_info)	| [SinaAPI] Response content: var hq_str_sz002441="众业达,10.190,10.210,10.570,10.580,10.150,10.560,10.570,11126200,116031209.000,13000,10.560,39500,10.550,13800,10.540,12900,10.530,16100,10.520,63700,10.570,50000,10.580,97400,10.590
2026-05-19 19:51:11 I 21152 D:\home\apps\api\utils\stock_api.py:65 (get_stock_info)	| [SinaAPI] Request: http://hq.sinajs.cn/list=sz002424, Status: 200
2026-05-19 19:51:11 I 21152 D:\home\apps\api\utils\stock_api.py:66 (get_stock_info)	| [SinaAPI] Response content: var hq_str_sz002424="ST百灵,4.940,4.860,4.920,5.020,4.890,4.920,4.930,6939500,34221870.000,133500,4.920,302300,4.910,259500,4.900,84600,4.890,144600,4.880,124000,4.930,125700,4.940,152000,4.950,162600,4
2026-05-19 19:51:11 I 21152 D:\home\apps\api\utils\stock_api.py:65 (get_stock_info)	| [SinaAPI] Request: http://hq.sinajs.cn/list=sz002408, Status: 200
2026-05-19 19:51:11 I 21152 D:\home\apps\api\utils\stock_api.py:66 (get_stock_info)	| [SinaAPI] Response content: var hq_str_sz002408="齐翔腾达,5.790,5.810,5.730,5.800,5.680,5.730,5.740,25004650,142976796.350,2000,5.730,165100,5.720,241300,5.710,319600,5.700,147160,5.690,201500,5.740,82100,5.750,134300,5.760,87500,5.
2026-05-19 19:51:11 I 21152 D:\home\apps\api\utils\stock_api.py:65 (get_stock_info)	| [SinaAPI] Request: http://hq.sinajs.cn/list=sz002400, Status: 200
2026-05-19 19:51:11 I 21152 D:\home\apps\api\utils\stock_api.py:66 (get_stock_info)	| [SinaAPI] Response content: var hq_str_sz002400="省广集团,8.900,8.950,9.090,9.300,8.870,9.090,9.100,141626291,1293596269.820,761400,9.090,735400,9.080,443600,9.070,275000,9.060,206300,9.050,513800,9.100,118000,9.110,164000,9.120,115
2026-05-19 19:51:11 I 21152 D:\home\apps\api\utils\stock_api.py:65 (get_stock_info)	| [SinaAPI] Request: http://hq.sinajs.cn/list=sz002390, Status: 200
2026-05-19 19:51:11 I 21152 D:\home\apps\api\utils\stock_api.py:66 (get_stock_info)	| [SinaAPI] Response content: var hq_str_sz002390="信邦制药,3.150,3.150,3.220,3.230,3.150,3.220,3.230,22993934,73247800.710,1007600,3.220,126300,3.210,329600,3.200,219900,3.190,186300,3.180,453400,3.230,471200,3.240,618800,3.250,98700
2026-05-19 19:51:11 I 21152 D:\home\apps\api\utils\stock_api.py:65 (get_stock_info)	| [SinaAPI] Request: http://hq.sinajs.cn/list=sz002378, Status: 200
2026-05-19 19:51:11 I 21152 D:\home\apps\api\utils\stock_api.py:66 (get_stock_info)	| [SinaAPI] Response content: var hq_str_sz002378="章源钨业,29.950,29.950,28.320,30.000,27.760,28.310,28.320,54945144,1561415912.340,67600,28.310,117100,28.300,43000,28.290,57400,28.280,58000,28.270,43140,28.320,144500,28.330,7100,28.
2026-05-19 19:51:11 I 21152 D:\home\apps\api\utils\stock_api.py:65 (get_stock_info)	| [SinaAPI] Request: http://hq.sinajs.cn/list=sz002374, Status: 200
2026-05-19 19:51:11 I 21152 D:\home\apps\api\utils\stock_api.py:66 (get_stock_info)	| [SinaAPI] Response content: var hq_str_sz002374="中锐股份,3.700,3.910,3.810,3.970,3.660,3.800,3.810,152947311,581132579.430,697600,3.800,282960,3.790,378100,3.780,234100,3.770,204600,3.760,378300,3.810,229500,3.820,308500,3.830,4338
2026-05-19 19:51:11 I 21152 D:\home\apps\api\utils\stock_api.py:65 (get_stock_info)	| [SinaAPI] Request: http://hq.sinajs.cn/list=sz002372, Status: 200
2026-05-19 19:51:11 I 21152 D:\home\apps\api\utils\stock_api.py:66 (get_stock_info)	| [SinaAPI] Response content: var hq_str_sz002372="伟星新材,10.210,10.210,10.170,10.260,10.140,10.160,10.170,6027699,61447331.830,90300,10.160,46700,10.150,26900,10.140,8600,10.130,12700,10.120,20300,10.170,18300,10.180,14700,10.190,1
2026-05-19 19:51:11 I 21152 D:\home\apps\api\utils\stock_api.py:65 (get_stock_info)	| [SinaAPI] Request: http://hq.sinajs.cn/list=sz002357, Status: 200
2026-05-19 19:51:11 I 21152 D:\home\apps\api\utils\stock_api.py:66 (get_stock_info)	| [SinaAPI] Response content: var hq_str_sz002357="富临运业,11.270,11.270,11.160,11.530,11.080,11.150,11.160,8438702,94754766.240,73100,11.150,11400,11.140,34100,11.130,17300,11.120,22900,11.110,500,11.160,8400,11.170,42200,11.180,220
2026-05-19 19:51:11 I 21152 D:\home\apps\api\utils\stock_api.py:65 (get_stock_info)	| [SinaAPI] Request: http://hq.sinajs.cn/list=sz002330, Status: 200
2026-05-19 19:51:11 I 21152 D:\home\apps\api\utils\stock_api.py:66 (get_stock_info)	| [SinaAPI] Response content: var hq_str_sz002330="得利斯,4.530,4.520,4.500,4.580,4.430,4.500,4.510,11177200,50339363.000,45800,4.500,81500,4.490,4500,4.480,23600,4.470,5600,4.460,60400,4.510,96500,4.520,27300,4.530,36900,4.540,56600
2026-05-19 19:51:11 I 21152 D:\home\apps\api\utils\stock_api.py:65 (get_stock_info)	| [SinaAPI] Request: http://hq.sinajs.cn/list=sz002303, Status: 200
2026-05-19 19:51:11 I 21152 D:\home\apps\api\utils\stock_api.py:66 (get_stock_info)	| [SinaAPI] Response content: var hq_str_sz002303="美盈森,3.540,3.540,3.560,3.560,3.500,3.550,3.560,12779009,45148521.950,166700,3.550,207900,3.540,180700,3.530,116300,3.520,211300,3.510,826800,3.560,448100,3.570,216500,3.580,381200,
2026-05-19 19:51:11 I 21152 D:\home\apps\api\utils\stock_api.py:65 (get_stock_info)	| [SinaAPI] Request: http://hq.sinajs.cn/list=sz002282, Status: 200
2026-05-19 19:51:11 I 21152 D:\home\apps\api\utils\stock_api.py:66 (get_stock_info)	| [SinaAPI] Response content: var hq_str_sz002282="博深股份,6.500,6.460,6.610,6.620,6.470,6.610,6.620,4779700,31341948.000,1500,6.610,26400,6.600,35300,6.590,4900,6.580,11000,6.570,82200,6.620,26300,6.630,34700,6.640,17200,6.650,20900
2026-05-19 19:51:11 I 21152 D:\home\apps\api\utils\stock_api.py:65 (get_stock_info)	| [SinaAPI] Request: http://hq.sinajs.cn/list=sz002275, Status: 200
2026-05-19 19:51:11 I 21152 D:\home\apps\api\utils\stock_api.py:66 (get_stock_info)	| [SinaAPI] Response content: var hq_str_sz002275="桂林三金,13.750,13.750,13.890,13.940,13.710,13.890,13.900,1772950,24583680.000,8650,13.890,3900,13.880,1400,13.870,10000,13.860,800,13.840,100,13.900,3500,13.910,1600,13.920,2900,13.9
2026-05-19 19:51:11 I 21152 D:\home\apps\api\utils\stock_api.py:65 (get_stock_info)	| [SinaAPI] Request: http://hq.sinajs.cn/list=sz002264, Status: 200
2026-05-19 19:51:11 I 21152 D:\home\apps\api\utils\stock_api.py:66 (get_stock_info)	| [SinaAPI] Response content: var hq_str_sz002264="新 华 都,7.600,7.600,7.600,7.730,7.470,7.590,7.600,15585803,118467967.800,143400,7.590,105300,7.580,25100,7.570,39000,7.560,17200,7.550,7900,7.600,85100,7.610,23400,7.620,22200,7.630
2026-05-19 19:51:11 I 21152 D:\home\apps\api\utils\stock_api.py:65 (get_stock_info)	| [SinaAPI] Request: http://hq.sinajs.cn/list=sz002175, Status: 200
2026-05-19 19:51:11 I 21152 D:\home\apps\api\utils\stock_api.py:66 (get_stock_info)	| [SinaAPI] Response content: var hq_str_sz002175="*ST东智,2.680,2.820,2.680,2.680,2.680,0.000,2.680,14882300,39884564.000,0,0.000,0,0.000,0,0.000,0,0.000,0,0.000,48144939,2.680,231500,2.690,31200,2.700,147400,2.710,47500,2.720,2026
2026-05-19 19:51:11 I 21152 D:\home\apps\api\utils\stock_api.py:65 (get_stock_info)	| [SinaAPI] Request: http://hq.sinajs.cn/list=sz002174, Status: 200
2026-05-19 19:51:11 I 21152 D:\home\apps\api\utils\stock_api.py:66 (get_stock_info)	| [SinaAPI] Response content: var hq_str_sz002174="游族网络,11.710,11.760,11.800,12.090,11.550,11.790,11.800,47518976,558985957.970,137700,11.790,48000,11.780,56700,11.770,49924,11.760,129000,11.750,196300,11.800,37300,11.810,21400,11
2026-05-19 19:51:11 I 21152 D:\home\apps\api\utils\stock_api.py:65 (get_stock_info)	| [SinaAPI] Request: http://hq.sinajs.cn/list=sz002157, Status: 200
2026-05-19 19:51:11 I 21152 D:\home\apps\api\utils\stock_api.py:66 (get_stock_info)	| [SinaAPI] Response content: var hq_str_sz002157="正邦科技,3.330,3.320,3.360,3.380,3.230,3.360,3.370,264263632,872974199.260,1670289,3.360,1446600,3.350,718600,3.340,638900,3.330,609400,3.320,1311300,3.370,2869000,3.380,1808000,3.390
2026-05-19 19:51:11 I 21152 D:\home\apps\api\utils\stock_api.py:65 (get_stock_info)	| [SinaAPI] Request: http://hq.sinajs.cn/list=sz002129, Status: 200
2026-05-19 19:51:11 I 21152 D:\home\apps\api\utils\stock_api.py:66 (get_stock_info)	| [SinaAPI] Response content: var hq_str_sz002129="TCL中环,9.380,9.360,9.810,10.070,9.240,9.800,9.810,229140180,2197877710.510,308200,9.800,48800,9.790,38700,9.780,34800,9.770,46600,9.760,682042,9.810,67900,9.820,133875,9.830,29800,
2026-05-19 19:51:11 I 21152 D:\home\apps\api\utils\stock_api.py:65 (get_stock_info)	| [SinaAPI] Request: http://hq.sinajs.cn/list=sz002067, Status: 200
2026-05-19 19:51:11 I 21152 D:\home\apps\api\utils\stock_api.py:66 (get_stock_info)	| [SinaAPI] Response content: var hq_str_sz002067="景兴纸业,5.280,4.800,5.280,5.280,5.210,5.280,0.000,81981700,432800044.000,16498778,5.280,601300,5.270,210000,5.260,51600,5.250,93300,5.240,0,0.000,0,0.000,0,0.000,0,0.000,0,0.000,2026
2026-05-19 19:51:11 I 21152 D:\home\apps\api\utils\stock_api.py:65 (get_stock_info)	| [SinaAPI] Request: http://hq.sinajs.cn/list=sz002044, Status: 200
2026-05-19 19:51:11 I 21152 D:\home\apps\api\utils\stock_api.py:66 (get_stock_info)	| [SinaAPI] Response content: var hq_str_sz002044="美年健康,6.140,6.120,6.380,6.730,6.120,6.380,6.390,399639822,2578185713.590,1235000,6.380,1181078,6.370,356900,6.360,276637,6.350,285700,6.340,826140,6.390,1284200,6.400,362086,6.410,
2026-05-19 19:51:11 I 21152 D:\home\apps\api\utils\stock_api.py:65 (get_stock_info)	| [SinaAPI] Request: http://hq.sinajs.cn/list=sz002043, Status: 200
2026-05-19 19:51:11 I 21152 D:\home\apps\api\utils\stock_api.py:66 (get_stock_info)	| [SinaAPI] Response content: var hq_str_sz002043="兔 宝 宝,13.500,13.720,13.750,13.890,13.330,13.740,13.750,12414643,170360589.190,4700,13.740,46200,13.730,1900,13.720,26200,13.710,40100,13.700,8400,13.750,400,13.760,3800,13.780,117
2026-05-19 19:51:11 I 21152 D:\home\apps\api\utils\stock_api.py:65 (get_stock_info)	| [SinaAPI] Request: http://hq.sinajs.cn/list=sz000786, Status: 200
2026-05-19 19:51:11 I 21152 D:\home\apps\api\utils\stock_api.py:66 (get_stock_info)	| [SinaAPI] Response content: var hq_str_sz000786="北新建材,24.630,24.610,24.720,24.740,24.290,24.720,24.730,13431964,329591526.980,96291,24.720,13500,24.710,15000,24.700,1200,24.690,3400,24.680,1600,24.730,51200,24.740,13200,24.750,1
2026-05-19 19:51:11 I 21152 D:\home\apps\api\utils\stock_api.py:65 (get_stock_info)	| [SinaAPI] Request: http://hq.sinajs.cn/list=sz000750, Status: 200
2026-05-19 19:51:11 I 21152 D:\home\apps\api\utils\stock_api.py:66 (get_stock_info)	| [SinaAPI] Response content: var hq_str_sz000750="国海证券,3.790,3.800,3.860,3.870,3.790,3.850,3.860,48690645,186702506.220,934485,3.850,551400,3.840,426200,3.830,260800,3.820,453000,3.810,250350,3.860,1570500,3.870,1107100,3.880,733
2026-05-19 19:51:11 I 21152 D:\home\apps\api\utils\stock_api.py:65 (get_stock_info)	| [SinaAPI] Request: http://hq.sinajs.cn/list=sz000709, Status: 200
2026-05-19 19:51:11 I 21152 D:\home\apps\api\utils\stock_api.py:66 (get_stock_info)	| [SinaAPI] Response content: var hq_str_sz000709="河钢股份,2.240,2.240,2.260,2.260,2.230,2.250,2.260,61939320,139396421.780,3853500,2.250,6577033,2.240,2301500,2.230,2707700,2.220,1234900,2.210,4974027,2.260,3760898,2.270,2274640,2.2
2026-05-19 19:51:12 I 21152 D:\home\apps\api\utils\stock_api.py:65 (get_stock_info)	| [SinaAPI] Request: http://hq.sinajs.cn/list=sz000166, Status: 200
2026-05-19 19:51:12 I 21152 D:\home\apps\api\utils\stock_api.py:66 (get_stock_info)	| [SinaAPI] Response content: var hq_str_sz000166="申万宏源,4.460,4.470,4.520,4.520,4.450,4.510,4.520,94659657,425051364.290,861700,4.510,1219750,4.500,755030,4.490,301900,4.480,757200,4.470,184119,4.520,1765900,4.530,1028500,4.540,88
2026-05-19 19:51:12 I 21152 D:\home\apps\api\utils\stock_api.py:65 (get_stock_info)	| [SinaAPI] Request: http://hq.sinajs.cn/list=sz000069, Status: 200
2026-05-19 19:51:12 I 21152 D:\home\apps\api\utils\stock_api.py:66 (get_stock_info)	| [SinaAPI] Response content: var hq_str_sz000069="华侨城Ａ,2.070,2.070,2.080,2.100,2.060,2.080,2.090,36117981,74891552.080,141824,2.080,1176200,2.070,969800,2.060,1191800,2.050,611100,2.040,1029700,2.090,1560400,2.100,1071500,2.110,8
2026-05-19 20:02:39 I 14228 D:\home\apps\api\utils\stock_api.py:65 (get_stock_info)	| [SinaAPI] Request: http://hq.sinajs.cn/list=sh601727, Status: 200
2026-05-19 20:02:39 I 14228 D:\home\apps\api\utils\stock_api.py:66 (get_stock_info)	| [SinaAPI] Response content: var hq_str_sh601727="上海电气,9.050,9.020,8.980,9.060,8.760,8.980,8.990,265950009,2366196642.000,39435,8.980,517300,8.970,447600,8.960,293500,8.950,427700,8.940,1596857,8.990,3161397,9.000,1380700,9.010,1
2026-05-19 20:02:40 I 14228 D:\home\apps\api\utils\stock_api.py:65 (get_stock_info)	| [SinaAPI] Request: http://hq.sinajs.cn/list=sh601588, Status: 200
2026-05-19 20:02:40 I 14228 D:\home\apps\api\utils\stock_api.py:66 (get_stock_info)	| [SinaAPI] Response content: var hq_str_sh601588="北辰实业,1.930,1.930,1.950,1.970,1.900,1.940,1.950,36405800,70374889.000,446300,1.940,551800,1.930,339800,1.920,134900,1.910,574800,1.900,1115400,1.950,243200,1.960,281900,1.970,38270
2026-05-19 20:02:40 I 14228 D:\home\apps\api\utils\stock_api.py:65 (get_stock_info)	| [SinaAPI] Request: http://hq.sinajs.cn/list=sh601100, Status: 200
2026-05-19 20:02:40 I 14228 D:\home\apps\api\utils\stock_api.py:66 (get_stock_info)	| [SinaAPI] Response content: var hq_str_sh601100="恒立液压,114.500,113.550,112.360,115.500,111.250,112.360,112.420,7321050,824164204.000,147,112.360,1100,112.350,600,112.340,300,112.330,1000,112.320,8100,112.420,300,112.450,500,112.4
2026-05-19 20:02:40 I 14228 D:\home\apps\api\utils\stock_api.py:65 (get_stock_info)	| [SinaAPI] Request: http://hq.sinajs.cn/list=sh601059, Status: 200
2026-05-19 20:02:40 I 14228 D:\home\apps\api\utils\stock_api.py:66 (get_stock_info)	| [SinaAPI] Response content: var hq_str_sh601059="信达证券,17.200,16.670,17.150,17.200,17.010,17.150,17.160,26655270,456517768.000,12600,17.150,51200,17.140,180300,17.130,72800,17.120,49100,17.110,43200,17.160,172300,17.170,175700,17
2026-05-19 20:02:40 I 14228 D:\home\apps\api\utils\stock_api.py:65 (get_stock_info)	| [SinaAPI] Request: http://hq.sinajs.cn/list=sh600999, Status: 200
2026-05-19 20:02:40 I 14228 D:\home\apps\api\utils\stock_api.py:66 (get_stock_info)	| [SinaAPI] Response content: var hq_str_sh600999="招商证券,16.090,16.180,16.720,16.810,16.050,16.720,16.730,103519243,1706520788.000,189060,16.720,19700,16.710,81800,16.700,47400,16.690,18300,16.680,286100,16.730,140300,16.740,293500
2026-05-19 20:02:40 I 14228 D:\home\apps\api\utils\stock_api.py:65 (get_stock_info)	| [SinaAPI] Request: http://hq.sinajs.cn/list=sh600936, Status: 200
2026-05-19 20:02:40 I 14228 D:\home\apps\api\utils\stock_api.py:66 (get_stock_info)	| [SinaAPI] Response content: var hq_str_sh600936="北投科技,5.250,5.310,5.840,5.840,5.250,5.840,0.000,61106060,350962266.000,9918200,5.840,419200,5.830,19300,5.820,15900,5.810,67200,5.800,0,0.000,0,0.000,0,0.000,0,0.000,0,0.000,2026-0
2026-05-19 20:02:40 I 14228 D:\home\apps\api\utils\stock_api.py:65 (get_stock_info)	| [SinaAPI] Request: http://hq.sinajs.cn/list=sh600392, Status: 200
2026-05-19 20:02:40 I 14228 D:\home\apps\api\utils\stock_api.py:66 (get_stock_info)	| [SinaAPI] Response content: var hq_str_sh600392="盛和资源,23.950,24.050,23.320,23.990,22.810,23.320,23.330,58572943,1357660692.000,102610,23.320,88900,23.310,132900,23.300,31400,23.290,68000,23.280,10500,23.330,5100,23.340,22700,23.
2026-05-19 20:02:40 I 14228 D:\home\apps\api\utils\stock_api.py:65 (get_stock_info)	| [SinaAPI] Request: http://hq.sinajs.cn/list=sh600369, Status: 200
2026-05-19 20:02:40 I 14228 D:\home\apps\api\utils\stock_api.py:66 (get_stock_info)	| [SinaAPI] Response content: var hq_str_sh600369="西南证券,4.050,4.040,4.120,4.140,4.040,4.120,4.130,46434193,190262444.000,227700,4.120,397800,4.110,284200,4.100,271100,4.090,379800,4.080,757100,4.130,1177500,4.140,638900,4.150,4065
2026-05-19 20:02:40 I 14228 D:\home\apps\api\utils\stock_api.py:65 (get_stock_info)	| [SinaAPI] Request: http://hq.sinajs.cn/list=sh600362, Status: 200
2026-05-19 20:02:40 I 14228 D:\home\apps\api\utils\stock_api.py:66 (get_stock_info)	| [SinaAPI] Response content: var hq_str_sh600362="江西铜业,45.110,45.440,44.120,45.190,43.370,44.120,44.130,38293815,1687106252.000,93109,44.120,14400,44.110,21142,44.100,22100,44.090,13900,44.080,27200,44.130,43900,44.140,38200,44.1
2026-05-19 20:02:40 I 14228 D:\home\apps\api\utils\stock_api.py:65 (get_stock_info)	| [SinaAPI] Request: http://hq.sinajs.cn/list=sh600256, Status: 200
2026-05-19 20:02:40 I 14228 D:\home\apps\api\utils\stock_api.py:66 (get_stock_info)	| [SinaAPI] Response content: var hq_str_sh600256="广汇能源,6.460,6.550,6.390,6.460,6.280,6.380,6.390,116058411,736147679.000,555100,6.380,538200,6.370,301300,6.360,325600,6.350,160700,6.340,351400,6.390,737100,6.400,356300,6.410,4234
2026-05-19 20:02:40 I 14228 D:\home\apps\api\utils\stock_api.py:65 (get_stock_info)	| [SinaAPI] Request: http://hq.sinajs.cn/list=sh600121, Status: 200
2026-05-19 20:02:40 I 14228 D:\home\apps\api\utils\stock_api.py:66 (get_stock_info)	| [SinaAPI] Response content: var hq_str_sh600121="郑州煤电,4.270,4.280,4.390,4.400,4.200,4.390,4.400,66017011,286459114.000,294800,4.390,533820,4.380,649800,4.370,110500,4.360,114000,4.350,2138580,4.400,383400,4.410,486960,4.420,1064
2026-05-19 20:02:40 I 14228 D:\home\apps\api\utils\stock_api.py:65 (get_stock_info)	| [SinaAPI] Request: http://hq.sinajs.cn/list=sh600116, Status: 200
2026-05-19 20:02:40 I 14228 D:\home\apps\api\utils\stock_api.py:66 (get_stock_info)	| [SinaAPI] Response content: var hq_str_sh600116="三峡水利,6.770,6.770,6.970,6.990,6.710,6.970,6.980,42517126,294204613.000,294200,6.970,104700,6.960,64500,6.950,56300,6.940,104100,6.930,244100,6.980,1050348,6.990,887500,7.000,131900
2026-05-19 20:02:40 I 14228 D:\home\apps\api\utils\stock_api.py:65 (get_stock_info)	| [SinaAPI] Request: http://hq.sinajs.cn/list=sh600111, Status: 200
2026-05-19 20:02:40 I 14228 D:\home\apps\api\utils\stock_api.py:66 (get_stock_info)	| [SinaAPI] Response content: var hq_str_sh600111="北方稀土,51.200,51.700,50.250,51.580,49.500,50.250,50.260,110315017,5522968536.000,356006,50.250,281200,50.240,61500,50.230,40700,50.220,138500,50.210,60300,50.260,13800,50.270,55700,
2026-05-19 20:02:40 I 14228 D:\home\apps\api\utils\stock_api.py:65 (get_stock_info)	| [SinaAPI] Request: http://hq.sinajs.cn/list=sh600082, Status: 200
2026-05-19 20:02:40 I 14228 D:\home\apps\api\utils\stock_api.py:66 (get_stock_info)	| [SinaAPI] Response content: var hq_str_sh600082="ST海泰,3.810,3.800,3.860,3.940,3.800,3.860,3.870,15004960,58027937.000,277900,3.860,205200,3.850,19800,3.840,15700,3.830,74800,3.820,37100,3.870,12100,3.880,168200,3.890,238500,3.90
2026-05-19 20:02:40 I 14228 D:\home\apps\api\utils\stock_api.py:65 (get_stock_info)	| [SinaAPI] Request: http://hq.sinajs.cn/list=sh600081, Status: 200
2026-05-19 20:02:40 I 14228 D:\home\apps\api\utils\stock_api.py:66 (get_stock_info)	| [SinaAPI] Response content: var hq_str_sh600081="东风科技,12.300,12.400,12.410,12.860,12.300,12.410,12.420,14296260,178212702.000,14700,12.410,73100,12.400,14700,12.390,90700,12.380,8900,12.370,1000,12.420,58170,12.430,16500,12.440,
2026-05-19 20:02:40 I 14228 D:\home\apps\api\utils\stock_api.py:65 (get_stock_info)	| [SinaAPI] Request: http://hq.sinajs.cn/list=sh600031, Status: 200
2026-05-19 20:02:40 I 14228 D:\home\apps\api\utils\stock_api.py:66 (get_stock_info)	| [SinaAPI] Response content: var hq_str_sh600031="三一重工,19.520,19.390,19.310,19.560,19.000,19.310,19.320,75523667,1450043100.000,292046,19.310,388300,19.300,102600,19.290,127200,19.280,49700,19.270,37800,19.320,43850,19.330,98300,
2026-05-19 20:02:40 I 14228 D:\home\apps\api\utils\stock_api.py:65 (get_stock_info)	| [SinaAPI] Request: http://hq.sinajs.cn/list=sz002441, Status: 200
2026-05-19 20:02:40 I 14228 D:\home\apps\api\utils\stock_api.py:66 (get_stock_info)	| [SinaAPI] Response content: var hq_str_sz002441="众业达,10.190,10.210,10.570,10.580,10.150,10.560,10.570,11126200,116031209.000,13000,10.560,39500,10.550,13800,10.540,12900,10.530,16100,10.520,63700,10.570,50000,10.580,97400,10.590
2026-05-19 20:02:40 I 14228 D:\home\apps\api\utils\stock_api.py:65 (get_stock_info)	| [SinaAPI] Request: http://hq.sinajs.cn/list=sz002424, Status: 200
2026-05-19 20:02:40 I 14228 D:\home\apps\api\utils\stock_api.py:66 (get_stock_info)	| [SinaAPI] Response content: var hq_str_sz002424="ST百灵,4.940,4.860,4.920,5.020,4.890,4.920,4.930,6939500,34221870.000,133500,4.920,302300,4.910,259500,4.900,84600,4.890,144600,4.880,124000,4.930,125700,4.940,152000,4.950,162600,4
2026-05-19 20:02:40 I 14228 D:\home\apps\api\utils\stock_api.py:65 (get_stock_info)	| [SinaAPI] Request: http://hq.sinajs.cn/list=sz002408, Status: 200
2026-05-19 20:02:40 I 14228 D:\home\apps\api\utils\stock_api.py:66 (get_stock_info)	| [SinaAPI] Response content: var hq_str_sz002408="齐翔腾达,5.790,5.810,5.730,5.800,5.680,5.730,5.740,25004650,142976796.350,2000,5.730,165100,5.720,241300,5.710,319600,5.700,147160,5.690,201500,5.740,82100,5.750,134300,5.760,87500,5.
2026-05-19 20:02:40 I 14228 D:\home\apps\api\utils\stock_api.py:65 (get_stock_info)	| [SinaAPI] Request: http://hq.sinajs.cn/list=sz002400, Status: 200
2026-05-19 20:02:40 I 14228 D:\home\apps\api\utils\stock_api.py:66 (get_stock_info)	| [SinaAPI] Response content: var hq_str_sz002400="省广集团,8.900,8.950,9.090,9.300,8.870,9.090,9.100,141626291,1293596269.820,761400,9.090,735400,9.080,443600,9.070,275000,9.060,206300,9.050,513800,9.100,118000,9.110,164000,9.120,115
2026-05-19 20:02:40 I 14228 D:\home\apps\api\utils\stock_api.py:65 (get_stock_info)	| [SinaAPI] Request: http://hq.sinajs.cn/list=sz002390, Status: 200
2026-05-19 20:02:40 I 14228 D:\home\apps\api\utils\stock_api.py:66 (get_stock_info)	| [SinaAPI] Response content: var hq_str_sz002390="信邦制药,3.150,3.150,3.220,3.230,3.150,3.220,3.230,22993934,73247800.710,1007600,3.220,126300,3.210,329600,3.200,219900,3.190,186300,3.180,453400,3.230,471200,3.240,618800,3.250,98700
2026-05-19 20:02:40 I 14228 D:\home\apps\api\utils\stock_api.py:65 (get_stock_info)	| [SinaAPI] Request: http://hq.sinajs.cn/list=sz002378, Status: 200
2026-05-19 20:02:40 I 14228 D:\home\apps\api\utils\stock_api.py:66 (get_stock_info)	| [SinaAPI] Response content: var hq_str_sz002378="章源钨业,29.950,29.950,28.320,30.000,27.760,28.310,28.320,54945144,1561415912.340,67600,28.310,117100,28.300,43000,28.290,57400,28.280,58000,28.270,43140,28.320,144500,28.330,7100,28.
2026-05-19 20:02:40 I 14228 D:\home\apps\api\utils\stock_api.py:65 (get_stock_info)	| [SinaAPI] Request: http://hq.sinajs.cn/list=sz002374, Status: 200
2026-05-19 20:02:40 I 14228 D:\home\apps\api\utils\stock_api.py:66 (get_stock_info)	| [SinaAPI] Response content: var hq_str_sz002374="中锐股份,3.700,3.910,3.810,3.970,3.660,3.800,3.810,152947311,581132579.430,697600,3.800,282960,3.790,378100,3.780,234100,3.770,204600,3.760,378300,3.810,229500,3.820,308500,3.830,4338
2026-05-19 20:02:40 I 14228 D:\home\apps\api\utils\stock_api.py:65 (get_stock_info)	| [SinaAPI] Request: http://hq.sinajs.cn/list=sz002372, Status: 200
2026-05-19 20:02:40 I 14228 D:\home\apps\api\utils\stock_api.py:66 (get_stock_info)	| [SinaAPI] Response content: var hq_str_sz002372="伟星新材,10.210,10.210,10.170,10.260,10.140,10.160,10.170,6027699,61447331.830,90300,10.160,46700,10.150,26900,10.140,8600,10.130,12700,10.120,20300,10.170,18300,10.180,14700,10.190,1
2026-05-19 20:02:40 I 14228 D:\home\apps\api\utils\stock_api.py:65 (get_stock_info)	| [SinaAPI] Request: http://hq.sinajs.cn/list=sz002357, Status: 200
2026-05-19 20:02:40 I 14228 D:\home\apps\api\utils\stock_api.py:66 (get_stock_info)	| [SinaAPI] Response content: var hq_str_sz002357="富临运业,11.270,11.270,11.160,11.530,11.080,11.150,11.160,8438702,94754766.240,73100,11.150,11400,11.140,34100,11.130,17300,11.120,22900,11.110,500,11.160,8400,11.170,42200,11.180,220
2026-05-19 20:02:40 I 14228 D:\home\apps\api\utils\stock_api.py:65 (get_stock_info)	| [SinaAPI] Request: http://hq.sinajs.cn/list=sz002330, Status: 200
2026-05-19 20:02:40 I 14228 D:\home\apps\api\utils\stock_api.py:66 (get_stock_info)	| [SinaAPI] Response content: var hq_str_sz002330="得利斯,4.530,4.520,4.500,4.580,4.430,4.500,4.510,11177200,50339363.000,45800,4.500,81500,4.490,4500,4.480,23600,4.470,5600,4.460,60400,4.510,96500,4.520,27300,4.530,36900,4.540,56600
2026-05-19 20:02:40 I 14228 D:\home\apps\api\utils\stock_api.py:65 (get_stock_info)	| [SinaAPI] Request: http://hq.sinajs.cn/list=sz002303, Status: 200
2026-05-19 20:02:40 I 14228 D:\home\apps\api\utils\stock_api.py:66 (get_stock_info)	| [SinaAPI] Response content: var hq_str_sz002303="美盈森,3.540,3.540,3.560,3.560,3.500,3.550,3.560,12779009,45148521.950,166700,3.550,207900,3.540,180700,3.530,116300,3.520,211300,3.510,826800,3.560,448100,3.570,216500,3.580,381200,
2026-05-19 20:02:40 I 14228 D:\home\apps\api\utils\stock_api.py:65 (get_stock_info)	| [SinaAPI] Request: http://hq.sinajs.cn/list=sz002282, Status: 200
2026-05-19 20:02:40 I 14228 D:\home\apps\api\utils\stock_api.py:66 (get_stock_info)	| [SinaAPI] Response content: var hq_str_sz002282="博深股份,6.500,6.460,6.610,6.620,6.470,6.610,6.620,4779700,31341948.000,1500,6.610,26400,6.600,35300,6.590,4900,6.580,11000,6.570,82200,6.620,26300,6.630,34700,6.640,17200,6.650,20900
2026-05-19 20:02:40 I 14228 D:\home\apps\api\utils\stock_api.py:65 (get_stock_info)	| [SinaAPI] Request: http://hq.sinajs.cn/list=sz002275, Status: 200
2026-05-19 20:02:40 I 14228 D:\home\apps\api\utils\stock_api.py:66 (get_stock_info)	| [SinaAPI] Response content: var hq_str_sz002275="桂林三金,13.750,13.750,13.890,13.940,13.710,13.890,13.900,1772950,24583680.000,8650,13.890,3900,13.880,1400,13.870,10000,13.860,800,13.840,100,13.900,3500,13.910,1600,13.920,2900,13.9
2026-05-19 20:02:40 I 14228 D:\home\apps\api\utils\stock_api.py:65 (get_stock_info)	| [SinaAPI] Request: http://hq.sinajs.cn/list=sz002264, Status: 200
2026-05-19 20:02:40 I 14228 D:\home\apps\api\utils\stock_api.py:66 (get_stock_info)	| [SinaAPI] Response content: var hq_str_sz002264="新 华 都,7.600,7.600,7.600,7.730,7.470,7.590,7.600,15585803,118467967.800,143400,7.590,105300,7.580,25100,7.570,39000,7.560,17200,7.550,7900,7.600,85100,7.610,23400,7.620,22200,7.630
2026-05-19 20:02:40 I 14228 D:\home\apps\api\utils\stock_api.py:65 (get_stock_info)	| [SinaAPI] Request: http://hq.sinajs.cn/list=sz002175, Status: 200
2026-05-19 20:02:40 I 14228 D:\home\apps\api\utils\stock_api.py:66 (get_stock_info)	| [SinaAPI] Response content: var hq_str_sz002175="*ST东智,2.680,2.820,2.680,2.680,2.680,0.000,2.680,14882300,39884564.000,0,0.000,0,0.000,0,0.000,0,0.000,0,0.000,48144939,2.680,231500,2.690,31200,2.700,147400,2.710,47500,2.720,2026
2026-05-19 20:02:40 I 14228 D:\home\apps\api\utils\stock_api.py:65 (get_stock_info)	| [SinaAPI] Request: http://hq.sinajs.cn/list=sz002174, Status: 200
2026-05-19 20:02:40 I 14228 D:\home\apps\api\utils\stock_api.py:66 (get_stock_info)	| [SinaAPI] Response content: var hq_str_sz002174="游族网络,11.710,11.760,11.800,12.090,11.550,11.790,11.800,47518976,558985957.970,137700,11.790,48000,11.780,56700,11.770,49924,11.760,129000,11.750,196300,11.800,37300,11.810,21400,11
2026-05-19 20:02:41 I 14228 D:\home\apps\api\utils\stock_api.py:65 (get_stock_info)	| [SinaAPI] Request: http://hq.sinajs.cn/list=sz002157, Status: 200
2026-05-19 20:02:41 I 14228 D:\home\apps\api\utils\stock_api.py:66 (get_stock_info)	| [SinaAPI] Response content: var hq_str_sz002157="正邦科技,3.330,3.320,3.360,3.380,3.230,3.360,3.370,264263632,872974199.260,1670289,3.360,1446600,3.350,718600,3.340,638900,3.330,609400,3.320,1311300,3.370,2869000,3.380,1808000,3.390
2026-05-19 20:02:41 I 14228 D:\home\apps\api\utils\stock_api.py:65 (get_stock_info)	| [SinaAPI] Request: http://hq.sinajs.cn/list=sz002129, Status: 200
2026-05-19 20:02:41 I 14228 D:\home\apps\api\utils\stock_api.py:66 (get_stock_info)	| [SinaAPI] Response content: var hq_str_sz002129="TCL中环,9.380,9.360,9.810,10.070,9.240,9.800,9.810,229140180,2197877710.510,308200,9.800,48800,9.790,38700,9.780,34800,9.770,46600,9.760,682042,9.810,67900,9.820,133875,9.830,29800,
2026-05-19 20:02:41 I 14228 D:\home\apps\api\utils\stock_api.py:65 (get_stock_info)	| [SinaAPI] Request: http://hq.sinajs.cn/list=sz002067, Status: 200
2026-05-19 20:02:41 I 14228 D:\home\apps\api\utils\stock_api.py:66 (get_stock_info)	| [SinaAPI] Response content: var hq_str_sz002067="景兴纸业,5.280,4.800,5.280,5.280,5.210,5.280,0.000,81981700,432800044.000,16498778,5.280,601300,5.270,210000,5.260,51600,5.250,93300,5.240,0,0.000,0,0.000,0,0.000,0,0.000,0,0.000,2026
2026-05-19 20:02:41 I 14228 D:\home\apps\api\utils\stock_api.py:65 (get_stock_info)	| [SinaAPI] Request: http://hq.sinajs.cn/list=sz002044, Status: 200
2026-05-19 20:02:41 I 14228 D:\home\apps\api\utils\stock_api.py:66 (get_stock_info)	| [SinaAPI] Response content: var hq_str_sz002044="美年健康,6.140,6.120,6.380,6.730,6.120,6.380,6.390,399639822,2578185713.590,1235000,6.380,1181078,6.370,356900,6.360,276637,6.350,285700,6.340,826140,6.390,1284200,6.400,362086,6.410,
2026-05-19 20:02:41 I 14228 D:\home\apps\api\utils\stock_api.py:65 (get_stock_info)	| [SinaAPI] Request: http://hq.sinajs.cn/list=sz002043, Status: 200
2026-05-19 20:02:41 I 14228 D:\home\apps\api\utils\stock_api.py:66 (get_stock_info)	| [SinaAPI] Response content: var hq_str_sz002043="兔 宝 宝,13.500,13.720,13.750,13.890,13.330,13.740,13.750,12414643,170360589.190,4700,13.740,46200,13.730,1900,13.720,26200,13.710,40100,13.700,8400,13.750,400,13.760,3800,13.780,117
2026-05-19 20:02:41 I 14228 D:\home\apps\api\utils\stock_api.py:65 (get_stock_info)	| [SinaAPI] Request: http://hq.sinajs.cn/list=sz000786, Status: 200
2026-05-19 20:02:41 I 14228 D:\home\apps\api\utils\stock_api.py:66 (get_stock_info)	| [SinaAPI] Response content: var hq_str_sz000786="北新建材,24.630,24.610,24.720,24.740,24.290,24.720,24.730,13431964,329591526.980,96291,24.720,13500,24.710,15000,24.700,1200,24.690,3400,24.680,1600,24.730,51200,24.740,13200,24.750,1
2026-05-19 20:02:41 I 14228 D:\home\apps\api\utils\stock_api.py:65 (get_stock_info)	| [SinaAPI] Request: http://hq.sinajs.cn/list=sz000750, Status: 200
2026-05-19 20:02:41 I 14228 D:\home\apps\api\utils\stock_api.py:66 (get_stock_info)	| [SinaAPI] Response content: var hq_str_sz000750="国海证券,3.790,3.800,3.860,3.870,3.790,3.850,3.860,48690645,186702506.220,934485,3.850,551400,3.840,426200,3.830,260800,3.820,453000,3.810,250350,3.860,1570500,3.870,1107100,3.880,733
2026-05-19 20:02:41 I 14228 D:\home\apps\api\utils\stock_api.py:65 (get_stock_info)	| [SinaAPI] Request: http://hq.sinajs.cn/list=sz000709, Status: 200
2026-05-19 20:02:41 I 14228 D:\home\apps\api\utils\stock_api.py:66 (get_stock_info)	| [SinaAPI] Response content: var hq_str_sz000709="河钢股份,2.240,2.240,2.260,2.260,2.230,2.250,2.260,61939320,139396421.780,3853500,2.250,6577033,2.240,2301500,2.230,2707700,2.220,1234900,2.210,4974027,2.260,3760898,2.270,2274640,2.2
2026-05-19 20:02:41 I 14228 D:\home\apps\api\utils\stock_api.py:65 (get_stock_info)	| [SinaAPI] Request: http://hq.sinajs.cn/list=sz000166, Status: 200
2026-05-19 20:02:41 I 14228 D:\home\apps\api\utils\stock_api.py:66 (get_stock_info)	| [SinaAPI] Response content: var hq_str_sz000166="申万宏源,4.460,4.470,4.520,4.520,4.450,4.510,4.520,94659657,425051364.290,861700,4.510,1219750,4.500,755030,4.490,301900,4.480,757200,4.470,184119,4.520,1765900,4.530,1028500,4.540,88
2026-05-19 20:02:41 I 14228 D:\home\apps\api\utils\stock_api.py:65 (get_stock_info)	| [SinaAPI] Request: http://hq.sinajs.cn/list=sz000069, Status: 200
2026-05-19 20:02:41 I 14228 D:\home\apps\api\utils\stock_api.py:66 (get_stock_info)	| [SinaAPI] Response content: var hq_str_sz000069="华侨城Ａ,2.070,2.070,2.080,2.100,2.060,2.080,2.090,36117981,74891552.080,141824,2.080,1176200,2.070,969800,2.060,1191800,2.050,611100,2.040,1029700,2.090,1560400,2.100,1071500,2.110,8
2026-05-19 20:06:45 E 20132 D:\home\apps\api\app\core\error.py:31 (http_exception_handler)	| HTTP异常: name 'query' is not defined
Traceback (most recent call last):
  File "C:\Users\User\AppData\Local\Programs\Python\Python312\Lib\site-packages\starlette\middleware\errors.py", line 164, in __call__
    await self.app(scope, receive, _send)
  File "C:\Users\User\AppData\Local\Programs\Python\Python312\Lib\site-packages\starlette\middleware\cors.py", line 95, in __call__
    await self.simple_response(scope, receive, send, request_headers=headers)
  File "C:\Users\User\AppData\Local\Programs\Python\Python312\Lib\site-packages\starlette\middleware\cors.py", line 153, in simple_response
    await self.app(scope, receive, send)
  File "C:\Users\User\AppData\Local\Programs\Python\Python312\Lib\site-packages\starlette\middleware\exceptions.py", line 63, in __call__
    await wrap_app_handling_exceptions(self.app, conn)(scope, receive, send)
  File "C:\Users\User\AppData\Local\Programs\Python\Python312\Lib\site-packages\starlette\_exception_handler.py", line 53, in wrapped_app
    raise exc
  File "C:\Users\User\AppData\Local\Programs\Python\Python312\Lib\site-packages\starlette\_exception_handler.py", line 42, in wrapped_app
    await app(scope, receive, sender)
  File "C:\Users\User\AppData\Local\Programs\Python\Python312\Lib\site-packages\fastapi\middleware\asyncexitstack.py", line 18, in __call__
    await self.app(scope, receive, send)
  File "C:\Users\User\AppData\Local\Programs\Python\Python312\Lib\site-packages\starlette\routing.py", line 716, in __call__
    await self.middleware_stack(scope, receive, send)
  File "C:\Users\User\AppData\Local\Programs\Python\Python312\Lib\site-packages\starlette\routing.py", line 736, in app
    await route.handle(scope, receive, send)
  File "C:\Users\User\AppData\Local\Programs\Python\Python312\Lib\site-packages\starlette\routing.py", line 290, in handle
    await self.app(scope, receive, send)
  File "C:\Users\User\AppData\Local\Programs\Python\Python312\Lib\site-packages\fastapi\routing.py", line 130, in app
    await wrap_app_handling_exceptions(app, request)(scope, receive, send)
  File "C:\Users\User\AppData\Local\Programs\Python\Python312\Lib\site-packages\starlette\_exception_handler.py", line 53, in wrapped_app
    raise exc
  File "C:\Users\User\AppData\Local\Programs\Python\Python312\Lib\site-packages\starlette\_exception_handler.py", line 42, in wrapped_app
    await app(scope, receive, sender)
  File "C:\Users\User\AppData\Local\Programs\Python\Python312\Lib\site-packages\fastapi\routing.py", line 116, in app
    response = await f(request)
               ^^^^^^^^^^^^^^^^
  File "C:\Users\User\AppData\Local\Programs\Python\Python312\Lib\site-packages\fastapi\routing.py", line 670, in app
    raw_response = await run_endpoint_function(
                   ^^^^^^^^^^^^^^^^^^^^^^^^^^^^
  File "C:\Users\User\AppData\Local\Programs\Python\Python312\Lib\site-packages\fastapi\routing.py", line 324, in run_endpoint_function
    return await dependant.call(**values)
           ^^^^^^^^^^^^^^^^^^^^^^^^^^^^^^
  File "D:\home\apps\api\routers\news.py", line 34, in get_news
    total = db.news.count_documents(query)
                                    ^^^^^
NameError: name 'query' is not defined. Did you mean: 'Query'?
2026-05-19 20:06:51 E 20132 D:\home\apps\api\app\core\error.py:31 (http_exception_handler)	| HTTP异常: name 'query' is not defined
Traceback (most recent call last):
  File "C:\Users\User\AppData\Local\Programs\Python\Python312\Lib\site-packages\starlette\middleware\errors.py", line 164, in __call__
    await self.app(scope, receive, _send)
  File "C:\Users\User\AppData\Local\Programs\Python\Python312\Lib\site-packages\starlette\middleware\cors.py", line 95, in __call__
    await self.simple_response(scope, receive, send, request_headers=headers)
  File "C:\Users\User\AppData\Local\Programs\Python\Python312\Lib\site-packages\starlette\middleware\cors.py", line 153, in simple_response
    await self.app(scope, receive, send)
  File "C:\Users\User\AppData\Local\Programs\Python\Python312\Lib\site-packages\starlette\middleware\exceptions.py", line 63, in __call__
    await wrap_app_handling_exceptions(self.app, conn)(scope, receive, send)
  File "C:\Users\User\AppData\Local\Programs\Python\Python312\Lib\site-packages\starlette\_exception_handler.py", line 53, in wrapped_app
    raise exc
  File "C:\Users\User\AppData\Local\Programs\Python\Python312\Lib\site-packages\starlette\_exception_handler.py", line 42, in wrapped_app
    await app(scope, receive, sender)
  File "C:\Users\User\AppData\Local\Programs\Python\Python312\Lib\site-packages\fastapi\middleware\asyncexitstack.py", line 18, in __call__
    await self.app(scope, receive, send)
  File "C:\Users\User\AppData\Local\Programs\Python\Python312\Lib\site-packages\starlette\routing.py", line 716, in __call__
    await self.middleware_stack(scope, receive, send)
  File "C:\Users\User\AppData\Local\Programs\Python\Python312\Lib\site-packages\starlette\routing.py", line 736, in app
    await route.handle(scope, receive, send)
  File "C:\Users\User\AppData\Local\Programs\Python\Python312\Lib\site-packages\starlette\routing.py", line 290, in handle
    await self.app(scope, receive, send)
  File "C:\Users\User\AppData\Local\Programs\Python\Python312\Lib\site-packages\fastapi\routing.py", line 130, in app
    await wrap_app_handling_exceptions(app, request)(scope, receive, send)
  File "C:\Users\User\AppData\Local\Programs\Python\Python312\Lib\site-packages\starlette\_exception_handler.py", line 53, in wrapped_app
    raise exc
  File "C:\Users\User\AppData\Local\Programs\Python\Python312\Lib\site-packages\starlette\_exception_handler.py", line 42, in wrapped_app
    await app(scope, receive, sender)
  File "C:\Users\User\AppData\Local\Programs\Python\Python312\Lib\site-packages\fastapi\routing.py", line 116, in app
    response = await f(request)
               ^^^^^^^^^^^^^^^^
  File "C:\Users\User\AppData\Local\Programs\Python\Python312\Lib\site-packages\fastapi\routing.py", line 670, in app
    raw_response = await run_endpoint_function(
                   ^^^^^^^^^^^^^^^^^^^^^^^^^^^^
  File "C:\Users\User\AppData\Local\Programs\Python\Python312\Lib\site-packages\fastapi\routing.py", line 324, in run_endpoint_function
    return await dependant.call(**values)
           ^^^^^^^^^^^^^^^^^^^^^^^^^^^^^^
  File "D:\home\apps\api\routers\news.py", line 34, in get_news
    total = db.news.count_documents(query)
                                    ^^^^^
NameError: name 'query' is not defined. Did you mean: 'Query'?
2026-05-20 17:19:30 I 10732 D:\home\apps\api\utils\stock_api.py:65 (get_stock_info)	| [SinaAPI] Request: http://hq.sinajs.cn/list=sh601727, Status: 200
2026-05-20 17:19:30 I 10732 D:\home\apps\api\utils\stock_api.py:66 (get_stock_info)	| [SinaAPI] Response content: var hq_str_sh601727="上海电气,8.930,8.980,9.070,9.290,8.780,9.070,9.080,314163635,2834129169.000,40800,9.070,738600,9.060,706403,9.050,650500,9.040,576200,9.030,2304608,9.080,842800,9.090,1613600,9.100,43
2026-05-20 17:19:30 I 10732 D:\home\apps\api\utils\stock_api.py:65 (get_stock_info)	| [SinaAPI] Request: http://hq.sinajs.cn/list=sh601588, Status: 200
2026-05-20 17:19:30 I 10732 D:\home\apps\api\utils\stock_api.py:66 (get_stock_info)	| [SinaAPI] Response content: var hq_str_sh601588="北辰实业,1.940,1.950,1.860,1.950,1.840,1.860,1.870,49588930,92605804.000,158100,1.860,468300,1.850,627700,1.840,587900,1.830,202000,1.820,907100,1.870,229900,1.880,416800,1.890,559400
2026-05-20 17:19:33 I 10732 D:\home\apps\api\utils\stock_api.py:65 (get_stock_info)	| [SinaAPI] Request: http://hq.sinajs.cn/list=sh601100, Status: 200
2026-05-20 17:19:33 I 10732 D:\home\apps\api\utils\stock_api.py:66 (get_stock_info)	| [SinaAPI] Response content: var hq_str_sh601100="恒立液压,111.660,112.360,112.630,115.450,110.380,112.620,112.630,7987637,898669554.000,1300,112.620,1100,112.610,800,112.600,200,112.590,2000,112.560,4306,112.630,100,112.660,300,112.
2026-05-20 17:19:34 I 10732 D:\home\apps\api\utils\stock_api.py:65 (get_stock_info)	| [SinaAPI] Request: http://hq.sinajs.cn/list=sh601059, Status: 200
2026-05-20 17:19:34 I 10732 D:\home\apps\api\utils\stock_api.py:66 (get_stock_info)	| [SinaAPI] Response content: var hq_str_sh601059="信达证券,17.180,17.150,17.310,17.470,17.160,17.300,17.310,16002311,276833779.000,64200,17.300,56300,17.290,14500,17.280,18600,17.270,24600,17.260,28900,17.310,85500,17.320,185200,17.3
2026-05-20 17:19:34 I 10732 D:\home\apps\api\utils\stock_api.py:65 (get_stock_info)	| [SinaAPI] Request: http://hq.sinajs.cn/list=sh600999, Status: 200
2026-05-20 17:19:34 I 10732 D:\home\apps\api\utils\stock_api.py:66 (get_stock_info)	| [SinaAPI] Response content: var hq_str_sh600999="招商证券,16.670,16.720,17.050,17.130,16.580,17.040,17.050,96862081,1638444364.000,10100,17.040,38200,17.030,75000,17.020,9600,17.010,83800,17.000,378507,17.050,189900,17.060,100200,17
2026-05-20 17:19:34 I 10732 D:\home\apps\api\utils\stock_api.py:65 (get_stock_info)	| [SinaAPI] Request: http://hq.sinajs.cn/list=sh600936, Status: 200
2026-05-20 17:19:34 I 10732 D:\home\apps\api\utils\stock_api.py:66 (get_stock_info)	| [SinaAPI] Response content: var hq_str_sh600936="北投科技,5.790,5.840,5.260,5.790,5.260,0.000,5.260,121572700,651729450.000,0,0.000,0,0.000,0,0.000,0,0.000,0,0.000,4547100,5.260,752900,5.270,243500,5.280,70200,5.290,259300,5.300,202
2026-05-20 17:19:34 I 10732 D:\home\apps\api\utils\stock_api.py:65 (get_stock_info)	| [SinaAPI] Request: http://hq.sinajs.cn/list=sh600392, Status: 200
2026-05-20 17:19:34 I 10732 D:\home\apps\api\utils\stock_api.py:66 (get_stock_info)	| [SinaAPI] Response content: var hq_str_sh600392="盛和资源,23.010,23.320,23.770,24.220,22.650,23.770,23.780,68961657,1612219334.000,102575,23.770,59900,23.760,38000,23.750,36800,23.740,13900,23.730,52000,23.780,77100,23.790,137965,23
2026-05-20 17:19:35 I 10732 D:\home\apps\api\utils\stock_api.py:65 (get_stock_info)	| [SinaAPI] Request: http://hq.sinajs.cn/list=sh600369, Status: 200
2026-05-20 17:19:35 I 10732 D:\home\apps\api\utils\stock_api.py:66 (get_stock_info)	| [SinaAPI] Response content: var hq_str_sh600369="西南证券,4.110,4.120,4.070,4.110,4.060,4.070,4.080,30815061,125826354.000,465900,4.070,469200,4.060,442800,4.050,270600,4.040,226500,4.030,180300,4.080,417300,4.090,397000,4.100,37320
2026-05-20 17:19:35 I 10732 D:\home\apps\api\utils\stock_api.py:65 (get_stock_info)	| [SinaAPI] Request: http://hq.sinajs.cn/list=sh600362, Status: 200
2026-05-20 17:19:35 I 10732 D:\home\apps\api\utils\stock_api.py:66 (get_stock_info)	| [SinaAPI] Response content: var hq_str_sh600362="江西铜业,43.200,44.120,44.960,45.640,42.750,44.960,44.970,56332188,2480020694.000,10033,44.960,39600,44.950,2500,44.940,200,44.930,6700,44.920,6100,44.970,30400,44.980,1500,44.990,196
2026-05-20 17:19:35 I 10732 D:\home\apps\api\utils\stock_api.py:65 (get_stock_info)	| [SinaAPI] Request: http://hq.sinajs.cn/list=sh600256, Status: 200
2026-05-20 17:19:35 I 10732 D:\home\apps\api\utils\stock_api.py:66 (get_stock_info)	| [SinaAPI] Response content: var hq_str_sh600256="广汇能源,6.360,6.390,6.490,6.530,6.340,6.480,6.490,127263801,821510586.000,162400,6.480,210800,6.470,100000,6.460,100200,6.450,165300,6.440,421500,6.490,853500,6.500,727200,6.510,1431
2026-05-20 17:19:35 I 10732 D:\home\apps\api\utils\stock_api.py:65 (get_stock_info)	| [SinaAPI] Request: http://hq.sinajs.cn/list=sh600121, Status: 200
2026-05-20 17:19:35 I 10732 D:\home\apps\api\utils\stock_api.py:66 (get_stock_info)	| [SinaAPI] Response content: var hq_str_sh600121="郑州煤电,4.390,4.390,4.190,4.420,4.160,4.180,4.190,59240640,251579875.000,452500,4.180,415300,4.170,445100,4.160,692700,4.150,71600,4.140,209800,4.190,328200,4.200,94800,4.210,65400,4
2026-05-20 17:19:35 I 10732 D:\home\apps\api\utils\stock_api.py:65 (get_stock_info)	| [SinaAPI] Request: http://hq.sinajs.cn/list=sh600116, Status: 200
2026-05-20 17:19:35 I 10732 D:\home\apps\api\utils\stock_api.py:66 (get_stock_info)	| [SinaAPI] Response content: var hq_str_sh600116="三峡水利,6.930,6.970,6.610,6.930,6.580,6.610,6.620,48712500,325428257.000,158200,6.610,219000,6.600,253900,6.590,632500,6.580,120800,6.570,48000,6.620,91600,6.630,104700,6.640,57300,6
2026-05-20 17:19:35 I 10732 D:\home\apps\api\utils\stock_api.py:65 (get_stock_info)	| [SinaAPI] Request: http://hq.sinajs.cn/list=sh600111, Status: 200
2026-05-20 17:19:35 I 10732 D:\home\apps\api\utils\stock_api.py:66 (get_stock_info)	| [SinaAPI] Response content: var hq_str_sh600111="北方稀土,50.000,50.250,51.890,52.690,49.270,51.880,51.890,146597783,7475752010.000,105400,51.880,50500,51.870,44200,51.860,44900,51.850,6600,51.840,147200,51.890,198500,51.900,51100,5
2026-05-20 17:19:36 I 10732 D:\home\apps\api\utils\stock_api.py:65 (get_stock_info)	| [SinaAPI] Request: http://hq.sinajs.cn/list=sh600082, Status: 200
2026-05-20 17:19:36 I 10732 D:\home\apps\api\utils\stock_api.py:66 (get_stock_info)	| [SinaAPI] Response content: var hq_str_sh600082="ST海泰,3.830,3.860,3.780,3.870,3.680,3.770,3.780,14091955,53243663.000,44000,3.770,43600,3.760,45800,3.750,122100,3.740,66000,3.730,47100,3.780,18000,3.790,69200,3.800,47500,3.810,2
2026-05-20 17:19:36 I 10732 D:\home\apps\api\utils\stock_api.py:65 (get_stock_info)	| [SinaAPI] Request: http://hq.sinajs.cn/list=sh600081, Status: 200
2026-05-20 17:19:36 I 10732 D:\home\apps\api\utils\stock_api.py:66 (get_stock_info)	| [SinaAPI] Response content: var hq_str_sh600081="东风科技,12.520,12.410,12.110,12.520,11.980,12.110,12.140,10195433,123677381.000,25210,12.110,87200,12.100,9300,12.090,13000,12.080,31400,12.070,8700,12.140,3200,12.150,1800,12.160,68
2026-05-20 17:19:36 I 10732 D:\home\apps\api\utils\stock_api.py:65 (get_stock_info)	| [SinaAPI] Request: http://hq.sinajs.cn/list=sh600031, Status: 200
2026-05-20 17:19:36 I 10732 D:\home\apps\api\utils\stock_api.py:66 (get_stock_info)	| [SinaAPI] Response content: var hq_str_sh600031="三一重工,19.320,19.310,19.400,19.710,18.990,19.400,19.410,71977912,1389019536.000,93021,19.400,32300,19.390,66500,19.380,69800,19.370,68265,19.360,29500,19.410,35600,19.420,101000,19.
2026-05-20 17:19:36 I 10732 D:\home\apps\api\utils\stock_api.py:65 (get_stock_info)	| [SinaAPI] Request: http://hq.sinajs.cn/list=sz002441, Status: 200
2026-05-20 17:19:36 I 10732 D:\home\apps\api\utils\stock_api.py:66 (get_stock_info)	| [SinaAPI] Response content: var hq_str_sz002441="众业达,10.510,10.570,10.380,10.540,10.240,10.370,10.380,7777700,80480807.000,3400,10.370,5000,10.360,13700,10.350,6500,10.340,14800,10.330,6600,10.380,23200,10.390,31800,10.400,23300
2026-05-20 17:19:37 I 10732 D:\home\apps\api\utils\stock_api.py:65 (get_stock_info)	| [SinaAPI] Request: http://hq.sinajs.cn/list=sz002424, Status: 200
2026-05-20 17:19:37 I 10732 D:\home\apps\api\utils\stock_api.py:66 (get_stock_info)	| [SinaAPI] Response content: var hq_str_sz002424="ST百灵,4.930,4.920,4.830,4.930,4.810,4.830,4.840,7689600,37298515.000,217200,4.830,55200,4.820,118200,4.810,150700,4.800,28800,4.790,68900,4.840,133900,4.850,113400,4.860,205000,4.8
2026-05-20 17:19:37 I 10732 D:\home\apps\api\utils\stock_api.py:65 (get_stock_info)	| [SinaAPI] Request: http://hq.sinajs.cn/list=sz002408, Status: 200
2026-05-20 17:19:37 I 10732 D:\home\apps\api\utils\stock_api.py:66 (get_stock_info)	| [SinaAPI] Response content: var hq_str_sz002408="齐翔腾达,5.780,5.730,5.670,5.800,5.600,5.670,5.680,26571526,150957709.720,70200,5.670,402020,5.660,194100,5.650,32900,5.640,135000,5.630,63800,5.680,238500,5.690,490200,5.700,114700,5
2026-05-20 17:19:37 I 10732 D:\home\apps\api\utils\stock_api.py:65 (get_stock_info)	| [SinaAPI] Request: http://hq.sinajs.cn/list=sz002400, Status: 200
2026-05-20 17:19:37 I 10732 D:\home\apps\api\utils\stock_api.py:66 (get_stock_info)	| [SinaAPI] Response content: var hq_str_sz002400="省广集团,9.000,9.090,8.670,9.010,8.560,8.670,8.680,116192058,1012399885.950,170300,8.670,324600,8.660,358200,8.650,239800,8.640,140800,8.630,343300,8.680,277367,8.690,292300,8.700,585
2026-05-20 17:19:37 I 10732 D:\home\apps\api\utils\stock_api.py:65 (get_stock_info)	| [SinaAPI] Request: http://hq.sinajs.cn/list=sz002390, Status: 200
2026-05-20 17:19:37 I 10732 D:\home\apps\api\utils\stock_api.py:66 (get_stock_info)	| [SinaAPI] Response content: var hq_str_sz002390="信邦制药,3.220,3.220,3.160,3.220,3.130,3.160,3.170,23045500,72628564.000,323300,3.160,541900,3.150,622400,3.140,477700,3.130,431100,3.120,253400,3.170,446200,3.180,169800,3.190,121500
2026-05-20 17:19:37 I 10732 D:\home\apps\api\utils\stock_api.py:65 (get_stock_info)	| [SinaAPI] Request: http://hq.sinajs.cn/list=sz002378, Status: 200
2026-05-20 17:19:37 I 10732 D:\home\apps\api\utils\stock_api.py:66 (get_stock_info)	| [SinaAPI] Response content: var hq_str_sz002378="章源钨业,28.010,28.320,28.260,28.690,27.200,28.250,28.260,45047185,1254625894.630,53200,28.250,10900,28.240,21900,28.230,12400,28.220,2300,28.210,15100,28.260,30890,28.270,28300,28.28
2026-05-20 17:19:37 I 10732 D:\home\apps\api\utils\stock_api.py:65 (get_stock_info)	| [SinaAPI] Request: http://hq.sinajs.cn/list=sz002374, Status: 200
2026-05-20 17:19:37 I 10732 D:\home\apps\api\utils\stock_api.py:66 (get_stock_info)	| [SinaAPI] Response content: var hq_str_sz002374="中锐股份,3.800,3.810,3.780,3.860,3.710,3.770,3.780,82050699,310622983.040,270000,3.770,568400,3.760,289600,3.750,347500,3.740,212500,3.730,89300,3.780,101700,3.790,383200,3.800,178800
2026-05-20 17:19:37 I 10732 D:\home\apps\api\utils\stock_api.py:65 (get_stock_info)	| [SinaAPI] Request: http://hq.sinajs.cn/list=sz002372, Status: 200
2026-05-20 17:19:37 I 10732 D:\home\apps\api\utils\stock_api.py:66 (get_stock_info)	| [SinaAPI] Response content: var hq_str_sz002372="伟星新材,10.120,10.170,10.040,10.140,9.990,10.040,10.050,6906666,69309505.120,103300,10.040,42300,10.030,56276,10.020,101200,10.010,206400,10.000,8600,10.050,29900,10.060,102200,10.07
2026-05-20 17:19:37 I 10732 D:\home\apps\api\utils\stock_api.py:65 (get_stock_info)	| [SinaAPI] Request: http://hq.sinajs.cn/list=sz002357, Status: 200
2026-05-20 17:19:37 I 10732 D:\home\apps\api\utils\stock_api.py:66 (get_stock_info)	| [SinaAPI] Response content: var hq_str_sz002357="富临运业,11.160,11.160,11.180,11.290,10.890,11.170,11.180,7943799,88046432.840,4600,11.170,10800,11.160,25400,11.150,6800,11.140,14500,11.130,30200,11.180,5100,11.190,37400,11.200,110
2026-05-20 17:19:38 I 10732 D:\home\apps\api\utils\stock_api.py:65 (get_stock_info)	| [SinaAPI] Request: http://hq.sinajs.cn/list=sz002330, Status: 200
2026-05-20 17:19:38 I 10732 D:\home\apps\api\utils\stock_api.py:66 (get_stock_info)	| [SinaAPI] Response content: var hq_str_sz002330="得利斯,4.520,4.500,4.430,4.520,4.400,4.430,4.440,9965703,44153992.250,7000,4.430,102400,4.420,18600,4.410,441400,4.400,85100,4.390,77000,4.440,47200,4.450,36600,4.460,32100,4.470,477
2026-05-20 17:19:38 I 10732 D:\home\apps\api\utils\stock_api.py:65 (get_stock_info)	| [SinaAPI] Request: http://hq.sinajs.cn/list=sz002303, Status: 200
2026-05-20 17:19:38 I 10732 D:\home\apps\api\utils\stock_api.py:66 (get_stock_info)	| [SinaAPI] Response content: var hq_str_sz002303="美盈森,3.540,3.560,3.500,3.540,3.470,3.490,3.500,13572500,47520547.000,128900,3.490,95200,3.480,501800,3.470,285900,3.460,48100,3.450,132200,3.500,296700,3.510,206700,3.520,285100,3.
2026-05-20 17:19:38 I 10732 D:\home\apps\api\utils\stock_api.py:65 (get_stock_info)	| [SinaAPI] Request: http://hq.sinajs.cn/list=sz002282, Status: 200
2026-05-20 17:19:38 I 10732 D:\home\apps\api\utils\stock_api.py:66 (get_stock_info)	| [SinaAPI] Response content: var hq_str_sz002282="博深股份,6.610,6.610,6.570,6.620,6.500,6.560,6.570,3730400,24429891.000,9700,6.560,4800,6.550,1900,6.540,13800,6.530,70800,6.520,81600,6.570,29700,6.580,16600,6.590,11500,6.600,36100,
2026-05-20 17:19:38 I 10732 D:\home\apps\api\utils\stock_api.py:65 (get_stock_info)	| [SinaAPI] Request: http://hq.sinajs.cn/list=sz002275, Status: 200
2026-05-20 17:19:38 I 10732 D:\home\apps\api\utils\stock_api.py:66 (get_stock_info)	| [SinaAPI] Response content: var hq_str_sz002275="桂林三金,13.890,13.890,13.760,13.890,13.730,13.760,13.790,1374800,18950279.000,7400,13.760,14300,13.750,2000,13.740,13400,13.730,3800,13.720,300,13.790,900,13.800,900,13.810,3400,13.8
2026-05-20 17:19:38 I 10732 D:\home\apps\api\utils\stock_api.py:65 (get_stock_info)	| [SinaAPI] Request: http://hq.sinajs.cn/list=sz002264, Status: 200
2026-05-20 17:19:38 I 10732 D:\home\apps\api\utils\stock_api.py:66 (get_stock_info)	| [SinaAPI] Response content: var hq_str_sz002264="新 华 都,7.550,7.600,7.310,7.560,7.250,7.300,7.310,18777400,137859631.000,3900,7.300,10000,7.290,81100,7.280,4300,7.270,26100,7.260,25900,7.310,28900,7.320,58700,7.330,43200,7.340,11
2026-05-20 17:19:38 I 10732 D:\home\apps\api\utils\stock_api.py:65 (get_stock_info)	| [SinaAPI] Request: http://hq.sinajs.cn/list=sz002175, Status: 200
2026-05-20 17:19:38 I 10732 D:\home\apps\api\utils\stock_api.py:66 (get_stock_info)	| [SinaAPI] Response content: var hq_str_sz002175="*ST东智,2.620,2.680,2.550,2.780,2.550,0.000,2.550,120841900,319558090.530,0,0.000,0,0.000,0,0.000,0,0.000,0,0.000,587660,2.550,260300,2.560,191580,2.570,64600,2.580,77100,2.590,2026
2026-05-20 17:19:38 I 10732 D:\home\apps\api\utils\stock_api.py:65 (get_stock_info)	| [SinaAPI] Request: http://hq.sinajs.cn/list=sz002174, Status: 200
2026-05-20 17:19:38 I 10732 D:\home\apps\api\utils\stock_api.py:66 (get_stock_info)	| [SinaAPI] Response content: var hq_str_sz002174="游族网络,11.610,11.800,11.710,11.810,11.450,11.700,11.710,38050595,443879610.100,99700,11.700,8500,11.690,11400,11.680,24600,11.670,72200,11.660,95700,11.710,93900,11.720,41700,11.730
2026-05-20 17:19:38 I 10732 D:\home\apps\api\utils\stock_api.py:65 (get_stock_info)	| [SinaAPI] Request: http://hq.sinajs.cn/list=sz002157, Status: 200
2026-05-20 17:19:38 I 10732 D:\home\apps\api\utils\stock_api.py:66 (get_stock_info)	| [SinaAPI] Response content: var hq_str_sz002157="正邦科技,3.350,3.360,3.370,3.400,3.300,3.370,3.380,190792902,640201292.360,587900,3.370,913306,3.360,1231100,3.350,1261400,3.340,1089900,3.330,4652900,3.380,2410300,3.390,2712600,3.40
2026-05-20 17:19:38 I 10732 D:\home\apps\api\utils\stock_api.py:65 (get_stock_info)	| [SinaAPI] Request: http://hq.sinajs.cn/list=sz002129, Status: 200
2026-05-20 17:19:38 I 10732 D:\home\apps\api\utils\stock_api.py:66 (get_stock_info)	| [SinaAPI] Response content: var hq_str_sz002129="TCL中环,9.840,9.810,9.620,9.880,9.560,9.610,9.620,130922094,1267659222.320,325000,9.610,304100,9.600,127300,9.590,287175,9.580,384825,9.570,207700,9.620,233525,9.630,121100,9.640,93
2026-05-20 17:19:38 I 10732 D:\home\apps\api\utils\stock_api.py:65 (get_stock_info)	| [SinaAPI] Request: http://hq.sinajs.cn/list=sz002067, Status: 200
2026-05-20 17:19:38 I 10732 D:\home\apps\api\utils\stock_api.py:66 (get_stock_info)	| [SinaAPI] Response content: var hq_str_sz002067="景兴纸业,5.200,5.280,5.090,5.210,5.000,5.090,5.100,142824765,728831747.630,729999,5.090,378496,5.080,365500,5.070,342497,5.060,439500,5.050,624918,5.100,387200,5.110,356800,5.120,2207
2026-05-20 17:19:39 I 10732 D:\home\apps\api\utils\stock_api.py:65 (get_stock_info)	| [SinaAPI] Request: http://hq.sinajs.cn/list=sz002044, Status: 200
2026-05-20 17:19:39 I 10732 D:\home\apps\api\utils\stock_api.py:66 (get_stock_info)	| [SinaAPI] Response content: var hq_str_sz002044="美年健康,6.240,6.380,6.080,6.340,6.080,6.080,6.090,280214881,1722201047.140,3354300,6.080,760800,6.070,1203900,6.060,1753500,6.050,188900,6.040,527100,6.090,587500,6.100,501045,6.110,
2026-05-20 17:19:39 I 10732 D:\home\apps\api\utils\stock_api.py:65 (get_stock_info)	| [SinaAPI] Request: http://hq.sinajs.cn/list=sz002043, Status: 200
2026-05-20 17:19:39 I 10732 D:\home\apps\api\utils\stock_api.py:66 (get_stock_info)	| [SinaAPI] Response content: var hq_str_sz002043="兔 宝 宝,13.660,13.750,13.670,13.770,13.210,13.660,13.670,12019904,161940902.920,3500,13.660,22200,13.650,2900,13.640,10500,13.630,1500,13.620,300,13.670,2800,13.680,10800,13.690,219
2026-05-20 17:19:39 I 10732 D:\home\apps\api\utils\stock_api.py:65 (get_stock_info)	| [SinaAPI] Request: http://hq.sinajs.cn/list=sz000786, Status: 200
2026-05-20 17:19:39 I 10732 D:\home\apps\api\utils\stock_api.py:66 (get_stock_info)	| [SinaAPI] Response content: var hq_str_sz000786="北新建材,24.520,24.720,24.890,24.990,24.000,24.880,24.890,19387458,472391074.100,5700,24.880,100,24.870,4000,24.860,9600,24.850,4400,24.840,700,24.890,24600,24.900,35400,24.910,15100,
2026-05-20 17:19:39 I 10732 D:\home\apps\api\utils\stock_api.py:65 (get_stock_info)	| [SinaAPI] Request: http://hq.sinajs.cn/list=sz000750, Status: 200
2026-05-20 17:19:39 I 10732 D:\home\apps\api\utils\stock_api.py:66 (get_stock_info)	| [SinaAPI] Response content: var hq_str_sz000750="国海证券,3.840,3.860,3.800,3.850,3.800,3.800,3.810,35238000,134474266.200,483295,3.800,784500,3.790,330800,3.780,139100,3.770,116100,3.760,563225,3.810,523700,3.820,843200,3.830,11805
2026-05-20 17:19:39 I 10732 D:\home\apps\api\utils\stock_api.py:65 (get_stock_info)	| [SinaAPI] Request: http://hq.sinajs.cn/list=sz000709, Status: 200
2026-05-20 17:19:39 I 10732 D:\home\apps\api\utils\stock_api.py:66 (get_stock_info)	| [SinaAPI] Response content: var hq_str_sz000709="河钢股份,2.250,2.260,2.220,2.260,2.200,2.220,2.230,100606649,223213312.540,2030000,2.220,4172400,2.210,7400856,2.200,2077200,2.190,1305000,2.180,4513300,2.230,2808162,2.240,2445425,2.
2026-05-20 17:19:39 I 10732 D:\home\apps\api\utils\stock_api.py:65 (get_stock_info)	| [SinaAPI] Request: http://hq.sinajs.cn/list=sz000166, Status: 200
2026-05-20 17:19:39 I 10732 D:\home\apps\api\utils\stock_api.py:66 (get_stock_info)	| [SinaAPI] Response content: var hq_str_sz000166="申万宏源,4.490,4.520,4.470,4.510,4.450,4.470,4.480,65256333,292424599.860,896600,4.470,1388600,4.460,1196500,4.450,750700,4.440,330000,4.430,725700,4.480,1225850,4.490,955947,4.500,82
2026-05-20 17:19:39 I 10732 D:\home\apps\api\utils\stock_api.py:65 (get_stock_info)	| [SinaAPI] Request: http://hq.sinajs.cn/list=sz000069, Status: 200
2026-05-20 17:19:39 I 10732 D:\home\apps\api\utils\stock_api.py:66 (get_stock_info)	| [SinaAPI] Response content: var hq_str_sz000069="华侨城Ａ,2.080,2.080,2.030,2.080,2.000,2.020,2.030,43276576,87894013.520,1973524,2.020,1912400,2.010,2469700,2.000,1003700,1.990,1098200,1.980,170867,2.030,1595066,2.040,979100,2.050,
2026-05-20 21:06:17 I 44228 D:\home\apps\api\utils\stock_api.py:65 (get_stock_info)	| [SinaAPI] Request: http://hq.sinajs.cn/list=sh601727, Status: 200
2026-05-20 21:06:17 I 44228 D:\home\apps\api\utils\stock_api.py:66 (get_stock_info)	| [SinaAPI] Response content: var hq_str_sh601727="上海电气,8.930,8.980,9.070,9.290,8.780,9.070,9.080,314163635,2834129169.000,40800,9.070,738600,9.060,706403,9.050,650500,9.040,576200,9.030,2304608,9.080,842800,9.090,1613600,9.100,43
2026-05-20 21:06:17 I 44228 D:\home\apps\api\utils\stock_api.py:65 (get_stock_info)	| [SinaAPI] Request: http://hq.sinajs.cn/list=sh601588, Status: 200
2026-05-20 21:06:17 I 44228 D:\home\apps\api\utils\stock_api.py:66 (get_stock_info)	| [SinaAPI] Response content: var hq_str_sh601588="北辰实业,1.940,1.950,1.860,1.950,1.840,1.860,1.870,49588930,92605804.000,158100,1.860,468300,1.850,627700,1.840,587900,1.830,202000,1.820,907100,1.870,229900,1.880,416800,1.890,559400
2026-05-20 21:06:17 I 44228 D:\home\apps\api\utils\stock_api.py:65 (get_stock_info)	| [SinaAPI] Request: http://hq.sinajs.cn/list=sh601100, Status: 200
2026-05-20 21:06:17 I 44228 D:\home\apps\api\utils\stock_api.py:66 (get_stock_info)	| [SinaAPI] Response content: var hq_str_sh601100="恒立液压,111.660,112.360,112.630,115.450,110.380,112.620,112.630,7987637,898669554.000,1300,112.620,1100,112.610,800,112.600,200,112.590,2000,112.560,4306,112.630,100,112.660,300,112.
2026-05-20 21:06:17 I 44228 D:\home\apps\api\utils\stock_api.py:65 (get_stock_info)	| [SinaAPI] Request: http://hq.sinajs.cn/list=sh601059, Status: 200
2026-05-20 21:06:17 I 44228 D:\home\apps\api\utils\stock_api.py:66 (get_stock_info)	| [SinaAPI] Response content: var hq_str_sh601059="信达证券,17.180,17.150,17.310,17.470,17.160,17.300,17.310,16002311,276833779.000,64200,17.300,56300,17.290,14500,17.280,18600,17.270,24600,17.260,28900,17.310,85500,17.320,185200,17.3
2026-05-20 21:06:17 I 44228 D:\home\apps\api\utils\stock_api.py:65 (get_stock_info)	| [SinaAPI] Request: http://hq.sinajs.cn/list=sh600999, Status: 200
2026-05-20 21:06:17 I 44228 D:\home\apps\api\utils\stock_api.py:66 (get_stock_info)	| [SinaAPI] Response content: var hq_str_sh600999="招商证券,16.670,16.720,17.050,17.130,16.580,17.040,17.050,96862081,1638444364.000,10100,17.040,38200,17.030,75000,17.020,9600,17.010,83800,17.000,378507,17.050,189900,17.060,100200,17
2026-05-20 21:06:17 I 44228 D:\home\apps\api\utils\stock_api.py:65 (get_stock_info)	| [SinaAPI] Request: http://hq.sinajs.cn/list=sh600936, Status: 200
2026-05-20 21:06:17 I 44228 D:\home\apps\api\utils\stock_api.py:66 (get_stock_info)	| [SinaAPI] Response content: var hq_str_sh600936="北投科技,5.790,5.840,5.260,5.790,5.260,0.000,5.260,121572700,651729450.000,0,0.000,0,0.000,0,0.000,0,0.000,0,0.000,4547100,5.260,752900,5.270,243500,5.280,70200,5.290,259300,5.300,202
2026-05-20 21:06:17 I 44228 D:\home\apps\api\utils\stock_api.py:65 (get_stock_info)	| [SinaAPI] Request: http://hq.sinajs.cn/list=sh600392, Status: 200
2026-05-20 21:06:17 I 44228 D:\home\apps\api\utils\stock_api.py:66 (get_stock_info)	| [SinaAPI] Response content: var hq_str_sh600392="盛和资源,23.010,23.320,23.770,24.220,22.650,23.770,23.780,68961657,1612219334.000,102575,23.770,59900,23.760,38000,23.750,36800,23.740,13900,23.730,52000,23.780,77100,23.790,137965,23
2026-05-20 21:06:17 I 44228 D:\home\apps\api\utils\stock_api.py:65 (get_stock_info)	| [SinaAPI] Request: http://hq.sinajs.cn/list=sh600369, Status: 200
2026-05-20 21:06:17 I 44228 D:\home\apps\api\utils\stock_api.py:66 (get_stock_info)	| [SinaAPI] Response content: var hq_str_sh600369="西南证券,4.110,4.120,4.070,4.110,4.060,4.070,4.080,30815061,125826354.000,465900,4.070,469200,4.060,442800,4.050,270600,4.040,226500,4.030,180300,4.080,417300,4.090,397000,4.100,37320
2026-05-20 21:06:17 I 44228 D:\home\apps\api\utils\stock_api.py:65 (get_stock_info)	| [SinaAPI] Request: http://hq.sinajs.cn/list=sh600362, Status: 200
2026-05-20 21:06:17 I 44228 D:\home\apps\api\utils\stock_api.py:66 (get_stock_info)	| [SinaAPI] Response content: var hq_str_sh600362="江西铜业,43.200,44.120,44.960,45.640,42.750,44.960,44.970,56332188,2480020694.000,10033,44.960,39600,44.950,2500,44.940,200,44.930,6700,44.920,6100,44.970,30400,44.980,1500,44.990,196
2026-05-20 21:06:17 I 44228 D:\home\apps\api\utils\stock_api.py:65 (get_stock_info)	| [SinaAPI] Request: http://hq.sinajs.cn/list=sh600256, Status: 200
2026-05-20 21:06:17 I 44228 D:\home\apps\api\utils\stock_api.py:66 (get_stock_info)	| [SinaAPI] Response content: var hq_str_sh600256="广汇能源,6.360,6.390,6.490,6.530,6.340,6.480,6.490,127263801,821510586.000,162400,6.480,210800,6.470,100000,6.460,100200,6.450,165300,6.440,421500,6.490,853500,6.500,727200,6.510,1431
2026-05-20 21:06:17 I 44228 D:\home\apps\api\utils\stock_api.py:65 (get_stock_info)	| [SinaAPI] Request: http://hq.sinajs.cn/list=sh600121, Status: 200
2026-05-20 21:06:17 I 44228 D:\home\apps\api\utils\stock_api.py:66 (get_stock_info)	| [SinaAPI] Response content: var hq_str_sh600121="郑州煤电,4.390,4.390,4.190,4.420,4.160,4.180,4.190,59240640,251579875.000,452500,4.180,415300,4.170,445100,4.160,692700,4.150,71600,4.140,209800,4.190,328200,4.200,94800,4.210,65400,4
2026-05-20 21:06:17 I 44228 D:\home\apps\api\utils\stock_api.py:65 (get_stock_info)	| [SinaAPI] Request: http://hq.sinajs.cn/list=sh600116, Status: 200
2026-05-20 21:06:17 I 44228 D:\home\apps\api\utils\stock_api.py:66 (get_stock_info)	| [SinaAPI] Response content: var hq_str_sh600116="三峡水利,6.930,6.970,6.610,6.930,6.580,6.610,6.620,48712500,325428257.000,158200,6.610,219000,6.600,253900,6.590,632500,6.580,120800,6.570,48000,6.620,91600,6.630,104700,6.640,57300,6
2026-05-20 21:06:17 I 44228 D:\home\apps\api\utils\stock_api.py:65 (get_stock_info)	| [SinaAPI] Request: http://hq.sinajs.cn/list=sh600111, Status: 200
2026-05-20 21:06:17 I 44228 D:\home\apps\api\utils\stock_api.py:66 (get_stock_info)	| [SinaAPI] Response content: var hq_str_sh600111="北方稀土,50.000,50.250,51.890,52.690,49.270,51.880,51.890,146597783,7475752010.000,105400,51.880,50500,51.870,44200,51.860,44900,51.850,6600,51.840,147200,51.890,198500,51.900,51100,5
2026-05-20 21:06:17 I 44228 D:\home\apps\api\utils\stock_api.py:65 (get_stock_info)	| [SinaAPI] Request: http://hq.sinajs.cn/list=sh600082, Status: 200
2026-05-20 21:06:17 I 44228 D:\home\apps\api\utils\stock_api.py:66 (get_stock_info)	| [SinaAPI] Response content: var hq_str_sh600082="ST海泰,3.830,3.860,3.780,3.870,3.680,3.770,3.780,14091955,53243663.000,44000,3.770,43600,3.760,45800,3.750,122100,3.740,66000,3.730,47100,3.780,18000,3.790,69200,3.800,47500,3.810,2
2026-05-20 21:06:17 I 44228 D:\home\apps\api\utils\stock_api.py:65 (get_stock_info)	| [SinaAPI] Request: http://hq.sinajs.cn/list=sh600081, Status: 200
2026-05-20 21:06:17 I 44228 D:\home\apps\api\utils\stock_api.py:66 (get_stock_info)	| [SinaAPI] Response content: var hq_str_sh600081="东风科技,12.520,12.410,12.110,12.520,11.980,12.110,12.140,10195433,123677381.000,25210,12.110,87200,12.100,9300,12.090,13000,12.080,31400,12.070,8700,12.140,3200,12.150,1800,12.160,68
2026-05-20 21:06:17 I 44228 D:\home\apps\api\utils\stock_api.py:65 (get_stock_info)	| [SinaAPI] Request: http://hq.sinajs.cn/list=sh600031, Status: 200
2026-05-20 21:06:17 I 44228 D:\home\apps\api\utils\stock_api.py:66 (get_stock_info)	| [SinaAPI] Response content: var hq_str_sh600031="三一重工,19.320,19.310,19.400,19.710,18.990,19.400,19.410,71977912,1389019536.000,93021,19.400,32300,19.390,66500,19.380,69800,19.370,68265,19.360,29500,19.410,35600,19.420,101000,19.
2026-05-20 21:06:17 I 44228 D:\home\apps\api\utils\stock_api.py:65 (get_stock_info)	| [SinaAPI] Request: http://hq.sinajs.cn/list=sz002441, Status: 200
2026-05-20 21:06:17 I 44228 D:\home\apps\api\utils\stock_api.py:66 (get_stock_info)	| [SinaAPI] Response content: var hq_str_sz002441="众业达,10.510,10.570,10.380,10.540,10.240,10.370,10.380,7777700,80480807.000,3400,10.370,5000,10.360,13700,10.350,6500,10.340,14800,10.330,6600,10.380,23200,10.390,31800,10.400,23300
2026-05-20 21:06:17 I 44228 D:\home\apps\api\utils\stock_api.py:65 (get_stock_info)	| [SinaAPI] Request: http://hq.sinajs.cn/list=sz002424, Status: 200
2026-05-20 21:06:17 I 44228 D:\home\apps\api\utils\stock_api.py:66 (get_stock_info)	| [SinaAPI] Response content: var hq_str_sz002424="ST百灵,4.930,4.920,4.830,4.930,4.810,4.830,4.840,7689600,37298515.000,217200,4.830,55200,4.820,118200,4.810,150700,4.800,28800,4.790,68900,4.840,133900,4.850,113400,4.860,205000,4.8
2026-05-20 21:06:17 I 44228 D:\home\apps\api\utils\stock_api.py:65 (get_stock_info)	| [SinaAPI] Request: http://hq.sinajs.cn/list=sz002408, Status: 200
2026-05-20 21:06:17 I 44228 D:\home\apps\api\utils\stock_api.py:66 (get_stock_info)	| [SinaAPI] Response content: var hq_str_sz002408="齐翔腾达,5.780,5.730,5.670,5.800,5.600,5.670,5.680,26571526,150957709.720,70200,5.670,402020,5.660,194100,5.650,32900,5.640,135000,5.630,63800,5.680,238500,5.690,490200,5.700,114700,5
2026-05-20 21:06:18 I 44228 D:\home\apps\api\utils\stock_api.py:65 (get_stock_info)	| [SinaAPI] Request: http://hq.sinajs.cn/list=sz002400, Status: 200
2026-05-20 21:06:18 I 44228 D:\home\apps\api\utils\stock_api.py:66 (get_stock_info)	| [SinaAPI] Response content: var hq_str_sz002400="省广集团,9.000,9.090,8.670,9.010,8.560,8.670,8.680,116192058,1012399885.950,170300,8.670,324600,8.660,358200,8.650,239800,8.640,140800,8.630,343300,8.680,277367,8.690,292300,8.700,585
2026-05-20 21:06:18 I 44228 D:\home\apps\api\utils\stock_api.py:65 (get_stock_info)	| [SinaAPI] Request: http://hq.sinajs.cn/list=sz002390, Status: 200
2026-05-20 21:06:18 I 44228 D:\home\apps\api\utils\stock_api.py:66 (get_stock_info)	| [SinaAPI] Response content: var hq_str_sz002390="信邦制药,3.220,3.220,3.160,3.220,3.130,3.160,3.170,23045500,72628564.000,323300,3.160,541900,3.150,622400,3.140,477700,3.130,431100,3.120,253400,3.170,446200,3.180,169800,3.190,121500
2026-05-20 21:06:18 I 44228 D:\home\apps\api\utils\stock_api.py:65 (get_stock_info)	| [SinaAPI] Request: http://hq.sinajs.cn/list=sz002378, Status: 200
2026-05-20 21:06:18 I 44228 D:\home\apps\api\utils\stock_api.py:66 (get_stock_info)	| [SinaAPI] Response content: var hq_str_sz002378="章源钨业,28.010,28.320,28.260,28.690,27.200,28.250,28.260,45047185,1254625894.630,53200,28.250,10900,28.240,21900,28.230,12400,28.220,2300,28.210,15100,28.260,30890,28.270,28300,28.28
2026-05-20 21:06:18 I 44228 D:\home\apps\api\utils\stock_api.py:65 (get_stock_info)	| [SinaAPI] Request: http://hq.sinajs.cn/list=sz002374, Status: 200
2026-05-20 21:06:18 I 44228 D:\home\apps\api\utils\stock_api.py:66 (get_stock_info)	| [SinaAPI] Response content: var hq_str_sz002374="中锐股份,3.800,3.810,3.780,3.860,3.710,3.770,3.780,82050699,310622983.040,270000,3.770,568400,3.760,289600,3.750,347500,3.740,212500,3.730,89300,3.780,101700,3.790,383200,3.800,178800
2026-05-20 21:06:18 I 44228 D:\home\apps\api\utils\stock_api.py:65 (get_stock_info)	| [SinaAPI] Request: http://hq.sinajs.cn/list=sz002372, Status: 200
2026-05-20 21:06:18 I 44228 D:\home\apps\api\utils\stock_api.py:66 (get_stock_info)	| [SinaAPI] Response content: var hq_str_sz002372="伟星新材,10.120,10.170,10.040,10.140,9.990,10.040,10.050,6906666,69309505.120,103300,10.040,42300,10.030,56276,10.020,101200,10.010,206400,10.000,8600,10.050,29900,10.060,102200,10.07
2026-05-20 21:06:18 I 44228 D:\home\apps\api\utils\stock_api.py:65 (get_stock_info)	| [SinaAPI] Request: http://hq.sinajs.cn/list=sz002357, Status: 200
2026-05-20 21:06:18 I 44228 D:\home\apps\api\utils\stock_api.py:66 (get_stock_info)	| [SinaAPI] Response content: var hq_str_sz002357="富临运业,11.160,11.160,11.180,11.290,10.890,11.170,11.180,7943799,88046432.840,4600,11.170,10800,11.160,25400,11.150,6800,11.140,14500,11.130,30200,11.180,5100,11.190,37400,11.200,110
2026-05-20 21:06:18 I 44228 D:\home\apps\api\utils\stock_api.py:65 (get_stock_info)	| [SinaAPI] Request: http://hq.sinajs.cn/list=sz002330, Status: 200
2026-05-20 21:06:18 I 44228 D:\home\apps\api\utils\stock_api.py:66 (get_stock_info)	| [SinaAPI] Response content: var hq_str_sz002330="得利斯,4.520,4.500,4.430,4.520,4.400,4.430,4.440,9965703,44153992.250,7000,4.430,102400,4.420,18600,4.410,441400,4.400,85100,4.390,77000,4.440,47200,4.450,36600,4.460,32100,4.470,477
2026-05-20 21:06:18 I 44228 D:\home\apps\api\utils\stock_api.py:65 (get_stock_info)	| [SinaAPI] Request: http://hq.sinajs.cn/list=sz002303, Status: 200
2026-05-20 21:06:18 I 44228 D:\home\apps\api\utils\stock_api.py:66 (get_stock_info)	| [SinaAPI] Response content: var hq_str_sz002303="美盈森,3.540,3.560,3.500,3.540,3.470,3.490,3.500,13572500,47520547.000,128900,3.490,95200,3.480,501800,3.470,285900,3.460,48100,3.450,132200,3.500,296700,3.510,206700,3.520,285100,3.
2026-05-20 21:06:18 I 44228 D:\home\apps\api\utils\stock_api.py:65 (get_stock_info)	| [SinaAPI] Request: http://hq.sinajs.cn/list=sz002282, Status: 200
2026-05-20 21:06:18 I 44228 D:\home\apps\api\utils\stock_api.py:66 (get_stock_info)	| [SinaAPI] Response content: var hq_str_sz002282="博深股份,6.610,6.610,6.570,6.620,6.500,6.560,6.570,3730400,24429891.000,9700,6.560,4800,6.550,1900,6.540,13800,6.530,70800,6.520,81600,6.570,29700,6.580,16600,6.590,11500,6.600,36100,
2026-05-20 21:06:18 I 44228 D:\home\apps\api\utils\stock_api.py:65 (get_stock_info)	| [SinaAPI] Request: http://hq.sinajs.cn/list=sz002275, Status: 200
2026-05-20 21:06:18 I 44228 D:\home\apps\api\utils\stock_api.py:66 (get_stock_info)	| [SinaAPI] Response content: var hq_str_sz002275="桂林三金,13.890,13.890,13.760,13.890,13.730,13.760,13.790,1374800,18950279.000,7400,13.760,14300,13.750,2000,13.740,13400,13.730,3800,13.720,300,13.790,900,13.800,900,13.810,3400,13.8
2026-05-20 21:06:18 I 44228 D:\home\apps\api\utils\stock_api.py:65 (get_stock_info)	| [SinaAPI] Request: http://hq.sinajs.cn/list=sz002264, Status: 200
2026-05-20 21:06:18 I 44228 D:\home\apps\api\utils\stock_api.py:66 (get_stock_info)	| [SinaAPI] Response content: var hq_str_sz002264="新 华 都,7.550,7.600,7.310,7.560,7.250,7.300,7.310,18777400,137859631.000,3900,7.300,10000,7.290,81100,7.280,4300,7.270,26100,7.260,25900,7.310,28900,7.320,58700,7.330,43200,7.340,11
2026-05-20 21:06:18 I 44228 D:\home\apps\api\utils\stock_api.py:65 (get_stock_info)	| [SinaAPI] Request: http://hq.sinajs.cn/list=sz002175, Status: 200
2026-05-20 21:06:18 I 44228 D:\home\apps\api\utils\stock_api.py:66 (get_stock_info)	| [SinaAPI] Response content: var hq_str_sz002175="*ST东智,2.620,2.680,2.550,2.780,2.550,0.000,2.550,120841900,319558090.530,0,0.000,0,0.000,0,0.000,0,0.000,0,0.000,587660,2.550,260300,2.560,191580,2.570,64600,2.580,77100,2.590,2026
2026-05-20 21:06:18 I 44228 D:\home\apps\api\utils\stock_api.py:65 (get_stock_info)	| [SinaAPI] Request: http://hq.sinajs.cn/list=sz002174, Status: 200
2026-05-20 21:06:18 I 44228 D:\home\apps\api\utils\stock_api.py:66 (get_stock_info)	| [SinaAPI] Response content: var hq_str_sz002174="游族网络,11.610,11.800,11.710,11.810,11.450,11.700,11.710,38050595,443879610.100,99700,11.700,8500,11.690,11400,11.680,24600,11.670,72200,11.660,95700,11.710,93900,11.720,41700,11.730
2026-05-20 21:06:18 I 44228 D:\home\apps\api\utils\stock_api.py:65 (get_stock_info)	| [SinaAPI] Request: http://hq.sinajs.cn/list=sz002157, Status: 200
2026-05-20 21:06:18 I 44228 D:\home\apps\api\utils\stock_api.py:66 (get_stock_info)	| [SinaAPI] Response content: var hq_str_sz002157="正邦科技,3.350,3.360,3.370,3.400,3.300,3.370,3.380,190792902,640201292.360,587900,3.370,913306,3.360,1231100,3.350,1261400,3.340,1089900,3.330,4652900,3.380,2410300,3.390,2712600,3.40
2026-05-20 21:06:18 I 44228 D:\home\apps\api\utils\stock_api.py:65 (get_stock_info)	| [SinaAPI] Request: http://hq.sinajs.cn/list=sz002129, Status: 200
2026-05-20 21:06:18 I 44228 D:\home\apps\api\utils\stock_api.py:66 (get_stock_info)	| [SinaAPI] Response content: var hq_str_sz002129="TCL中环,9.840,9.810,9.620,9.880,9.560,9.610,9.620,130922094,1267659222.320,325000,9.610,304100,9.600,127300,9.590,287175,9.580,384825,9.570,207700,9.620,233525,9.630,121100,9.640,93
2026-05-20 21:06:18 I 44228 D:\home\apps\api\utils\stock_api.py:65 (get_stock_info)	| [SinaAPI] Request: http://hq.sinajs.cn/list=sz002067, Status: 200
2026-05-20 21:06:18 I 44228 D:\home\apps\api\utils\stock_api.py:66 (get_stock_info)	| [SinaAPI] Response content: var hq_str_sz002067="景兴纸业,5.200,5.280,5.090,5.210,5.000,5.090,5.100,142824765,728831747.630,729999,5.090,378496,5.080,365500,5.070,342497,5.060,439500,5.050,624918,5.100,387200,5.110,356800,5.120,2207
2026-05-20 21:06:18 I 44228 D:\home\apps\api\utils\stock_api.py:65 (get_stock_info)	| [SinaAPI] Request: http://hq.sinajs.cn/list=sz002044, Status: 200
2026-05-20 21:06:18 I 44228 D:\home\apps\api\utils\stock_api.py:66 (get_stock_info)	| [SinaAPI] Response content: var hq_str_sz002044="美年健康,6.240,6.380,6.080,6.340,6.080,6.080,6.090,280214881,1722201047.140,3354300,6.080,760800,6.070,1203900,6.060,1753500,6.050,188900,6.040,527100,6.090,587500,6.100,501045,6.110,
2026-05-20 21:06:18 I 44228 D:\home\apps\api\utils\stock_api.py:65 (get_stock_info)	| [SinaAPI] Request: http://hq.sinajs.cn/list=sz002043, Status: 200
2026-05-20 21:06:18 I 44228 D:\home\apps\api\utils\stock_api.py:66 (get_stock_info)	| [SinaAPI] Response content: var hq_str_sz002043="兔 宝 宝,13.660,13.750,13.670,13.770,13.210,13.660,13.670,12019904,161940902.920,3500,13.660,22200,13.650,2900,13.640,10500,13.630,1500,13.620,300,13.670,2800,13.680,10800,13.690,219
2026-05-20 21:06:18 I 44228 D:\home\apps\api\utils\stock_api.py:65 (get_stock_info)	| [SinaAPI] Request: http://hq.sinajs.cn/list=sz000786, Status: 200
2026-05-20 21:06:18 I 44228 D:\home\apps\api\utils\stock_api.py:66 (get_stock_info)	| [SinaAPI] Response content: var hq_str_sz000786="北新建材,24.520,24.720,24.890,24.990,24.000,24.880,24.890,19387458,472391074.100,5700,24.880,100,24.870,4000,24.860,9600,24.850,4400,24.840,700,24.890,24600,24.900,35400,24.910,15100,
2026-05-20 21:06:18 I 44228 D:\home\apps\api\utils\stock_api.py:65 (get_stock_info)	| [SinaAPI] Request: http://hq.sinajs.cn/list=sz000750, Status: 200
2026-05-20 21:06:18 I 44228 D:\home\apps\api\utils\stock_api.py:66 (get_stock_info)	| [SinaAPI] Response content: var hq_str_sz000750="国海证券,3.840,3.860,3.800,3.850,3.800,3.800,3.810,35238000,134474266.200,483295,3.800,784500,3.790,330800,3.780,139100,3.770,116100,3.760,563225,3.810,523700,3.820,843200,3.830,11805
2026-05-20 21:06:18 I 44228 D:\home\apps\api\utils\stock_api.py:65 (get_stock_info)	| [SinaAPI] Request: http://hq.sinajs.cn/list=sz000709, Status: 200
2026-05-20 21:06:18 I 44228 D:\home\apps\api\utils\stock_api.py:66 (get_stock_info)	| [SinaAPI] Response content: var hq_str_sz000709="河钢股份,2.250,2.260,2.220,2.260,2.200,2.220,2.230,100606649,223213312.540,2030000,2.220,4172400,2.210,7400856,2.200,2077200,2.190,1305000,2.180,4513300,2.230,2808162,2.240,2445425,2.
2026-05-20 21:06:18 I 44228 D:\home\apps\api\utils\stock_api.py:65 (get_stock_info)	| [SinaAPI] Request: http://hq.sinajs.cn/list=sz000166, Status: 200
2026-05-20 21:06:18 I 44228 D:\home\apps\api\utils\stock_api.py:66 (get_stock_info)	| [SinaAPI] Response content: var hq_str_sz000166="申万宏源,4.490,4.520,4.470,4.510,4.450,4.470,4.480,65256333,292424599.860,896600,4.470,1388600,4.460,1196500,4.450,750700,4.440,330000,4.430,725700,4.480,1225850,4.490,955947,4.500,82
2026-05-20 21:06:18 I 44228 D:\home\apps\api\utils\stock_api.py:65 (get_stock_info)	| [SinaAPI] Request: http://hq.sinajs.cn/list=sz000069, Status: 200
2026-05-20 21:06:18 I 44228 D:\home\apps\api\utils\stock_api.py:66 (get_stock_info)	| [SinaAPI] Response content: var hq_str_sz000069="华侨城Ａ,2.080,2.080,2.030,2.080,2.000,2.020,2.030,43276576,87894013.520,1973524,2.020,1912400,2.010,2469700,2.000,1003700,1.990,1098200,1.980,170867,2.030,1595066,2.040,979100,2.050,
2026-05-20 21:09:54 E 9088 D:\home\apps\api\app\core\error.py:40 (validation_exception_handler)	| 请求验证异常: 1 validation error:
  {'type': 'string_pattern_mismatch', 'loc': ('query', 'period'), 'msg': "String should match pattern '^(24h|7d|30d)$'", 'input': 'custom', 'ctx': {'pattern': '^(24h|7d|30d)$'}}

  File "D:\home\apps\api\routers\news_selection.py", line 43, in get_news_stocks
    GET /news-selection/stocks
2026-05-20 21:10:04 E 9088 D:\home\apps\api\app\core\error.py:40 (validation_exception_handler)	| 请求验证异常: 1 validation error:
  {'type': 'string_pattern_mismatch', 'loc': ('query', 'period'), 'msg': "String should match pattern '^(24h|7d|30d)$'", 'input': 'custom', 'ctx': {'pattern': '^(24h|7d|30d)$'}}

  File "D:\home\apps\api\routers\news_selection.py", line 43, in get_news_stocks
    GET /news-selection/stocks
2026-05-20 21:10:14 E 9088 D:\home\apps\api\app\core\error.py:40 (validation_exception_handler)	| 请求验证异常: 1 validation error:
  {'type': 'string_pattern_mismatch', 'loc': ('query', 'period'), 'msg': "String should match pattern '^(24h|7d|30d)$'", 'input': 'custom', 'ctx': {'pattern': '^(24h|7d|30d)$'}}

  File "D:\home\apps\api\routers\news_selection.py", line 43, in get_news_stocks
    GET /news-selection/stocks
2026-05-20 21:10:22 E 9088 D:\home\apps\api\app\core\error.py:40 (validation_exception_handler)	| 请求验证异常: 1 validation error:
  {'type': 'string_pattern_mismatch', 'loc': ('query', 'period'), 'msg': "String should match pattern '^(24h|7d|30d)$'", 'input': 'custom', 'ctx': {'pattern': '^(24h|7d|30d)$'}}

  File "D:\home\apps\api\routers\news_selection.py", line 43, in get_news_stocks
    GET /news-selection/stocks
2026-05-20 21:10:24 E 9088 D:\home\apps\api\app\core\error.py:40 (validation_exception_handler)	| 请求验证异常: 1 validation error:
  {'type': 'string_pattern_mismatch', 'loc': ('query', 'period'), 'msg': "String should match pattern '^(24h|7d|30d)$'", 'input': 'custom', 'ctx': {'pattern': '^(24h|7d|30d)$'}}

  File "D:\home\apps\api\routers\news_selection.py", line 43, in get_news_stocks
    GET /news-selection/stocks
2026-05-20 21:10:26 E 9088 D:\home\apps\api\app\core\error.py:40 (validation_exception_handler)	| 请求验证异常: 1 validation error:
  {'type': 'string_pattern_mismatch', 'loc': ('query', 'period'), 'msg': "String should match pattern '^(24h|7d|30d)$'", 'input': 'custom', 'ctx': {'pattern': '^(24h|7d|30d)$'}}

  File "D:\home\apps\api\routers\news_selection.py", line 43, in get_news_stocks
    GET /news-selection/stocks
2026-05-20 21:10:29 E 9088 D:\home\apps\api\app\core\error.py:40 (validation_exception_handler)	| 请求验证异常: 1 validation error:
  {'type': 'string_pattern_mismatch', 'loc': ('query', 'period'), 'msg': "String should match pattern '^(24h|7d|30d)$'", 'input': 'custom', 'ctx': {'pattern': '^(24h|7d|30d)$'}}

  File "D:\home\apps\api\routers\news_selection.py", line 43, in get_news_stocks
    GET /news-selection/stocks
2026-05-20 21:10:40 E 9088 D:\home\apps\api\app\core\error.py:40 (validation_exception_handler)	| 请求验证异常: 1 validation error:
  {'type': 'string_pattern_mismatch', 'loc': ('query', 'period'), 'msg': "String should match pattern '^(24h|7d|30d)$'", 'input': 'custom', 'ctx': {'pattern': '^(24h|7d|30d)$'}}

  File "D:\home\apps\api\routers\news_selection.py", line 43, in get_news_stocks
    GET /news-selection/stocks
